-- MySQL dump 10.13  Distrib 8.0.21, for Win64 (x86_64)
--
-- Host: localhost    Database: recruit
-- ------------------------------------------------------
-- Server version	8.0.23

/*!40101 SET @OLD_CHARACTER_SET_CLIENT=@@CHARACTER_SET_CLIENT */;
/*!40101 SET @OLD_CHARACTER_SET_RESULTS=@@CHARACTER_SET_RESULTS */;
/*!40101 SET @OLD_COLLATION_CONNECTION=@@COLLATION_CONNECTION */;
/*!50503 SET NAMES UTF8MB4 */;
/*!40103 SET @OLD_TIME_ZONE=@@TIME_ZONE */;
/*!40103 SET TIME_ZONE='+00:00' */;
/*!40014 SET @OLD_UNIQUE_CHECKS=@@UNIQUE_CHECKS, UNIQUE_CHECKS=0 */;
/*!40014 SET @OLD_FOREIGN_KEY_CHECKS=@@FOREIGN_KEY_CHECKS, FOREIGN_KEY_CHECKS=0 */;
/*!40101 SET @OLD_SQL_MODE=@@SQL_MODE, SQL_MODE='NO_AUTO_VALUE_ON_ZERO' */;
/*!40111 SET @OLD_SQL_NOTES=@@SQL_NOTES, SQL_NOTES=0 */;

--
-- Table structure for table `gen_table`
--

DROP TABLE IF EXISTS `gen_table`;
/*!40101 SET @saved_cs_client     = @@character_set_client */;
/*!50503 SET character_set_client = utf8mb4 */;
CREATE TABLE `gen_table` (
  `table_id` bigint NOT NULL AUTO_INCREMENT COMMENT '编号',
  `table_name` varchar(200) DEFAULT '' COMMENT '表名称',
  `table_comment` varchar(500) DEFAULT '' COMMENT '表描述',
  `sub_table_name` varchar(64) DEFAULT NULL COMMENT '关联子表的表名',
  `sub_table_fk_name` varchar(64) DEFAULT NULL COMMENT '子表关联的外键名',
  `class_name` varchar(100) DEFAULT '' COMMENT '实体类名称',
  `tpl_category` varchar(200) DEFAULT 'crud' COMMENT '使用的模板（crud单表操作 tree树表操作）',
  `package_name` varchar(100) DEFAULT NULL COMMENT '生成包路径',
  `module_name` varchar(30) DEFAULT NULL COMMENT '生成模块名',
  `business_name` varchar(30) DEFAULT NULL COMMENT '生成业务名',
  `function_name` varchar(50) DEFAULT NULL COMMENT '生成功能名',
  `function_author` varchar(50) DEFAULT NULL COMMENT '生成功能作者',
  `gen_type` char(1) DEFAULT '0' COMMENT '生成代码方式（0zip压缩包 1自定义路径）',
  `gen_path` varchar(200) DEFAULT '/' COMMENT '生成路径（不填默认项目路径）',
  `options` varchar(1000) DEFAULT NULL COMMENT '其它生成选项',
  `create_by` varchar(64) DEFAULT '' COMMENT '创建者',
  `create_time` datetime DEFAULT NULL COMMENT '创建时间',
  `update_by` varchar(64) DEFAULT '' COMMENT '更新者',
  `update_time` datetime DEFAULT NULL COMMENT '更新时间',
  `remark` varchar(500) DEFAULT NULL COMMENT '备注',
  PRIMARY KEY (`table_id`)
) ENGINE=InnoDB AUTO_INCREMENT=5 DEFAULT CHARSET=utf8 COMMENT='代码生成业务表';
/*!40101 SET character_set_client = @saved_cs_client */;

--
-- Dumping data for table `gen_table`
--

/*!40000 ALTER TABLE `gen_table` DISABLE KEYS */;
INSERT INTO `gen_table` VALUES (2,'recruit_lecture','讲座申请表',NULL,NULL,'RecruitLecture','crud','com.ruoyi.recruit','recruit','lecture','讲座申请','ruoyi','0','/','{\"parentMenuId\":\"2000\"}','admin','2021-05-03 09:21:58','','2021-05-03 11:00:14',NULL),(3,'sys_user','用户信息表',NULL,NULL,'SysUser','crud','com.ruoyi.system','system','user','用户信息','ruoyi','0','/','{}','admin','2021-05-04 21:23:11','','2021-05-04 21:23:30',NULL),(4,'recruit_position','招聘岗位表',NULL,NULL,'RecruitPosition','crud','com.ruoyi.system','system','position','招聘岗位','ruoyi','0','/','{}','admin','2021-05-06 19:05:52','','2021-05-06 19:06:28',NULL);
/*!40000 ALTER TABLE `gen_table` ENABLE KEYS */;

--
-- Table structure for table `gen_table_column`
--

DROP TABLE IF EXISTS `gen_table_column`;
/*!40101 SET @saved_cs_client     = @@character_set_client */;
/*!50503 SET character_set_client = utf8mb4 */;
CREATE TABLE `gen_table_column` (
  `column_id` bigint NOT NULL AUTO_INCREMENT COMMENT '编号',
  `table_id` varchar(64) DEFAULT NULL COMMENT '归属表编号',
  `column_name` varchar(200) DEFAULT NULL COMMENT '列名称',
  `column_comment` varchar(500) DEFAULT NULL COMMENT '列描述',
  `column_type` varchar(100) DEFAULT NULL COMMENT '列类型',
  `java_type` varchar(500) DEFAULT NULL COMMENT 'JAVA类型',
  `java_field` varchar(200) DEFAULT NULL COMMENT 'JAVA字段名',
  `is_pk` char(1) DEFAULT NULL COMMENT '是否主键（1是）',
  `is_increment` char(1) DEFAULT NULL COMMENT '是否自增（1是）',
  `is_required` char(1) DEFAULT NULL COMMENT '是否必填（1是）',
  `is_insert` char(1) DEFAULT NULL COMMENT '是否为插入字段（1是）',
  `is_edit` char(1) DEFAULT NULL COMMENT '是否编辑字段（1是）',
  `is_list` char(1) DEFAULT NULL COMMENT '是否列表字段（1是）',
  `is_query` char(1) DEFAULT NULL COMMENT '是否查询字段（1是）',
  `query_type` varchar(200) DEFAULT 'EQ' COMMENT '查询方式（等于、不等于、大于、小于、范围）',
  `html_type` varchar(200) DEFAULT NULL COMMENT '显示类型（文本框、文本域、下拉框、复选框、单选框、日期控件）',
  `dict_type` varchar(200) DEFAULT '' COMMENT '字典类型',
  `sort` int DEFAULT NULL COMMENT '排序',
  `create_by` varchar(64) DEFAULT '' COMMENT '创建者',
  `create_time` datetime DEFAULT NULL COMMENT '创建时间',
  `update_by` varchar(64) DEFAULT '' COMMENT '更新者',
  `update_time` datetime DEFAULT NULL COMMENT '更新时间',
  PRIMARY KEY (`column_id`)
) ENGINE=InnoDB AUTO_INCREMENT=55 DEFAULT CHARSET=utf8 COMMENT='代码生成业务表字段';
/*!40101 SET character_set_client = @saved_cs_client */;

--
-- Dumping data for table `gen_table_column`
--

/*!40000 ALTER TABLE `gen_table_column` DISABLE KEYS */;
INSERT INTO `gen_table_column` VALUES (10,'2','id',NULL,'bigint','Long','id','1','1',NULL,'1',NULL,NULL,NULL,'EQ','input','',1,'admin','2021-05-03 09:21:58','','2021-05-03 11:00:14'),(11,'2','company_name','公司名称','varchar(255)','String','companyName','0','0',NULL,'1','1','1','1','LIKE','input','',2,'admin','2021-05-03 09:21:58','','2021-05-03 11:00:14'),(12,'2','company_address','公司地址','varchar(255)','String','companyAddress','0','0',NULL,'1','1','1','1','EQ','input','',3,'admin','2021-05-03 09:21:58','','2021-05-03 11:00:14'),(13,'2','phone','联系电话','varchar(11)','String','phone','0','0',NULL,'1','1','1','1','EQ','input','',4,'admin','2021-05-03 09:21:58','','2021-05-03 11:00:14'),(14,'2','direct','方向','varchar(11)','String','direct','0','0',NULL,'1','1','1','1','EQ','input','',5,'admin','2021-05-03 09:21:58','','2021-05-03 11:00:14'),(16,'2','classroom','宣讲座地点（教室名）','varchar(255)','String','classroom','0','0',NULL,'1','1','1','1','EQ','input','',7,'admin','2021-05-03 09:21:58','','2021-05-03 11:00:14'),(17,'2','audit_state','审核状态','tinyint(1)','Integer','auditState','0','0',NULL,'1','1','1','1','EQ','select','recruit_audit_status',8,'admin','2021-05-03 09:21:58','','2021-05-03 11:00:14'),(18,'2','type','申请类型','tinyint(1)','Integer','type','0','0',NULL,'1','1','1','1','EQ','select','',9,'admin','2021-05-03 09:21:59','','2021-05-03 11:00:14'),(19,'2','description','企业描述','varchar(255)','String','description','0','0',NULL,'1','1','1','1','EQ','textarea','',4,'','2021-05-03 09:30:19','','2021-05-03 11:00:14'),(20,'2','start_time','开讲座时间','datetime','Date','startTime','0','0',NULL,'1','1','1','1','EQ','datetime','',7,'','2021-05-03 23:38:45','',NULL),(21,'3','user_id','用户ID','bigint','Long','userId','1','1',NULL,'1',NULL,NULL,NULL,'EQ','input','',1,'admin','2021-05-04 21:23:11','','2021-05-04 21:23:30'),(22,'3','dept_id','部门ID','bigint','Long','deptId','0','0',NULL,'1','1','1','1','EQ','input','',2,'admin','2021-05-04 21:23:11','','2021-05-04 21:23:30'),(23,'3','user_name','用户账号','varchar(30)','String','userName','0','0','1','1','1','1','1','LIKE','input','',3,'admin','2021-05-04 21:23:11','','2021-05-04 21:23:30'),(24,'3','nick_name','用户昵称','varchar(30)','String','nickName','0','0','1','1','1','1','1','LIKE','input','',4,'admin','2021-05-04 21:23:11','','2021-05-04 21:23:30'),(25,'3','user_type','用户类型（00系统用户）','varchar(2)','String','userType','0','0',NULL,'1','1','1','1','EQ','select','',5,'admin','2021-05-04 21:23:11','','2021-05-04 21:23:30'),(26,'3','email','用户邮箱','varchar(50)','String','email','0','0',NULL,'1','1','1','1','EQ','input','',6,'admin','2021-05-04 21:23:12','','2021-05-04 21:23:30'),(27,'3','phonenumber','手机号码','varchar(11)','String','phonenumber','0','0',NULL,'1','1','1','1','EQ','input','',7,'admin','2021-05-04 21:23:12','','2021-05-04 21:23:31'),(28,'3','sex','用户性别（0男 1女 2未知）','char(1)','String','sex','0','0',NULL,'1','1','1','1','EQ','select','sys_user_sex',8,'admin','2021-05-04 21:23:12','','2021-05-04 21:23:31'),(29,'3','avatar','头像地址','varchar(100)','String','avatar','0','0',NULL,'1','1','1','1','EQ','input','',9,'admin','2021-05-04 21:23:12','','2021-05-04 21:23:31'),(30,'3','password','密码','varchar(100)','String','password','0','0',NULL,'1','1','1','1','EQ','input','',10,'admin','2021-05-04 21:23:12','','2021-05-04 21:23:31'),(31,'3','status','帐号状态（0正常 1停用）','char(1)','String','status','0','0',NULL,'1','1','1','1','EQ','radio','',11,'admin','2021-05-04 21:23:12','','2021-05-04 21:23:31'),(32,'3','del_flag','删除标志（0代表存在 2代表删除）','char(1)','String','delFlag','0','0',NULL,'1',NULL,NULL,NULL,'EQ','input','',12,'admin','2021-05-04 21:23:12','','2021-05-04 21:23:31'),(33,'3','login_ip','最后登录IP','varchar(50)','String','loginIp','0','0',NULL,'1','1','1','1','EQ','input','',13,'admin','2021-05-04 21:23:12','','2021-05-04 21:23:31'),(34,'3','login_date','最后登录时间','datetime','Date','loginDate','0','0',NULL,'1','1','1','1','EQ','datetime','',14,'admin','2021-05-04 21:23:12','','2021-05-04 21:23:31'),(35,'3','create_by','创建者','varchar(64)','String','createBy','0','0',NULL,'1',NULL,NULL,NULL,'EQ','input','',15,'admin','2021-05-04 21:23:12','','2021-05-04 21:23:31'),(36,'3','create_time','创建时间','datetime','Date','createTime','0','0',NULL,'1',NULL,NULL,NULL,'EQ','datetime','',16,'admin','2021-05-04 21:23:12','','2021-05-04 21:23:31'),(37,'3','update_by','更新者','varchar(64)','String','updateBy','0','0',NULL,'1','1',NULL,NULL,'EQ','input','',17,'admin','2021-05-04 21:23:13','','2021-05-04 21:23:31'),(38,'3','update_time','更新时间','datetime','Date','updateTime','0','0',NULL,'1','1',NULL,NULL,'EQ','datetime','',18,'admin','2021-05-04 21:23:13','','2021-05-04 21:23:32'),(39,'3','remark','备注','varchar(500)','String','remark','0','0',NULL,'1','1','1',NULL,'EQ','textarea','',19,'admin','2021-05-04 21:23:13','','2021-05-04 21:23:32'),(40,'4','id',NULL,'bigint','Long','id','1','1',NULL,'1',NULL,NULL,NULL,'EQ','input','',1,'admin','2021-05-06 19:05:52','','2021-05-06 19:06:28'),(41,'4','name','职务名称','varchar(255)','String','name','0','0',NULL,'1','1','1','1','LIKE','input','',2,'admin','2021-05-06 19:05:52','','2021-05-06 19:06:28'),(42,'4','requirement','要求','text','String','requirement','0','0','1','1','1','1','1','EQ','input','',3,'admin','2021-05-06 19:05:52','','2021-05-06 19:06:28'),(43,'4','work_city','工作城市','varchar(50)','String','workCity','0','0','1','1','1','1','1','EQ','input','',4,'admin','2021-05-06 19:05:52','','2021-05-06 19:06:28'),(44,'4','phonenumber','联系电话','varchar(255)','String','phonenumber','0','0','1','1','1','1','1','EQ','input','',5,'admin','2021-05-06 19:05:52','','2021-05-06 19:06:28'),(45,'4','release_date','发布时间','datetime','Date','releaseDate','0','0','1','1','1','1','1','EQ','datetime','',6,'admin','2021-05-06 19:05:52','','2021-05-06 19:06:28'),(46,'4','valid_date','截止日期','datetime','Date','validDate','0','0','1','1','1','1','1','EQ','datetime','',7,'admin','2021-05-06 19:05:52','','2021-05-06 19:06:29'),(47,'4','quantity','招聘人数','int','Long','quantity','0','0','1','1','1','1','1','EQ','input','',8,'admin','2021-05-06 19:05:53','','2021-05-06 19:06:29'),(48,'4','status','状态（0是未结束1是结束）','tinyint(1)','Integer','status','0','0','1','1','1','1','1','EQ','radio','',9,'admin','2021-05-06 19:05:53','','2021-05-06 19:06:29'),(49,'4','audit_state','审核状态','tinyint(1)','Integer','auditState','0','0','1','1','1','1','1','EQ','select','recruit_audit_status',10,'admin','2021-05-06 19:05:53','','2021-05-06 19:06:29'),(50,'4','salary_up','最低薪资','int','Long','salaryUp','0','0','1','1','1','1','1','EQ','input','',11,'admin','2021-05-06 19:05:53','','2021-05-06 19:06:29'),(51,'4','salary_down','最高薪资','int','Long','salaryDown','0','0','1','1','1','1','1','EQ','input','',12,'admin','2021-05-06 19:05:53','','2021-05-06 19:06:29'),(52,'4','hot','是否热门','tinyint(1)','Integer','hot','0','0','1','1','1','1','1','EQ','input','',13,'admin','2021-05-06 19:05:53','','2021-05-06 19:06:29'),(53,'4','company_id','公司ID','bigint','Long','companyId','0','0','1','1','1','1','1','EQ','input','',14,'admin','2021-05-06 19:05:53','','2021-05-06 19:06:29'),(54,'4','category_id','分类ID','bigint','Long','categoryId','0','0','1','1','1','1','1','EQ','input','',15,'admin','2021-05-06 19:05:53','','2021-05-06 19:06:29');
/*!40000 ALTER TABLE `gen_table_column` ENABLE KEYS */;

--
-- Table structure for table `position`
--

DROP TABLE IF EXISTS `position`;
/*!40101 SET @saved_cs_client     = @@character_set_client */;
/*!50503 SET character_set_client = utf8mb4 */;
CREATE TABLE `position` (
  `positionId` int NOT NULL AUTO_INCREMENT,
  `title` varchar(50) CHARACTER SET utf8 COLLATE utf8_general_ci DEFAULT NULL,
  `requirement` longtext CHARACTER SET utf8 COLLATE utf8_general_ci,
  `quantity` int DEFAULT NULL,
  `workCity` varchar(50) CHARACTER SET utf8 COLLATE utf8_general_ci DEFAULT NULL,
  `salaryUp` int DEFAULT NULL,
  `salaryDown` int DEFAULT NULL,
  `releaseDate` date DEFAULT NULL,
  `validDate` date DEFAULT NULL,
  `statePub` int DEFAULT NULL,
  `hits` int DEFAULT '0',
  `categoryId` int NOT NULL,
  `departmentId` int NOT NULL,
  `hrIdPub` int NOT NULL,
  PRIMARY KEY (`positionId`) USING BTREE
) ENGINE=InnoDB AUTO_INCREMENT=1015 DEFAULT CHARSET=utf8 ROW_FORMAT=COMPACT;
/*!40101 SET character_set_client = @saved_cs_client */;

--
-- Dumping data for table `position`
--

/*!40000 ALTER TABLE `position` DISABLE KEYS */;
INSERT INTO `position` VALUES (1,'Java工程师','熟练使用RPC框架，具备相关的分布式开发经验',3,'北京市',12000,7000,'2024-10-27',NULL,1,142,1,1,1),(2,'Java工程师','接收应届实习生，实习期满应聘上岗接收应届实习生，实习期满应聘上岗收应届实习生，实习期满应聘上岗',5,'上海市',16000,11000,'2024-11-07',NULL,1,122,1,4,2),(3,'Java工程师','有扎实的java基础，熟悉分布式、缓存、异步消息等原理和应用',15,'天津市',13000,10000,'2024-09-30',NULL,1,3,1,7,3),(4,'Java工程师','JAVA WEB方向2年+经验',2,'南京市',16000,12000,'2024-09-25',NULL,1,25,1,10,4),(5,'C++工程师','可接收计算机相关专业应届生，表现优秀者加薪转正',30,'南京市',8000,5000,'2024-10-16',NULL,1,13,2,10,4),(6,'C++工程师','3-5年工作经验，计算机相关专业毕业',1,'上海市',16000,8000,'2024-11-03',NULL,1,4,2,4,2),(7,'PHP工程师','一年以上PHP开发经验 （项目经验丰富的，也可以升级为高级开发工程师）',10,'上海市',11000,8000,'2024-11-10',NULL,1,84,3,4,2),(8,'PHP工程师','熟悉LNMP/WNMP开发环境 , 熟练使用Yaf, Yii, ThinkPHP等一种或多种框架',5,'上海市',12000,7000,'2024-11-01',NULL,1,1,3,4,2),(9,'.NET工程师','熟悉WinForm/WPF窗体开发并有实际项目经验',2,'北京市',13000,11000,'2024-11-02',NULL,1,11,4,1,1),(10,'Python数据分析','熟练使用Linux，可以快速上手编写shell、powershell、cmd等操作系统脚本',2,'北京市',23000,18000,'2024-10-09',NULL,1,46,5,1,1),(11,'Python开发','4年以上互联网产品后台研发经验，2年以上后台构架经验',2,'北京市',22000,18000,'2024-09-23',NULL,1,0,5,1,1),(12,'Python开发','精通Python，2年或以上Python项目经验',3,'天津市',16000,14000,'2024-07-27',NULL,1,36,5,7,3),(13,'数据挖掘工程师','熟悉 Linux平台上的编程环境，精通Java开发，精通 Python/Shell等脚本语言',12,'天津市',22000,15000,'2024-11-05',NULL,1,4,6,7,3),(14,'数据挖掘工程师','熟悉Hadoop、Hive、Spark、流式计算、实时计算等大数据相关技术者优先，熟悉时序挖掘、文本挖掘、网络挖掘等优先',2,'北京市',32000,28000,'2024-11-06',NULL,1,28,6,1,1),(15,'数据挖掘工程师','精通Python，熟悉PHP/GO/Java/C++/C等语言中的一种或几种',2,'杭州市',26000,14000,'2024-11-08',NULL,1,20,6,13,5),(16,'Java工程师','熟悉Spring、Freemark、Struts、Hibernate 等开源框架',13,'杭州市',18000,15000,'2024-11-11',NULL,1,10,1,17,6),(17,'Java后端开发','熟练使用Mybatis，SpringMVC，SpringCloud等框架',5,'杭州市',21000,18000,'2024-10-23',NULL,1,3,1,13,5),(18,'C++后端开发','熟练linux系统操作，熟练gcc,gdb,vim, eclipse等开发工具',5,'北京市',12000,9000,'2024-10-28',NULL,1,0,2,1,1),(19,'java研发工程师（中国联通网络AI中心）','熟悉Java常用开发框架,良好的编程能力,掌握数据库技术',7,'南京',30000,6000,'2020-01-01',NULL,1,26,1,16,8),(20,'Senior Java Developer (职位编号：007284)','熟悉Java常用开发框架,良好的编程能力,掌握数据库技术',0,'上海',20000,6000,'2020-01-01',NULL,1,142,1,1,9),(21,'高级开发工程师（Java)','熟悉Java常用开发框架,良好的编程能力,掌握数据库技术',5,'广州',30000,6000,'2020-01-01',NULL,1,23,1,2,10),(22,'盒马-Java技术专家-技术研发 (MJ001170)','熟悉Java常用开发框架,良好的编程能力,掌握数据库技术',7,'上海',20000,5000,'2020-01-01',NULL,1,50,1,13,11),(23,'高级Java开发工程师','熟悉Java常用开发框架,良好的编程能力,掌握数据库技术',5,'北京',11000,9000,'2020-01-01',NULL,1,51,1,10,12),(24,'IT Java工程师 （可考虑优秀2020届毕业生）','熟悉Java常用开发框架,良好的编程能力,掌握数据库技术',3,'上海',30000,8000,'2020-01-01',NULL,1,24,1,9,13),(25,'高级Java软件工程师','熟悉Java常用开发框架,良好的编程能力,掌握数据库技术',9,'北京',23000,5000,'2020-01-01',NULL,1,93,1,0,14),(26,'Java开发工程师（上海）','熟悉Java常用开发框架,良好的编程能力,掌握数据库技术',10,'上海',11000,7000,'2020-01-01',NULL,1,140,1,10,15),(27,'Java高级开发工程师','熟悉Java常用开发框架,良好的编程能力,掌握数据库技术',1,'武汉',20000,9000,'2020-01-01',NULL,1,46,1,5,16),(28,'Java软件测试（双休）','熟悉Java常用开发框架,良好的编程能力,掌握数据库技术',13,'武汉',11000,7000,'2020-01-01',NULL,1,79,1,20,17),(29,'对日Java开发工程师','熟悉Java常用开发框架,良好的编程能力,掌握数据库技术',15,'无锡',11000,8000,'2020-01-01',NULL,1,133,1,4,18),(30,'高级Java架构师（算法工程化）(J12115)','熟悉Java常用开发框架,良好的编程能力,掌握数据库技术',7,'上海',20000,8000,'2020-01-01',NULL,1,118,1,10,19),(31,'Java开发工程师','熟悉Java常用开发框架,良好的编程能力,掌握数据库技术',6,'苏州',15000,8000,'2020-01-01',NULL,1,71,1,11,20),(32,'Java中级开发工程师','熟悉Java常用开发框架,良好的编程能力,掌握数据库技术',14,'上海',16000,8000,'2020-01-01',NULL,1,29,1,9,21),(33,'项目主管(java)','熟悉Java常用开发框架,良好的编程能力,掌握数据库技术',1,'杭州',20000,5000,'2020-01-01',NULL,1,35,1,2,22),(34,'移动端开发实习生（java/android）+高薪双休','熟悉Java常用开发框架,良好的编程能力,掌握数据库技术',15,'大连',15000,7000,'2020-01-01',NULL,1,84,1,13,23),(35,'Java高级开发工程师','熟悉Java常用开发框架,良好的编程能力,掌握数据库技术',0,'上海',15000,8000,'2020-01-01',NULL,1,117,1,18,24),(36,'Java开发（西城区）','熟悉Java常用开发框架,良好的编程能力,掌握数据库技术',11,'北京',16000,9000,'2020-01-01',NULL,1,78,1,5,25),(37,'高级Java工程师','熟悉Java常用开发框架,良好的编程能力,掌握数据库技术',14,'杭州',16000,5000,'2020-01-01',NULL,1,18,1,3,26),(38,'JAVA软件开发工程师','熟悉Java常用开发框架,良好的编程能力,掌握数据库技术',5,'上海',23000,8000,'2020-01-01',NULL,1,55,1,13,27),(39,'Java开发工程师','熟悉Java常用开发框架,良好的编程能力,掌握数据库技术',5,'福州',11000,5000,'2020-01-01',NULL,1,43,1,9,28),(40,'Java高级开发工程师（大数据方向）','熟悉Java常用开发框架,良好的编程能力,掌握数据库技术',13,'成都',11000,6000,'2020-01-01',NULL,1,94,1,15,29),(41,'Java开发工程师.','熟悉Java常用开发框架,良好的编程能力,掌握数据库技术',12,'北京',15000,7000,'2020-01-01',NULL,1,91,1,15,30),(42,'Java开发工程师','熟悉Java常用开发框架,良好的编程能力,掌握数据库技术',15,'上海',16000,9000,'2020-01-01',NULL,1,130,1,20,31),(43,'Java开发实习生','熟悉Java常用开发框架,良好的编程能力,掌握数据库技术',1,'成都',20000,8000,'2020-01-01',NULL,1,103,1,12,32),(44,'java开发工程师（银行驻场）(J10710)','熟悉Java常用开发框架,良好的编程能力,掌握数据库技术',1,'上海',23000,9000,'2020-01-01',NULL,1,22,1,12,33),(45,'Java开发工程师','熟悉Java常用开发框架,良好的编程能力,掌握数据库技术',4,'广州',16000,9000,'2020-01-01',NULL,1,85,1,1,34),(46,'Java开发工程师','熟悉Java常用开发框架,良好的编程能力,掌握数据库技术',6,'杭州',15000,9000,'2020-01-01',NULL,1,64,1,0,35),(47,'游戏服务端高级Java开发工程师','熟悉Java常用开发框架,良好的编程能力,掌握数据库技术',2,'广州',16000,9000,'2020-01-01',NULL,1,58,1,9,36),(48,'JAVA软件工程师','熟悉Java常用开发框架,良好的编程能力,掌握数据库技术',7,'广州',15000,5000,'2020-01-01',NULL,1,0,1,9,37),(49,'Java开发工程师','熟悉Java常用开发框架,良好的编程能力,掌握数据库技术',13,'郑州',16000,9000,'2020-01-01',NULL,1,0,1,5,38),(50,'Java开发工程师.','熟悉Java常用开发框架,良好的编程能力,掌握数据库技术',5,'昆明',11000,8000,'2020-01-01',NULL,1,85,1,15,39),(51,'Java开发工程师','熟悉Java常用开发框架,良好的编程能力,掌握数据库技术',4,'郑州',21000,5000,'2020-01-01',NULL,1,34,1,3,40),(52,'Java开发工程师','熟悉Java常用开发框架,良好的编程能力,掌握数据库技术',13,'宁波',15000,8000,'2020-01-01',NULL,1,30,1,20,41),(53,'JAVA高级软件开发工程师','熟悉Java常用开发框架,良好的编程能力,掌握数据库技术',12,'广州',30000,8000,'2020-01-01',NULL,1,58,1,3,42),(54,'JAVA 工程师','熟悉Java常用开发框架,良好的编程能力,掌握数据库技术',15,'上海',15000,5000,'2020-01-01',NULL,1,52,1,8,43),(55,'Java开发工程师','熟悉Java常用开发框架,良好的编程能力,掌握数据库技术',12,'成都',16000,8000,'2020-01-01',NULL,1,97,1,12,44),(56,'Java开发工程师 (一年合同期）','熟悉Java常用开发框架,良好的编程能力,掌握数据库技术',12,'广州',20000,8000,'2020-01-01',NULL,1,12,1,11,45),(57,'Java服务端开发工程师','熟悉Java常用开发框架,良好的编程能力,掌握数据库技术',15,'广州',15000,5000,'2020-01-01',NULL,1,10,1,18,46),(58,'资深JAVA软件工程师','熟悉Java常用开发框架,良好的编程能力,掌握数据库技术',10,'上海',15000,8000,'2020-01-01',NULL,1,69,1,13,47),(59,'Java开发工程师 (职位编号：002)','熟悉Java常用开发框架,良好的编程能力,掌握数据库技术',14,'福州',20000,8000,'2020-01-01',NULL,1,54,1,3,48),(60,'Java高级开发工程师（双休，六险一金）','熟悉Java常用开发框架,良好的编程能力,掌握数据库技术',12,'西安',23000,9000,'2020-01-01',NULL,1,85,1,18,49),(61,'Java高级开发工程师','熟悉Java常用开发框架,良好的编程能力,掌握数据库技术',4,'南京',16000,7000,'2020-01-01',NULL,1,35,1,4,50),(62,'Java开发工程师','熟悉Java常用开发框架,良好的编程能力,掌握数据库技术',11,'株洲',30000,8000,'2020-01-01',NULL,1,69,1,20,51),(63,'Java开发工程师-初级','熟悉Java常用开发框架,良好的编程能力,掌握数据库技术',2,'成都',20000,5000,'2020-01-01',NULL,1,56,1,19,52),(64,'Java开发工程师（2020届应届生）','熟悉Java常用开发框架,良好的编程能力,掌握数据库技术',10,'合肥',11000,6000,'2020-01-01',NULL,1,136,1,17,53),(65,'Java、小程序开发工程师','熟悉Java常用开发框架,良好的编程能力,掌握数据库技术',2,'深圳',16000,7000,'2020-01-01',NULL,1,13,1,7,54),(66,'Java开发工程师','熟悉Java常用开发框架,良好的编程能力,掌握数据库技术',9,'西安',15000,9000,'2020-01-01',NULL,1,75,1,7,55),(67,'Java初级开发工程师-双休','熟悉Java常用开发框架,良好的编程能力,掌握数据库技术',2,'成都',23000,5000,'2020-01-01',NULL,1,121,1,16,56),(68,'Java开发工程师','熟悉Java常用开发框架,良好的编程能力,掌握数据库技术',13,'上海',11000,9000,'2020-01-01',NULL,1,57,1,12,57),(69,'JAVA高级软件开发工程师 (职位编号：002)','熟悉Java常用开发框架,良好的编程能力,掌握数据库技术',5,'南京',11000,9000,'2020-01-01',NULL,1,39,1,12,58),(70,'中级Java开发工程师','熟悉Java常用开发框架,良好的编程能力,掌握数据库技术',0,'上海',21000,5000,'2020-01-01',NULL,1,119,1,0,59),(71,'Java中级开发工程师','熟悉Java常用开发框架,良好的编程能力,掌握数据库技术',8,'广州',23000,8000,'2020-01-01',NULL,1,86,1,6,60),(72,'Java初级开发工程师','熟悉Java常用开发框架,良好的编程能力,掌握数据库技术',6,'杭州',20000,5000,'2020-01-01',NULL,1,106,1,0,61),(73,'Java中高级开发工程师','熟悉Java常用开发框架,良好的编程能力,掌握数据库技术',5,'上海',20000,5000,'2020-01-01',NULL,1,79,1,19,62),(74,'Java高级开发工程师（运满满）','熟悉Java常用开发框架,良好的编程能力,掌握数据库技术',2,'南京',11000,6000,'2020-01-01',NULL,1,27,1,0,63),(75,'Java高级开发工程师','熟悉Java常用开发框架,良好的编程能力,掌握数据库技术',10,'杭州',23000,7000,'2020-01-01',NULL,1,48,1,12,64),(76,'Java游戏服务器工程师','熟悉Java常用开发框架,良好的编程能力,掌握数据库技术',4,'广州',20000,7000,'2020-01-01',NULL,1,19,1,4,65),(77,'Java开发工程师','熟悉Java常用开发框架,良好的编程能力,掌握数据库技术',4,'苏州',15000,9000,'2020-01-01',NULL,1,4,1,20,66),(78,'Java后台工程师','熟悉Java常用开发框架,良好的编程能力,掌握数据库技术',12,'深圳',23000,8000,'2020-01-01',NULL,1,108,1,4,67),(79,'Java软件工程师（Java Software Engineer）','熟悉Java常用开发框架,良好的编程能力,掌握数据库技术',0,'上海',23000,6000,'2020-01-01',NULL,1,116,1,17,68),(80,'Java开发工程师','熟悉Java常用开发框架,良好的编程能力,掌握数据库技术',7,'北京',20000,5000,'2020-01-01',NULL,1,46,1,19,69),(81,'JAVA开发架构师','熟悉Java常用开发框架,良好的编程能力,掌握数据库技术',1,'深圳',21000,7000,'2020-01-01',NULL,1,57,1,12,70),(82,'Java中级开发工程师（加班少+双休）','熟悉Java常用开发框架,良好的编程能力,掌握数据库技术',0,'广州',23000,6000,'2020-01-01',NULL,1,104,1,10,71),(83,'软件Java开发助理','熟悉Java常用开发框架,良好的编程能力,掌握数据库技术',15,'泉州',16000,5000,'2020-01-01',NULL,1,60,1,5,72),(84,'Java开发实习 人才储备（朝九晚五）','熟悉Java常用开发框架,良好的编程能力,掌握数据库技术',13,'厦门',21000,5000,'2020-01-01',NULL,1,57,1,19,73),(85,'技术主管（JAVA）','熟悉Java常用开发框架,良好的编程能力,掌握数据库技术',0,'成都',21000,7000,'2020-01-01',NULL,1,28,1,12,74),(86,'Java高级开发工程师','熟悉Java常用开发框架,良好的编程能力,掌握数据库技术',7,'深圳',16000,6000,'2020-01-01',NULL,1,91,1,8,75),(87,'Java开发工程师','熟悉Java常用开发框架,良好的编程能力,掌握数据库技术',2,'营口',16000,5000,'2020-01-01',NULL,1,82,1,18,76),(88,'Java高级开发工程师','熟悉Java常用开发框架,良好的编程能力,掌握数据库技术',10,'长沙',15000,9000,'2020-01-01',NULL,1,71,1,8,77),(89,'JAVA软件开发技术助理','熟悉Java常用开发框架,良好的编程能力,掌握数据库技术',13,'武汉',15000,7000,'2020-01-01',NULL,1,63,1,19,78),(90,'Java开发工程师','熟悉Java常用开发框架,良好的编程能力,掌握数据库技术',10,'南京',20000,7000,'2020-01-01',NULL,1,85,1,5,79),(91,'高级Java开发工程师','熟悉Java常用开发框架,良好的编程能力,掌握数据库技术',10,'深圳',21000,9000,'2020-01-01',NULL,1,22,1,17,80),(92,'java 软件开发工程师','熟悉Java常用开发框架,良好的编程能力,掌握数据库技术',2,'无锡',23000,7000,'2020-01-01',NULL,1,54,1,0,81),(93,'java开发工程师（偏数据方向），年薪7-15万','熟悉Java常用开发框架,良好的编程能力,掌握数据库技术',6,'成都',30000,6000,'2020-01-01',NULL,1,90,1,1,82),(94,'软件工程师（Java开发-应届生岗位）','熟悉Java常用开发框架,良好的编程能力,掌握数据库技术',11,'上海',11000,9000,'2020-01-01',NULL,1,74,1,3,83),(95,'Java高级开发工程师','熟悉Java常用开发框架,良好的编程能力,掌握数据库技术',3,'西安',20000,8000,'2020-01-01',NULL,1,61,1,7,84),(96,'物联网Java开发工程师','熟悉Java常用开发框架,良好的编程能力,掌握数据库技术',14,'深圳',21000,8000,'2020-01-01',NULL,1,139,1,3,85),(97,'Java高级开发工程师','熟悉Java常用开发框架,良好的编程能力,掌握数据库技术',4,'南京',11000,9000,'2020-01-01',NULL,1,82,1,8,86),(98,'java软件工程师','熟悉Java常用开发框架,良好的编程能力,掌握数据库技术',15,'无锡',23000,7000,'2020-01-01',NULL,1,7,1,15,87),(99,'JAVA开发工程师（上海）','熟悉Java常用开发框架,良好的编程能力,掌握数据库技术',5,'上海',23000,7000,'2020-01-01',NULL,1,52,1,8,88),(100,'Java中级开发工程师','熟悉Java常用开发框架,良好的编程能力,掌握数据库技术',15,'苏州',30000,5000,'2020-01-01',NULL,1,54,1,13,89),(101,'JAVA开发专员','熟悉Java常用开发框架,良好的编程能力,掌握数据库技术',13,'沈阳',11000,6000,'2020-01-01',NULL,1,87,1,11,90),(102,'JAVA开发（SaaS平台）','熟悉Java常用开发框架,良好的编程能力,掌握数据库技术',8,'上海',11000,9000,'2020-01-01',NULL,1,57,1,19,91),(103,'Java开发工程师','熟悉Java常用开发框架,良好的编程能力,掌握数据库技术',5,'广州',11000,8000,'2020-01-01',NULL,1,15,1,8,92),(104,'Java开发工程师','熟悉Java常用开发框架,良好的编程能力,掌握数据库技术',10,'沈阳',23000,9000,'2020-01-01',NULL,1,134,1,12,93),(105,'Java高级开发工程师/项目经理 (职位编号：YD20240801)','熟悉Java常用开发框架,良好的编程能力,掌握数据库技术',10,'上海',23000,5000,'2020-01-01',NULL,1,75,1,3,94),(106,'中级Java研发工程师','熟悉Java常用开发框架,良好的编程能力,掌握数据库技术',3,'南京',30000,8000,'2020-01-01',NULL,1,135,1,19,95),(107,'高级软件工程师(JAVA)','熟悉Java常用开发框架,良好的编程能力,掌握数据库技术',7,'上海',16000,8000,'2020-01-01',NULL,1,26,1,6,96),(108,'Java开发工程师','熟悉Java常用开发框架,良好的编程能力,掌握数据库技术',2,'南京',23000,7000,'2020-01-01',NULL,1,65,1,0,97),(109,'Java开发工程师','熟悉Java常用开发框架,良好的编程能力,掌握数据库技术',12,'广州',11000,5000,'2020-01-01',NULL,1,72,1,16,98),(110,'Java系统架构师','熟悉Java常用开发框架,良好的编程能力,掌握数据库技术',2,'广州',23000,8000,'2020-01-01',NULL,1,128,1,0,99),(111,'技术开发部Java开发工程师','熟悉Java常用开发框架,良好的编程能力,掌握数据库技术',11,'杭州',11000,6000,'2020-01-01',NULL,1,84,1,17,100),(112,'Java开发/Java软件工程师','熟悉Java常用开发框架,良好的编程能力,掌握数据库技术',11,'深圳',16000,6000,'2020-01-01',NULL,1,56,1,1,101),(113,'Java高级开发工程师','熟悉Java常用开发框架,良好的编程能力,掌握数据库技术',14,'无锡',21000,5000,'2020-01-01',NULL,1,139,1,12,102),(114,'Java开发工程师','熟悉Java常用开发框架,良好的编程能力,掌握数据库技术',15,'济南',23000,7000,'2020-01-01',NULL,1,54,1,3,103),(115,'Java开发高级','熟悉Java常用开发框架,良好的编程能力,掌握数据库技术',7,'上海',11000,8000,'2020-01-01',NULL,1,10,1,11,104),(116,'Java开发工程师','熟悉Java常用开发框架,良好的编程能力,掌握数据库技术',9,'北京',11000,7000,'2020-01-01',NULL,1,8,1,20,105),(117,'Java系统架构师（微服务平台）','熟悉Java常用开发框架,良好的编程能力,掌握数据库技术',11,'广州',30000,9000,'2020-01-01',NULL,1,92,1,3,106),(118,'Java开发工程师','熟悉Java常用开发框架,良好的编程能力,掌握数据库技术',1,'无锡',15000,8000,'2020-01-01',NULL,1,7,1,4,107),(119,'B2C片区运营和生鲜片区运营经理','扎实的语言基础,熟练计算机底层,操作系统等知识',14,'上海',20000,7000,'2020-01-01',NULL,1,87,2,11,108),(120,'C&B Specialist 薪酬专员','扎实的语言基础,熟练计算机底层,操作系统等知识',8,'上海',21000,8000,'2020-01-01',NULL,1,93,2,2,109),(121,'C++工程师（代发）','扎实的语言基础,熟练计算机底层,操作系统等知识',4,'广州',20000,7000,'2020-01-01',NULL,1,79,2,13,110),(122,'软件开发工程师（C/C++）','扎实的语言基础,熟练计算机底层,操作系统等知识',13,'济南',11000,6000,'2020-01-01',NULL,1,71,2,6,111),(123,'B2C Operation Director','扎实的语言基础,熟练计算机底层,操作系统等知识',0,'上海',23000,6000,'2020-01-01',NULL,1,117,2,4,112),(124,'C++ 图像算法工程师1','扎实的语言基础,熟练计算机底层,操作系统等知识',15,'深圳',16000,6000,'2020-01-01',NULL,1,125,2,4,113),(125,'电商运营（B2B2C业务）','扎实的语言基础,熟练计算机底层,操作系统等知识',0,'上海',15000,7000,'2020-01-01',NULL,1,0,2,2,114),(126,'链家销售代表+5.5k底薪+提成c','扎实的语言基础,熟练计算机底层,操作系统等知识',0,'东莞',30000,7000,'2020-01-01',NULL,1,117,2,9,115),(127,'C++开发工程师','扎实的语言基础,熟练计算机底层,操作系统等知识',14,'广州',21000,5000,'2020-01-01',NULL,1,77,2,7,116),(128,'C#开发工程师','扎实的语言基础,熟练计算机底层,操作系统等知识',7,'沈阳',16000,7000,'2020-01-01',NULL,1,36,2,19,117),(129,'c#/.net高级开发工程师','扎实的语言基础,熟练计算机底层,操作系统等知识',2,'长沙',11000,6000,'2020-01-01',NULL,1,88,2,6,118),(130,'C/C++/C#开发工程师','扎实的语言基础,熟练计算机底层,操作系统等知识',6,'南京',16000,6000,'2020-01-01',NULL,1,91,2,11,119),(131,'C4D电商视觉设计师','扎实的语言基础,熟练计算机底层,操作系统等知识',8,'深圳',15000,7000,'2020-01-01',NULL,1,74,2,18,120),(132,'销售代表/五险3金c本科底薪5500/家门口上班','扎实的语言基础,熟练计算机底层,操作系统等知识',5,'成都',23000,9000,'2020-01-01',NULL,1,93,2,6,121),(133,'游戏C++工程师','扎实的语言基础,熟练计算机底层,操作系统等知识',9,'上海',30000,6000,'2020-01-01',NULL,1,102,2,16,122),(134,'C#软件开发工程师','扎实的语言基础,熟练计算机底层,操作系统等知识',3,'广州',21000,6000,'2020-01-01',NULL,1,117,2,2,123),(135,'c++开发工程师','扎实的语言基础,熟练计算机底层,操作系统等知识',3,'南京',15000,5000,'2020-01-01',NULL,1,33,2,16,124),(136,'C++开发工程师','扎实的语言基础,熟练计算机底层,操作系统等知识',7,'广州',21000,7000,'2020-01-01',NULL,1,92,2,0,125),(137,'外贸销售（B2C）','扎实的语言基础,熟练计算机底层,操作系统等知识',13,'长沙',15000,7000,'2020-01-01',NULL,1,136,2,13,126),(138,'C++软件开发工程师 (职位编号：001)','扎实的语言基础,熟练计算机底层,操作系统等知识',9,'上海',16000,6000,'2020-01-01',NULL,1,80,2,1,127),(139,'中高级C#开发工程师（双休，五险一金）','扎实的语言基础,熟练计算机底层,操作系统等知识',8,'西安',30000,6000,'2020-01-01',NULL,1,24,2,5,128),(140,'独立站推广主管（B2C）','扎实的语言基础,熟练计算机底层,操作系统等知识',7,'深圳',16000,9000,'2020-01-01',NULL,1,30,2,3,129),(141,'C++高级开发工程师','扎实的语言基础,熟练计算机底层,操作系统等知识',14,'北京',23000,7000,'2020-01-01',NULL,1,116,2,17,130),(142,'诚聘亚马逊精品运营（3C、家居）','扎实的语言基础,熟练计算机底层,操作系统等知识',6,'深圳',30000,5000,'2020-01-01',NULL,1,40,2,16,131),(143,'C#软件开发工程师（残疾人岗位）','扎实的语言基础,熟练计算机底层,操作系统等知识',15,'上海',30000,9000,'2020-01-01',NULL,1,67,2,15,132),(144,'C/C++开发工程师','扎实的语言基础,熟练计算机底层,操作系统等知识',15,'南京',23000,9000,'2020-01-01',NULL,1,59,2,18,133),(145,'播放器c开发工程师','扎实的语言基础,熟练计算机底层,操作系统等知识',5,'上海',16000,9000,'2020-01-01',NULL,1,116,2,15,134),(146,'C房产经纪人/可签三方/无责4.5k/五险二金','扎实的语言基础,熟练计算机底层,操作系统等知识',6,'西安',15000,8000,'2020-01-01',NULL,1,95,2,18,135),(147,'C4D设计师','扎实的语言基础,熟练计算机底层,操作系统等知识',3,'杭州',11000,9000,'2020-01-01',NULL,1,95,2,7,136),(148,'软件工程师(C++/MFC)','扎实的语言基础,熟练计算机底层,操作系统等知识',4,'无锡',15000,7000,'2020-01-01',NULL,1,23,2,0,137),(149,'C开发工程师','扎实的语言基础,熟练计算机底层,操作系统等知识',10,'北京',20000,5000,'2020-01-01',NULL,1,6,2,14,138),(150,'高级C/C++软件开发工程师','扎实的语言基础,熟练计算机底层,操作系统等知识',12,'广州',21000,9000,'2020-01-01',NULL,1,34,2,19,139),(151,'C++开发工程师','扎实的语言基础,熟练计算机底层,操作系统等知识',7,'成都',16000,9000,'2020-01-01',NULL,1,21,2,20,140),(152,'C#.net软件工程师 (职位编号：001)','扎实的语言基础,熟练计算机底层,操作系统等知识',7,'岳阳',15000,6000,'2020-01-01',NULL,1,61,2,8,141),(153,'C++开发工程师','扎实的语言基础,熟练计算机底层,操作系统等知识',3,'成都',21000,9000,'2020-01-01',NULL,1,88,2,4,142),(154,'C#/C++/C软件工程师','扎实的语言基础,熟练计算机底层,操作系统等知识',15,'北京',20000,9000,'2020-01-01',NULL,1,95,2,12,143),(155,'C++软件工程师','扎实的语言基础,熟练计算机底层,操作系统等知识',0,'上海',15000,8000,'2020-01-01',NULL,1,43,2,18,144),(156,'c++软件工程师','扎实的语言基础,熟练计算机底层,操作系统等知识',10,'成都',20000,6000,'2020-01-01',NULL,1,24,2,13,145),(157,'c++软件工程师（应届生）','扎实的语言基础,熟练计算机底层,操作系统等知识',12,'武汉',20000,5000,'2020-01-01',NULL,1,26,2,13,146),(158,'本科（实习）不限经验VIP销售顾问/就近分配C','扎实的语言基础,熟练计算机底层,操作系统等知识',3,'成都',15000,8000,'2020-01-01',NULL,1,21,2,11,147),(159,'C#程序员','扎实的语言基础,熟练计算机底层,操作系统等知识',8,'上海',21000,5000,'2020-01-01',NULL,1,44,2,13,148),(160,'月入过万交通银行客户经理五险一金C','扎实的语言基础,熟练计算机底层,操作系统等知识',11,'合肥',21000,9000,'2020-01-01',NULL,1,133,2,10,149),(161,'C/C++开发工程师','扎实的语言基础,熟练计算机底层,操作系统等知识',7,'广州',30000,6000,'2020-01-01',NULL,1,24,2,11,150),(162,'C# .Net 软件工程师/系统工程师','扎实的语言基础,熟练计算机底层,操作系统等知识',4,'上海',11000,9000,'2020-01-01',NULL,1,25,2,15,151),(163,'C++开发工程师','扎实的语言基础,熟练计算机底层,操作系统等知识',10,'深圳',11000,5000,'2020-01-01',NULL,1,4,2,0,152),(164,'C++高级开发工程师','扎实的语言基础,熟练计算机底层,操作系统等知识',2,'南京',23000,7000,'2020-01-01',NULL,1,1,2,12,153),(165,'C#开发工程师（Winform/CS）','扎实的语言基础,熟练计算机底层,操作系统等知识',4,'深圳',20000,5000,'2020-01-01',NULL,1,69,2,6,154),(166,'C++服务端','扎实的语言基础,熟练计算机底层,操作系统等知识',15,'广州',20000,7000,'2020-01-01',NULL,1,72,2,12,155),(167,'C++开发工程师','扎实的语言基础,熟练计算机底层,操作系统等知识',12,'无锡',16000,6000,'2020-01-01',NULL,1,0,2,14,156),(168,'C#开发工程师','扎实的语言基础,熟练计算机底层,操作系统等知识',0,'上海',16000,6000,'2020-01-01',NULL,1,116,2,8,157),(169,'C++开发工程师','扎实的语言基础,熟练计算机底层,操作系统等知识',10,'上海',30000,5000,'2020-01-01',NULL,1,142,2,1,158),(170,'C语言开发工程师','扎实的语言基础,熟练计算机底层,操作系统等知识',5,'无锡',16000,5000,'2020-01-01',NULL,1,86,2,9,159),(171,'亚马逊精品开发（家居、3c、LED、玩具）','扎实的语言基础,熟练计算机底层,操作系统等知识',9,'深圳',23000,9000,'2020-01-01',NULL,1,124,2,12,160),(172,'C#软件工程师','扎实的语言基础,熟练计算机底层,操作系统等知识',5,'上海',20000,7000,'2020-01-01',NULL,1,71,2,19,161),(173,'C++中级工程师 (职位编号：C)','扎实的语言基础,熟练计算机底层,操作系统等知识',10,'成都',15000,7000,'2020-01-01',NULL,1,66,2,9,162),(174,'.Net研发工程师C#工程师','扎实的语言基础,熟练计算机底层,操作系统等知识',14,'成都',11000,7000,'2020-01-01',NULL,1,74,2,4,163),(175,'C4D电商设计师','扎实的语言基础,熟练计算机底层,操作系统等知识',13,'广州',11000,5000,'2020-01-01',NULL,1,20,2,9,164),(176,'游戏服务器开发工程师（C++）','扎实的语言基础,熟练计算机底层,操作系统等知识',10,'广州',21000,5000,'2020-01-01',NULL,1,140,2,2,165),(177,'软件工程师-C++','扎实的语言基础,熟练计算机底层,操作系统等知识',15,'上海',16000,8000,'2020-01-01',NULL,1,121,2,13,166),(178,'C++高级开发工程师','扎实的语言基础,熟练计算机底层,操作系统等知识',15,'广州',20000,9000,'2020-01-01',NULL,1,96,2,12,167),(179,'外贸B2C ebay 运营销售专员 (职位编号：001)','扎实的语言基础,熟练计算机底层,操作系统等知识',8,'成都',16000,6000,'2020-01-01',NULL,1,103,2,0,168),(180,'C#开发工程师','扎实的语言基础,熟练计算机底层,操作系统等知识',11,'青岛',30000,6000,'2020-01-01',NULL,1,70,2,16,169),(181,'C++开发工程师（双休、五险一金）','扎实的语言基础,熟练计算机底层,操作系统等知识',11,'杭州',15000,8000,'2020-01-01',NULL,1,67,2,6,170),(182,'C#开发工程师','扎实的语言基础,熟练计算机底层,操作系统等知识',8,'常州',30000,5000,'2020-01-01',NULL,1,40,2,0,171),(183,'外贸跟单（西乡坪洲C出口附近）','扎实的语言基础,熟练计算机底层,操作系统等知识',2,'深圳',23000,6000,'2020-01-01',NULL,1,111,2,1,172),(184,'C#工程师','扎实的语言基础,熟练计算机底层,操作系统等知识',11,'成都',16000,7000,'2020-01-01',NULL,1,137,2,0,173),(185,'C++Qt中级工程师','扎实的语言基础,熟练计算机底层,操作系统等知识',9,'石家庄',23000,7000,'2020-01-01',NULL,1,137,2,19,174),(186,'C++开发工程师（上海证券交易所）','扎实的语言基础,熟练计算机底层,操作系统等知识',2,'上海',23000,9000,'2020-01-01',NULL,1,38,2,4,175),(187,'急招C1网约车司机+保底1万','扎实的语言基础,熟练计算机底层,操作系统等知识',6,'上海',20000,9000,'2020-01-01',NULL,1,107,2,19,176),(188,'软件开发工程师（C#方向）','扎实的语言基础,熟练计算机底层,操作系统等知识',8,'青岛',23000,7000,'2020-01-01',NULL,1,62,2,3,177),(189,'C++开发工程师','扎实的语言基础,熟练计算机底层,操作系统等知识',2,'深圳',23000,7000,'2020-01-01',NULL,1,106,2,9,178),(190,'软件开发工程师（熟悉C#、C++、C其中一项）','扎实的语言基础,熟练计算机底层,操作系统等知识',10,'上海',16000,8000,'2020-01-01',NULL,1,30,2,16,179),(191,'HR Officer, C&B','扎实的语言基础,熟练计算机底层,操作系统等知识',3,'广州',15000,5000,'2020-01-01',NULL,1,68,2,1,180),(192,'C++初级研发工程师','扎实的语言基础,熟练计算机底层,操作系统等知识',10,'广州',20000,9000,'2020-01-01',NULL,1,9,2,16,181),(193,'C++高级开发工程师','扎实的语言基础,熟练计算机底层,操作系统等知识',4,'广州',11000,6000,'2020-01-01',NULL,1,44,2,20,182),(194,'C#开发工程师','扎实的语言基础,熟练计算机底层,操作系统等知识',13,'徐州',21000,8000,'2020-01-01',NULL,1,114,2,6,183),(195,'C++开发工程师','扎实的语言基础,熟练计算机底层,操作系统等知识',5,'厦门',20000,9000,'2020-01-01',NULL,1,84,2,5,184),(196,'初级软件开发工程师（C\\C++）','扎实的语言基础,熟练计算机底层,操作系统等知识',2,'武汉',20000,8000,'2020-01-01',NULL,1,7,2,14,185),(197,'C++开发工程师','扎实的语言基础,熟练计算机底层,操作系统等知识',12,'广州',30000,5000,'2020-01-01',NULL,1,128,2,14,186),(198,'C++开发工程师(J10334)','扎实的语言基础,熟练计算机底层,操作系统等知识',10,'南京',21000,8000,'2020-01-01',NULL,1,108,2,3,187),(199,'C#工程师','扎实的语言基础,熟练计算机底层,操作系统等知识',2,'东莞',21000,6000,'2020-01-01',NULL,1,27,2,2,188),(200,'本科福利：底薪5500/销售/专员/店员/销售业务C','扎实的语言基础,熟练计算机底层,操作系统等知识',1,'成都',16000,5000,'2020-01-01',NULL,1,100,2,17,189),(201,'C++开发工程师','扎实的语言基础,熟练计算机底层,操作系统等知识',4,'上海',11000,7000,'2020-01-01',NULL,1,136,2,20,190),(202,'C语言开发工程师','扎实的语言基础,熟练计算机底层,操作系统等知识',12,'杭州',20000,7000,'2020-01-01',NULL,1,94,2,4,191),(203,'C#开发工程师(广州)','扎实的语言基础,熟练计算机底层,操作系统等知识',0,'广州',20000,8000,'2020-01-01',NULL,1,102,2,10,192),(204,'C#开发工程师','扎实的语言基础,熟练计算机底层,操作系统等知识',4,'广州',11000,6000,'2020-01-01',NULL,1,81,2,3,193),(205,'电商运营 B2C外贸专员 英语四级 无责任底薪','扎实的语言基础,熟练计算机底层,操作系统等知识',6,'深圳',11000,8000,'2020-01-01',NULL,1,88,2,20,194),(206,'C++软件开发工程师','扎实的语言基础,熟练计算机底层,操作系统等知识',2,'大连',23000,7000,'2020-01-01',NULL,1,1,2,5,195),(207,'C/C++工程师','扎实的语言基础,熟练计算机底层,操作系统等知识',9,'西安',23000,9000,'2020-01-01',NULL,1,25,2,4,196),(208,'C++/QT高级软件工程师 (职位编号：4)','扎实的语言基础,熟练计算机底层,操作系统等知识',8,'珠海',16000,5000,'2020-01-01',NULL,1,37,2,10,197),(209,'C语言开发工程师（停车场收费系统）','扎实的语言基础,熟练计算机底层,操作系统等知识',14,'杭州',11000,7000,'2020-01-01',NULL,1,109,2,10,198),(210,'五险一金+高薪 B2C外贸业务员 跨境电商运营','扎实的语言基础,熟练计算机底层,操作系统等知识',8,'深圳',15000,8000,'2020-01-01',NULL,1,143,2,13,199),(211,'C市场/渠道/销售/就近/地铁口/住宿','扎实的语言基础,熟练计算机底层,操作系统等知识',12,'西安',11000,5000,'2020-01-01',NULL,1,18,2,10,200),(212,'B2C跨境电商运营 速卖通运营','扎实的语言基础,熟练计算机底层,操作系统等知识',14,'深圳',30000,7000,'2020-01-01',NULL,1,126,2,6,201),(213,'B2C外贸业务员包吃住','扎实的语言基础,熟练计算机底层,操作系统等知识',0,'深圳',16000,7000,'2020-01-01',NULL,1,117,2,5,202),(214,'B2C外贸专员（接受实习生）','扎实的语言基础,熟练计算机底层,操作系统等知识',5,'广州',23000,7000,'2020-01-01',NULL,1,120,2,15,203),(215,'Linux C/C++研发工程师','扎实的语言基础,熟练计算机底层,操作系统等知识',13,'徐州',30000,8000,'2020-01-01',NULL,1,82,2,15,204),(216,'课程顾问B2C','扎实的语言基础,熟练计算机底层,操作系统等知识',5,'上海',11000,5000,'2020-01-01',NULL,1,59,2,16,205),(217,'人事主任管理师(C&B)','扎实的语言基础,熟练计算机底层,操作系统等知识',4,'武汉',21000,5000,'2020-01-01',NULL,1,66,2,17,206),(218,'C++开发工程师(JN)','扎实的语言基础,熟练计算机底层,操作系统等知识',4,'武汉',15000,8000,'2020-01-01',NULL,1,83,2,6,207),(219,'高级PHP开发工程师','掌握PHP语言,熟悉使用mysql数据库,熟悉前端应用',11,'武汉',23000,7000,'2020-01-01',NULL,1,54,3,5,208),(220,'PHP开发工程师','掌握PHP语言,熟悉使用mysql数据库,熟悉前端应用',12,'上海',15000,6000,'2020-01-01',NULL,1,11,3,13,209),(221,'PHP开发主管','掌握PHP语言,熟悉使用mysql数据库,熟悉前端应用',12,'深圳',11000,9000,'2020-01-01',NULL,1,133,3,9,210),(222,'集团事业部-PHP开发工程师','掌握PHP语言,熟悉使用mysql数据库,熟悉前端应用',12,'深圳',20000,5000,'2020-01-01',NULL,1,95,3,12,211),(223,'PHP高级开发工程师','掌握PHP语言,熟悉使用mysql数据库,熟悉前端应用',12,'广州',20000,6000,'2020-01-01',NULL,1,45,3,6,212),(224,'高级PHP开发工程师','掌握PHP语言,熟悉使用mysql数据库,熟悉前端应用',1,'武汉',23000,8000,'2020-01-01',NULL,1,107,3,4,213),(225,'PHP中级开发工程师','掌握PHP语言,熟悉使用mysql数据库,熟悉前端应用',13,'佛山',11000,7000,'2020-01-01',NULL,1,111,3,3,214),(226,'PHP开发工程师','掌握PHP语言,熟悉使用mysql数据库,熟悉前端应用',12,'广州',20000,5000,'2020-01-01',NULL,1,75,3,20,215),(227,'资深PHP工程师','掌握PHP语言,熟悉使用mysql数据库,熟悉前端应用',13,'上海',11000,5000,'2020-01-01',NULL,1,64,3,10,216),(228,'PHP开发工程师','掌握PHP语言,熟悉使用mysql数据库,熟悉前端应用',3,'上海',30000,7000,'2020-01-01',NULL,1,60,3,17,217),(229,'PHP程序员/PHP开发工程师（高薪急聘+五险一金） (职位编号：1)','掌握PHP语言,熟悉使用mysql数据库,熟悉前端应用',14,'成都',16000,7000,'2020-01-01',NULL,1,30,3,2,218),(230,'PHP开发工程师','掌握PHP语言,熟悉使用mysql数据库,熟悉前端应用',8,'福州',30000,9000,'2020-01-01',NULL,1,42,3,20,219),(231,'PHP开发工程师程序员','掌握PHP语言,熟悉使用mysql数据库,熟悉前端应用',5,'惠州',15000,6000,'2020-01-01',NULL,1,107,3,14,220),(232,'PHP开发工程师','掌握PHP语言,熟悉使用mysql数据库,熟悉前端应用',4,'广州',23000,6000,'2020-01-01',NULL,1,4,3,3,221),(233,'PHP开发工程师 (职位编号：03)','掌握PHP语言,熟悉使用mysql数据库,熟悉前端应用',13,'杭州',30000,7000,'2020-01-01',NULL,1,9,3,9,222),(234,'高级PHP研发工程师','掌握PHP语言,熟悉使用mysql数据库,熟悉前端应用',10,'上海',21000,5000,'2020-01-01',NULL,1,9,3,8,223),(235,'PHP开发工程师','掌握PHP语言,熟悉使用mysql数据库,熟悉前端应用',6,'广州',11000,8000,'2020-01-01',NULL,1,90,3,9,224),(236,'PHP开发工程师','掌握PHP语言,熟悉使用mysql数据库,熟悉前端应用',13,'广州',20000,6000,'2020-01-01',NULL,1,137,3,16,225),(237,'高级PHP开发工程师','掌握PHP语言,熟悉使用mysql数据库,熟悉前端应用',6,'上海',16000,5000,'2020-01-01',NULL,1,75,3,1,226),(238,'PHP开发工程师','掌握PHP语言,熟悉使用mysql数据库,熟悉前端应用',12,'昆明',23000,5000,'2020-01-01',NULL,1,62,3,2,227),(239,'PHP开发工程师','掌握PHP语言,熟悉使用mysql数据库,熟悉前端应用',1,'苏州',21000,7000,'2020-01-01',NULL,1,75,3,12,228),(240,'PHP开发工程师','掌握PHP语言,熟悉使用mysql数据库,熟悉前端应用',14,'武汉',21000,6000,'2020-01-01',NULL,1,79,3,17,229),(241,'PHP程序员','掌握PHP语言,熟悉使用mysql数据库,熟悉前端应用',4,'佛山',20000,6000,'2020-01-01',NULL,1,127,3,14,230),(242,'PHP开发工程师','掌握PHP语言,熟悉使用mysql数据库,熟悉前端应用',7,'无锡',16000,5000,'2020-01-01',NULL,1,98,3,10,231),(243,'PHP高级开发工程师','掌握PHP语言,熟悉使用mysql数据库,熟悉前端应用',11,'上海',15000,9000,'2020-01-01',NULL,1,85,3,20,232),(244,'PHP开发工程师','掌握PHP语言,熟悉使用mysql数据库,熟悉前端应用',8,'武汉',21000,8000,'2020-01-01',NULL,1,57,3,0,233),(245,'高级PHP研发工程师','掌握PHP语言,熟悉使用mysql数据库,熟悉前端应用',2,'成都',21000,6000,'2020-01-01',NULL,1,142,3,0,234),(246,'PHP开发工程师','掌握PHP语言,熟悉使用mysql数据库,熟悉前端应用',13,'常熟',16000,6000,'2020-01-01',NULL,1,133,3,17,235),(247,'PHP开发工程师','掌握PHP语言,熟悉使用mysql数据库,熟悉前端应用',1,'天津',11000,9000,'2020-01-01',NULL,1,35,3,1,236),(248,'后端开发（PHP/Java）工程师','掌握PHP语言,熟悉使用mysql数据库,熟悉前端应用',4,'上海',16000,5000,'2020-01-01',NULL,1,42,3,11,237),(249,'PHP开发工程师','掌握PHP语言,熟悉使用mysql数据库,熟悉前端应用',0,'广州',21000,8000,'2020-01-01',NULL,1,84,3,6,238),(250,'PHP开发工程师','掌握PHP语言,熟悉使用mysql数据库,熟悉前端应用',10,'上海',20000,8000,'2020-01-01',NULL,1,11,3,4,239),(251,'中级PHP工程师','掌握PHP语言,熟悉使用mysql数据库,熟悉前端应用',0,'福州',23000,6000,'2020-01-01',NULL,1,20,3,12,240),(252,'PHP（南京）','掌握PHP语言,熟悉使用mysql数据库,熟悉前端应用',7,'南京',15000,6000,'2020-01-01',NULL,1,137,3,13,241),(253,'PHP开发  (外派东莞虎门)','掌握PHP语言,熟悉使用mysql数据库,熟悉前端应用',12,'东莞',15000,7000,'2020-01-01',NULL,1,114,3,15,242),(254,'PHP开发工程师','掌握PHP语言,熟悉使用mysql数据库,熟悉前端应用',15,'大连',15000,9000,'2020-01-01',NULL,1,27,3,19,243),(255,'PHP高级开发工程师','掌握PHP语言,熟悉使用mysql数据库,熟悉前端应用',13,'广州',20000,9000,'2020-01-01',NULL,1,21,3,15,244),(256,'PHP开发工程师（电商erp）','掌握PHP语言,熟悉使用mysql数据库,熟悉前端应用',15,'深圳',30000,6000,'2020-01-01',NULL,1,48,3,12,245),(257,'PHP高级开发（15-25K汉口）','掌握PHP语言,熟悉使用mysql数据库,熟悉前端应用',10,'武汉',23000,6000,'2020-01-01',NULL,1,62,3,9,246),(258,'PHP工程师','掌握PHP语言,熟悉使用mysql数据库,熟悉前端应用',7,'广州',15000,8000,'2020-01-01',NULL,1,116,3,14,247),(259,'PHP开发工程师','掌握PHP语言,熟悉使用mysql数据库,熟悉前端应用',3,'成都',16000,8000,'2020-01-01',NULL,1,51,3,2,248),(260,'PHP软件开发工程师','掌握PHP语言,熟悉使用mysql数据库,熟悉前端应用',14,'上海',30000,8000,'2020-01-01',NULL,1,15,3,9,249),(261,'PHP开发工程师','掌握PHP语言,熟悉使用mysql数据库,熟悉前端应用',4,'连云港',23000,9000,'2020-01-01',NULL,1,109,3,20,250),(262,'PHP开发工程师','掌握PHP语言,熟悉使用mysql数据库,熟悉前端应用',2,'大连',20000,7000,'2020-01-01',NULL,1,94,3,4,251),(263,'PHP开发工程师','掌握PHP语言,熟悉使用mysql数据库,熟悉前端应用',2,'武汉',30000,9000,'2020-01-01',NULL,1,136,3,5,252),(264,'PHP高级研发工程师','掌握PHP语言,熟悉使用mysql数据库,熟悉前端应用',1,'武汉',11000,9000,'2020-01-01',NULL,1,82,3,10,253),(265,'PHP程序员','掌握PHP语言,熟悉使用mysql数据库,熟悉前端应用',12,'广州',20000,7000,'2020-01-01',NULL,1,0,3,16,254),(266,'php工程师','掌握PHP语言,熟悉使用mysql数据库,熟悉前端应用',3,'苏州',21000,5000,'2020-01-01',NULL,1,131,3,17,255),(267,'PHP开发工程师','掌握PHP语言,熟悉使用mysql数据库,熟悉前端应用',12,'上海',30000,8000,'2020-01-01',NULL,1,143,3,4,256),(268,'大数据产品部—PHP开发工程师','掌握PHP语言,熟悉使用mysql数据库,熟悉前端应用',15,'北京',11000,9000,'2020-01-01',NULL,1,107,3,18,257),(269,'PHP软件开发工程师（0023040202）','掌握PHP语言,熟悉使用mysql数据库,熟悉前端应用',6,'上海',30000,9000,'2020-01-01',NULL,1,61,3,5,258),(270,'PHP开发工程师（2020校招）','掌握PHP语言,熟悉使用mysql数据库,熟悉前端应用',1,'广州',21000,8000,'2020-01-01',NULL,1,40,3,16,259),(271,'PHP开发工程师','掌握PHP语言,熟悉使用mysql数据库,熟悉前端应用',5,'北京',20000,7000,'2020-01-01',NULL,1,16,3,18,260),(272,'PHP程序开发工程师','掌握PHP语言,熟悉使用mysql数据库,熟悉前端应用',15,'成都',11000,8000,'2020-01-01',NULL,1,23,3,5,261),(273,'PHP高级开发工程师（OMS）','掌握PHP语言,熟悉使用mysql数据库,熟悉前端应用',14,'上海',23000,7000,'2020-01-01',NULL,1,88,3,4,262),(274,'PHP开发工程师','掌握PHP语言,熟悉使用mysql数据库,熟悉前端应用',3,'南京',21000,6000,'2020-01-01',NULL,1,56,3,0,263),(275,'PHP高级开发工程师','掌握PHP语言,熟悉使用mysql数据库,熟悉前端应用',4,'广州',21000,6000,'2020-01-01',NULL,1,44,3,18,264),(276,'PHP开发工程师（校招）','掌握PHP语言,熟悉使用mysql数据库,熟悉前端应用',0,'广州',15000,7000,'2020-01-01',NULL,1,57,3,6,265),(277,'PHP开发工程师','掌握PHP语言,熟悉使用mysql数据库,熟悉前端应用',11,'北京',11000,5000,'2020-01-01',NULL,1,55,3,1,266),(278,'PHP开发工程师','掌握PHP语言,熟悉使用mysql数据库,熟悉前端应用',12,'南京',20000,5000,'2020-01-01',NULL,1,84,3,14,267),(279,'高级PHP开发工程师','掌握PHP语言,熟悉使用mysql数据库,熟悉前端应用',13,'上海',11000,7000,'2020-01-01',NULL,1,33,3,9,268),(280,'PHP开发工程师','掌握PHP语言,熟悉使用mysql数据库,熟悉前端应用',2,'武汉',30000,9000,'2020-01-01',NULL,1,36,3,3,269),(281,'PHP开发工程师','掌握PHP语言,熟悉使用mysql数据库,熟悉前端应用',4,'上海',11000,8000,'2020-01-01',NULL,1,73,3,14,270),(282,'PHP后端','掌握PHP语言,熟悉使用mysql数据库,熟悉前端应用',13,'合肥',30000,7000,'2020-01-01',NULL,1,25,3,2,271),(283,'PHP专业教师（周末双休有寒暑假）','掌握PHP语言,熟悉使用mysql数据库,熟悉前端应用',14,'广州',20000,8000,'2020-01-01',NULL,1,90,3,1,272),(284,'PHP开发工程师','掌握PHP语言,熟悉使用mysql数据库,熟悉前端应用',8,'珠海',30000,5000,'2020-01-01',NULL,1,24,3,5,273),(285,'PHP工程师','掌握PHP语言,熟悉使用mysql数据库,熟悉前端应用',9,'北京',20000,5000,'2020-01-01',NULL,1,47,3,8,274),(286,'PHP工程师','掌握PHP语言,熟悉使用mysql数据库,熟悉前端应用',11,'上海',30000,6000,'2020-01-01',NULL,1,37,3,10,275),(287,'PHP工程师(J10454)','掌握PHP语言,熟悉使用mysql数据库,熟悉前端应用',14,'广州',30000,7000,'2020-01-01',NULL,1,70,3,14,276),(288,'PHP实习生','掌握PHP语言,熟悉使用mysql数据库,熟悉前端应用',10,'长春',16000,6000,'2020-01-01',NULL,1,89,3,12,277),(289,'PHP开发工程师-上海嘉定-02005','掌握PHP语言,熟悉使用mysql数据库,熟悉前端应用',8,'上海',23000,9000,'2020-01-01',NULL,1,29,3,1,278),(290,'高级php程序员（合伙人）','掌握PHP语言,熟悉使用mysql数据库,熟悉前端应用',3,'燕郊开发区',30000,6000,'2020-01-01',NULL,1,72,3,18,279),(291,'PHP/MYSQL开发工程师','掌握PHP语言,熟悉使用mysql数据库,熟悉前端应用',6,'上海',11000,6000,'2020-01-01',NULL,1,5,3,3,280),(292,'PHP开发工程师','掌握PHP语言,熟悉使用mysql数据库,熟悉前端应用',2,'北京',23000,9000,'2020-01-01',NULL,1,55,3,4,281),(293,'PHP开发工程师','掌握PHP语言,熟悉使用mysql数据库,熟悉前端应用',6,'上海',30000,9000,'2020-01-01',NULL,1,33,3,5,282),(294,'PHP开发工程师','掌握PHP语言,熟悉使用mysql数据库,熟悉前端应用',11,'广州',23000,8000,'2020-01-01',NULL,1,14,3,8,283),(295,'PHP开发工程师','掌握PHP语言,熟悉使用mysql数据库,熟悉前端应用',14,'上海',20000,5000,'2020-01-01',NULL,1,141,3,14,284),(296,'PHP高级开发工程师','掌握PHP语言,熟悉使用mysql数据库,熟悉前端应用',9,'广州',30000,6000,'2020-01-01',NULL,1,64,3,11,285),(297,'PHP后端研发工程师','掌握PHP语言,熟悉使用mysql数据库,熟悉前端应用',7,'深圳',20000,5000,'2020-01-01',NULL,1,38,3,4,286),(298,'PHP开发工程师','掌握PHP语言,熟悉使用mysql数据库,熟悉前端应用',1,'广州',21000,9000,'2020-01-01',NULL,1,127,3,5,287),(299,'PHP开发工程师','掌握PHP语言,熟悉使用mysql数据库,熟悉前端应用',2,'广州',21000,8000,'2020-01-01',NULL,1,81,3,7,288),(300,'PHP开发工程师','掌握PHP语言,熟悉使用mysql数据库,熟悉前端应用',7,'北京',23000,8000,'2020-01-01',NULL,1,106,3,6,289),(301,'PHP工程师','掌握PHP语言,熟悉使用mysql数据库,熟悉前端应用',15,'广州',23000,8000,'2020-01-01',NULL,1,23,3,7,290),(302,'PHP开发经理','掌握PHP语言,熟悉使用mysql数据库,熟悉前端应用',10,'广州',20000,6000,'2020-01-01',NULL,1,134,3,8,291),(303,'PHP开发工程师','掌握PHP语言,熟悉使用mysql数据库,熟悉前端应用',10,'上海',21000,8000,'2020-01-01',NULL,1,19,3,1,292),(304,'PHP开发工程师','掌握PHP语言,熟悉使用mysql数据库,熟悉前端应用',0,'上海',23000,6000,'2020-01-01',NULL,1,72,3,13,293),(305,'PHP高级开发工程师','掌握PHP语言,熟悉使用mysql数据库,熟悉前端应用',15,'广州',11000,7000,'2020-01-01',NULL,1,15,3,11,294),(306,'PHP开发工程师','掌握PHP语言,熟悉使用mysql数据库,熟悉前端应用',10,'广州',30000,5000,'2020-01-01',NULL,1,0,3,15,295),(307,'PHP开发工程师','掌握PHP语言,熟悉使用mysql数据库,熟悉前端应用',14,'北京',30000,7000,'2020-01-01',NULL,1,31,3,5,296),(308,'PHP开发工程师','掌握PHP语言,熟悉使用mysql数据库,熟悉前端应用',1,'佛山',11000,7000,'2020-01-01',NULL,1,115,3,7,297),(309,'PHP开发工程师/PHP程序员（高级）','掌握PHP语言,熟悉使用mysql数据库,熟悉前端应用',0,'广州',30000,7000,'2020-01-01',NULL,1,127,3,11,298),(310,'PHP开发工程师','掌握PHP语言,熟悉使用mysql数据库,熟悉前端应用',8,'北京',11000,6000,'2020-01-01',NULL,1,16,3,14,299),(311,'PHP开发工程师','掌握PHP语言,熟悉使用mysql数据库,熟悉前端应用',5,'广州',20000,7000,'2020-01-01',NULL,1,59,3,6,300),(312,'《45万顶薪》PHP服务器主程 Topgames','掌握PHP语言,熟悉使用mysql数据库,熟悉前端应用',3,'上海',16000,6000,'2020-01-01',NULL,1,40,3,18,301),(313,'PHP高级开发工程师','掌握PHP语言,熟悉使用mysql数据库,熟悉前端应用',10,'广州',23000,7000,'2020-01-01',NULL,1,5,3,14,302),(314,'php高级开发工程师（管理方向）','掌握PHP语言,熟悉使用mysql数据库,熟悉前端应用',11,'广州',20000,9000,'2020-01-01',NULL,1,11,3,19,303),(315,'PHP全栈工程师 （偏向Web开发）','掌握PHP语言,熟悉使用mysql数据库,熟悉前端应用',4,'北京',20000,7000,'2020-01-01',NULL,1,142,3,18,304),(316,'PHP后台程序员','掌握PHP语言,熟悉使用mysql数据库,熟悉前端应用',15,'广州',30000,8000,'2020-01-01',NULL,1,84,3,18,305),(317,'PHP开发工程师','掌握PHP语言,熟悉使用mysql数据库,熟悉前端应用',8,'广州',11000,5000,'2020-01-01',NULL,1,11,3,17,306),(318,'PHP后端开发工程师','掌握PHP语言,熟悉使用mysql数据库,熟悉前端应用',11,'广州',23000,8000,'2020-01-01',NULL,1,127,3,14,307),(319,'.net 高级软件工程师','良好语言基础,具有团队合作能力,熟悉.net应用开发流程',2,'北京',16000,6000,'2020-01-01',NULL,1,139,4,10,308),(320,'.NET开发工程师','良好语言基础,具有团队合作能力,熟悉.net应用开发流程',10,'无锡',15000,5000,'2020-01-01',NULL,1,37,4,11,309),(321,'.NET开发工程师','良好语言基础,具有团队合作能力,熟悉.net应用开发流程',12,'沈阳',11000,5000,'2020-01-01',NULL,1,95,4,15,310),(322,'c#/.net高级开发工程师','良好语言基础,具有团队合作能力,熟悉.net应用开发流程',9,'长沙',21000,5000,'2020-01-01',NULL,1,105,4,10,311),(323,'.NET开发工程师（番禺上班）','良好语言基础,具有团队合作能力,熟悉.net应用开发流程',3,'广州',15000,7000,'2020-01-01',NULL,1,82,4,9,312),(324,'.NET开发工程师','良好语言基础,具有团队合作能力,熟悉.net应用开发流程',6,'北京',21000,7000,'2020-01-01',NULL,1,16,4,15,313),(325,'.NET开发工程师','良好语言基础,具有团队合作能力,熟悉.net应用开发流程',9,'广州',30000,6000,'2020-01-01',NULL,1,123,4,13,314),(326,'.NET开发工程师','良好语言基础,具有团队合作能力,熟悉.net应用开发流程',9,'广州',23000,7000,'2020-01-01',NULL,1,44,4,9,315),(327,'.Net 开发工程师','良好语言基础,具有团队合作能力,熟悉.net应用开发流程',6,'上海',21000,7000,'2020-01-01',NULL,1,12,4,5,316),(328,'.NET开发工程师','良好语言基础,具有团队合作能力,熟悉.net应用开发流程',2,'上海',21000,7000,'2020-01-01',NULL,1,40,4,11,317),(329,'.NET高级开发工程师','良好语言基础,具有团队合作能力,熟悉.net应用开发流程',3,'宁波',15000,5000,'2020-01-01',NULL,1,81,4,1,318),(330,'.NET高级开发工程师','良好语言基础,具有团队合作能力,熟悉.net应用开发流程',9,'深圳',11000,7000,'2020-01-01',NULL,1,31,4,12,319),(331,'C#.net软件工程师 (职位编号：001)','良好语言基础,具有团队合作能力,熟悉.net应用开发流程',6,'岳阳',20000,5000,'2020-01-01',NULL,1,88,4,12,320),(332,'.NET开发工程师','良好语言基础,具有团队合作能力,熟悉.net应用开发流程',11,'天津',11000,8000,'2020-01-01',NULL,1,46,4,16,321),(333,'.NET开发工程师','良好语言基础,具有团队合作能力,熟悉.net应用开发流程',12,'西安',21000,9000,'2020-01-01',NULL,1,59,4,10,322),(334,'.NET开发工程师','良好语言基础,具有团队合作能力,熟悉.net应用开发流程',6,'上海',11000,7000,'2020-01-01',NULL,1,0,4,10,323),(335,'C# .Net 软件工程师/系统工程师','良好语言基础,具有团队合作能力,熟悉.net应用开发流程',10,'上海',30000,8000,'2020-01-01',NULL,1,8,4,18,324),(336,'.NET软件工程师','良好语言基础,具有团队合作能力,熟悉.net应用开发流程',11,'南京',15000,5000,'2020-01-01',NULL,1,48,4,6,325),(337,'.Net研发工程师C#工程师','良好语言基础,具有团队合作能力,熟悉.net应用开发流程',13,'成都',30000,8000,'2020-01-01',NULL,1,59,4,9,326),(338,'.NET高级开发工程师','良好语言基础,具有团队合作能力,熟悉.net应用开发流程',6,'天津',20000,9000,'2020-01-01',NULL,1,93,4,15,327),(339,'.NET软件开发工程师','良好语言基础,具有团队合作能力,熟悉.net应用开发流程',0,'无锡',23000,8000,'2020-01-01',NULL,1,28,4,5,328),(340,'.net工程师','良好语言基础,具有团队合作能力,熟悉.net应用开发流程',1,'广州',21000,7000,'2020-01-01',NULL,1,36,4,14,329),(341,'.NET开发工程师','良好语言基础,具有团队合作能力,熟悉.net应用开发流程',11,'大连',21000,5000,'2020-01-01',NULL,1,76,4,10,330),(342,'.NET工程师','良好语言基础,具有团队合作能力,熟悉.net应用开发流程',11,'广州',30000,8000,'2020-01-01',NULL,1,134,4,17,331),(343,'高级.NET开发工程师','良好语言基础,具有团队合作能力,熟悉.net应用开发流程',9,'上海',20000,9000,'2020-01-01',NULL,1,53,4,0,332),(344,'.NET开发（实习生）','良好语言基础,具有团队合作能力,熟悉.net应用开发流程',3,'广州',16000,8000,'2020-01-01',NULL,1,109,4,3,333),(345,'.NET开发工程师','良好语言基础,具有团队合作能力,熟悉.net应用开发流程',5,'广州',15000,9000,'2020-01-01',NULL,1,45,4,11,334),(346,'ASP.NET高级软件开发工程师','良好语言基础,具有团队合作能力,熟悉.net应用开发流程',4,'南京',23000,6000,'2020-01-01',NULL,1,44,4,17,335),(347,'.NET开发工程师','良好语言基础,具有团队合作能力,熟悉.net应用开发流程',7,'上海',15000,7000,'2020-01-01',NULL,1,98,4,1,336),(348,'ASP.NET 软件工程师 (职位编号：103)','良好语言基础,具有团队合作能力,熟悉.net应用开发流程',5,'西安',23000,6000,'2020-01-01',NULL,1,88,4,16,337),(349,'高级.NET研发工程师','良好语言基础,具有团队合作能力,熟悉.net应用开发流程',7,'重庆',23000,9000,'2020-01-01',NULL,1,47,4,2,338),(350,'.NET高级开发工程师 (职位编号：kl-1703001)','良好语言基础,具有团队合作能力,熟悉.net应用开发流程',10,'上海',11000,9000,'2020-01-01',NULL,1,14,4,4,339),(351,'.NET软件工程师','良好语言基础,具有团队合作能力,熟悉.net应用开发流程',3,'宁波',21000,6000,'2020-01-01',NULL,1,105,4,14,340),(352,'.net软件工程师','良好语言基础,具有团队合作能力,熟悉.net应用开发流程',4,'天津',30000,8000,'2020-01-01',NULL,1,87,4,19,341),(353,'.net 开发工程师','良好语言基础,具有团队合作能力,熟悉.net应用开发流程',5,'上海',21000,6000,'2020-01-01',NULL,1,113,4,20,342),(354,'中级.NET工程师','良好语言基础,具有团队合作能力,熟悉.net应用开发流程',13,'福州',23000,5000,'2020-01-01',NULL,1,46,4,14,343),(355,'.NET开发工程师','良好语言基础,具有团队合作能力,熟悉.net应用开发流程',11,'合肥',30000,9000,'2020-01-01',NULL,1,15,4,15,344),(356,'项目经理（java/.net)','良好语言基础,具有团队合作能力,熟悉.net应用开发流程',1,'福州',15000,6000,'2020-01-01',NULL,1,139,4,8,345),(357,'.net','良好语言基础,具有团队合作能力,熟悉.net应用开发流程',8,'深圳',21000,9000,'2020-01-01',NULL,1,71,4,13,346),(358,'.NET高级开发工程师','良好语言基础,具有团队合作能力,熟悉.net应用开发流程',12,'株洲',11000,6000,'2020-01-01',NULL,1,97,4,1,347),(359,'.Net开发工程师','良好语言基础,具有团队合作能力,熟悉.net应用开发流程',11,'上海',30000,6000,'2020-01-01',NULL,1,70,4,7,348),(360,'.NET开发工程师','良好语言基础,具有团队合作能力,熟悉.net应用开发流程',11,'珠海',11000,8000,'2020-01-01',NULL,1,32,4,16,349),(361,'.NET开发工程师','良好语言基础,具有团队合作能力,熟悉.net应用开发流程',12,'大连',23000,5000,'2020-01-01',NULL,1,37,4,6,350),(362,'.NET高级开发工程师---城西','良好语言基础,具有团队合作能力,熟悉.net应用开发流程',1,'杭州',21000,7000,'2020-01-01',NULL,1,141,4,3,351),(363,'.net高级软件开发工程师','良好语言基础,具有团队合作能力,熟悉.net应用开发流程',10,'成都',30000,5000,'2020-01-01',NULL,1,143,4,2,352),(364,'.NET开发主管','良好语言基础,具有团队合作能力,熟悉.net应用开发流程',6,'广州',20000,7000,'2020-01-01',NULL,1,119,4,14,353),(365,'.NET开发工程师','良好语言基础,具有团队合作能力,熟悉.net应用开发流程',11,'广州',16000,9000,'2020-01-01',NULL,1,26,4,4,354),(366,'.net 开发工程师（在线教育集团）','良好语言基础,具有团队合作能力,熟悉.net应用开发流程',0,'北京',15000,8000,'2020-01-01',NULL,1,14,4,14,355),(367,'.NET高级开发工程师','良好语言基础,具有团队合作能力,熟悉.net应用开发流程',8,'北京',20000,8000,'2020-01-01',NULL,1,112,4,1,356),(368,'.Net高级软件开发工程师','良好语言基础,具有团队合作能力,熟悉.net应用开发流程',10,'杭州',23000,8000,'2020-01-01',NULL,1,29,4,13,357),(369,'.Net 中级开发工程师','良好语言基础,具有团队合作能力,熟悉.net应用开发流程',11,'上海',16000,6000,'2020-01-01',NULL,1,92,4,2,358),(370,'.NET高级开发工程师','良好语言基础,具有团队合作能力,熟悉.net应用开发流程',3,'北京',21000,9000,'2020-01-01',NULL,1,82,4,17,359),(371,'.NET开发工程师 (职位编号：10)','良好语言基础,具有团队合作能力,熟悉.net应用开发流程',2,'上海',11000,6000,'2020-01-01',NULL,1,49,4,9,360),(372,'.NET高级开发工程师','良好语言基础,具有团队合作能力,熟悉.net应用开发流程',8,'武汉',21000,5000,'2020-01-01',NULL,1,1,4,5,361),(373,'.NET开发工程师','良好语言基础,具有团队合作能力,熟悉.net应用开发流程',14,'惠州',21000,8000,'2020-01-01',NULL,1,104,4,14,362),(374,'.NET开发工程师','良好语言基础,具有团队合作能力,熟悉.net应用开发流程',1,'深圳',15000,6000,'2020-01-01',NULL,1,47,4,1,363),(375,'软件开发工程师（.net/Java） (职位编号：TJ-202001)','良好语言基础,具有团队合作能力,熟悉.net应用开发流程',0,'天津',30000,6000,'2020-01-01',NULL,1,135,4,12,364),(376,'软件工程师（C#、.net）','良好语言基础,具有团队合作能力,熟悉.net应用开发流程',9,'成都',16000,6000,'2020-01-01',NULL,1,40,4,15,365),(377,'.NET开发工程师','良好语言基础,具有团队合作能力,熟悉.net应用开发流程',2,'成都',11000,5000,'2020-01-01',NULL,1,122,4,2,366),(378,'.NET开发工程师','良好语言基础,具有团队合作能力,熟悉.net应用开发流程',3,'乌鲁木齐',16000,8000,'2020-01-01',NULL,1,56,4,13,367),(379,'.NET开发工程师','良好语言基础,具有团队合作能力,熟悉.net应用开发流程',2,'佛山',11000,8000,'2020-01-01',NULL,1,122,4,15,368),(380,'asp.net C#工程师 (职位编号：10)','良好语言基础,具有团队合作能力,熟悉.net应用开发流程',1,'南京',23000,8000,'2020-01-01',NULL,1,95,4,20,369),(381,'.NET开发工程师（后台）','良好语言基础,具有团队合作能力,熟悉.net应用开发流程',1,'广州',30000,6000,'2020-01-01',NULL,1,54,4,6,370),(382,'.NET工程师','良好语言基础,具有团队合作能力,熟悉.net应用开发流程',0,'珠海',16000,6000,'2020-01-01',NULL,1,19,4,9,371),(383,'.NET开发经理','良好语言基础,具有团队合作能力,熟悉.net应用开发流程',4,'洛阳',21000,9000,'2020-01-01',NULL,1,25,4,14,372),(384,'.NET开发工程师','良好语言基础,具有团队合作能力,熟悉.net应用开发流程',12,'兰州',20000,8000,'2020-01-01',NULL,1,128,4,11,373),(385,'.Net开发工程师','良好语言基础,具有团队合作能力,熟悉.net应用开发流程',2,'西安',20000,8000,'2020-01-01',NULL,1,82,4,20,374),(386,'软件工程师Java/.net方向 工业物联网软硬件配合 国企','良好语言基础,具有团队合作能力,熟悉.net应用开发流程',3,'天津',15000,5000,'2020-01-01',NULL,1,90,4,3,375),(387,'c#/.net高级开发工程师','良好语言基础,具有团队合作能力,熟悉.net应用开发流程',12,'上海',15000,8000,'2020-01-01',NULL,1,21,4,1,376),(388,'.Net高级软件工程师','良好语言基础,具有团队合作能力,熟悉.net应用开发流程',13,'西安',21000,6000,'2020-01-01',NULL,1,104,4,17,377),(389,'MES开发工程师（ASP.NET C#或JAVA）','良好语言基础,具有团队合作能力,熟悉.net应用开发流程',10,'合肥',11000,7000,'2020-01-01',NULL,1,88,4,6,378),(390,'.NET开发工程师','良好语言基础,具有团队合作能力,熟悉.net应用开发流程',8,'杭州',20000,6000,'2020-01-01',NULL,1,83,4,19,379),(391,'.NET高级开发工程师','良好语言基础,具有团队合作能力,熟悉.net应用开发流程',8,'南昌',15000,7000,'2020-01-01',NULL,1,2,4,12,380),(392,'.NET高级开发工程师','良好语言基础,具有团队合作能力,熟悉.net应用开发流程',8,'深圳',15000,8000,'2020-01-01',NULL,1,117,4,18,381),(393,'.NET开发工程师','良好语言基础,具有团队合作能力,熟悉.net应用开发流程',10,'西安',20000,5000,'2020-01-01',NULL,1,46,4,2,382),(394,'软件工程师(.net)','良好语言基础,具有团队合作能力,熟悉.net应用开发流程',2,'上海',23000,7000,'2020-01-01',NULL,1,88,4,14,383),(395,'.NET开发工程师','良好语言基础,具有团队合作能力,熟悉.net应用开发流程',5,'上海',15000,9000,'2020-01-01',NULL,1,118,4,2,384),(396,'.NET高级开发工程师','良好语言基础,具有团队合作能力,熟悉.net应用开发流程',12,'大连',30000,5000,'2020-01-01',NULL,1,99,4,19,385),(397,'.Net C#高级软件工程师','良好语言基础,具有团队合作能力,熟悉.net应用开发流程',13,'大连',11000,9000,'2020-01-01',NULL,1,25,4,7,386),(398,'初级.net开发工程师','良好语言基础,具有团队合作能力,熟悉.net应用开发流程',5,'长沙',23000,8000,'2020-01-01',NULL,1,20,4,7,387),(399,'.net开发工程师-合肥-01673','良好语言基础,具有团队合作能力,熟悉.net应用开发流程',4,'合肥',16000,5000,'2020-01-01',NULL,1,97,4,16,388),(400,'.NET开发工程师','良好语言基础,具有团队合作能力,熟悉.net应用开发流程',3,'北京',21000,9000,'2020-01-01',NULL,1,110,4,18,389),(401,'.NET开发工程师','良好语言基础,具有团队合作能力,熟悉.net应用开发流程',2,'北京',15000,9000,'2020-01-01',NULL,1,122,4,14,390),(402,'程序开发、编程、软件工程师C#  Java Web .Net (职位编号：1)','良好语言基础,具有团队合作能力,熟悉.net应用开发流程',13,'东营',16000,5000,'2020-01-01',NULL,1,50,4,16,391),(403,'.NET/C# 程序员/软件工程师','良好语言基础,具有团队合作能力,熟悉.net应用开发流程',5,'广州',20000,9000,'2020-01-01',NULL,1,131,4,0,392),(404,'.Net软件工程师','良好语言基础,具有团队合作能力,熟悉.net应用开发流程',3,'上海',16000,8000,'2020-01-01',NULL,1,81,4,5,393),(405,'.NET开发工程师','良好语言基础,具有团队合作能力,熟悉.net应用开发流程',3,'上海',21000,8000,'2020-01-01',NULL,1,134,4,12,394),(406,'.NET开发工程师','良好语言基础,具有团队合作能力,熟悉.net应用开发流程',10,'深圳',15000,7000,'2020-01-01',NULL,1,9,4,14,395),(407,'.NET开发工程师','良好语言基础,具有团队合作能力,熟悉.net应用开发流程',12,'上海',15000,5000,'2020-01-01',NULL,1,98,4,14,396),(408,'.NET程序员','良好语言基础,具有团队合作能力,熟悉.net应用开发流程',0,'上海',21000,9000,'2020-01-01',NULL,1,84,4,6,397),(409,'Asp.net、C#软件开发工程师','良好语言基础,具有团队合作能力,熟悉.net应用开发流程',4,'广州',23000,9000,'2020-01-01',NULL,1,100,4,11,398),(410,'.NET高级开发工程师','良好语言基础,具有团队合作能力,熟悉.net应用开发流程',5,'北京',15000,7000,'2020-01-01',NULL,1,52,4,18,399),(411,'.NET高级软件工程师','良好语言基础,具有团队合作能力,熟悉.net应用开发流程',14,'上海',11000,8000,'2020-01-01',NULL,1,119,4,11,400),(412,'.NET开发工程师','良好语言基础,具有团队合作能力,熟悉.net应用开发流程',6,'上海',20000,8000,'2020-01-01',NULL,1,26,4,4,401),(413,'.NET开发工程师','良好语言基础,具有团队合作能力,熟悉.net应用开发流程',4,'上海',11000,6000,'2020-01-01',NULL,1,27,4,17,402),(414,'ASP.NET软件开发工程师','良好语言基础,具有团队合作能力,熟悉.net应用开发流程',10,'广州',11000,5000,'2020-01-01',NULL,1,57,4,0,403),(415,'.NET开发工程师','良好语言基础,具有团队合作能力,熟悉.net应用开发流程',12,'北京',11000,8000,'2020-01-01',NULL,1,96,4,8,404),(416,'.NET开发工程师','良好语言基础,具有团队合作能力,熟悉.net应用开发流程',10,'上海',30000,8000,'2020-01-01',NULL,1,141,4,0,405),(417,'.net软件开发工程师','良好语言基础,具有团队合作能力,熟悉.net应用开发流程',10,'广州',20000,5000,'2020-01-01',NULL,1,33,4,16,406),(418,'.NET开发工程师','良好语言基础,具有团队合作能力,熟悉.net应用开发流程',0,'北京',15000,5000,'2020-01-01',NULL,1,110,4,17,407),(419,'Python开发工程师','熟练掌握python语言,了解使用python第三方类库,掌握常用数据分析能力',3,'深圳',11000,5000,'2020-01-01',NULL,1,81,5,18,408),(420,'Python开发工程师','熟练掌握python语言,了解使用python第三方类库,掌握常用数据分析能力',10,'上海',23000,6000,'2020-01-01',NULL,1,127,5,6,409),(421,'Python开发工程师','熟练掌握python语言,了解使用python第三方类库,掌握常用数据分析能力',3,'上海',16000,5000,'2020-01-01',NULL,1,113,5,4,410),(422,'Python开发工程师','熟练掌握python语言,了解使用python第三方类库,掌握常用数据分析能力',1,'无锡',20000,5000,'2020-01-01',NULL,1,2,5,6,411),(423,'Python中级工程师','熟练掌握python语言,了解使用python第三方类库,掌握常用数据分析能力',1,'广州',15000,5000,'2020-01-01',NULL,1,120,5,2,412),(424,'Python开发工程师','熟练掌握python语言,了解使用python第三方类库,掌握常用数据分析能力',6,'石家庄',21000,5000,'2020-01-01',NULL,1,71,5,2,413),(425,'Python爬虫工程师','熟练掌握python语言,了解使用python第三方类库,掌握常用数据分析能力',7,'杭州',15000,7000,'2020-01-01',NULL,1,66,5,10,414),(426,'Python/Java Software Engineer','熟练掌握python语言,了解使用python第三方类库,掌握常用数据分析能力',8,'北京',16000,9000,'2020-01-01',NULL,1,84,5,5,415),(427,'python开发工程师 (职位编号：kl-1602001)','熟练掌握python语言,了解使用python第三方类库,掌握常用数据分析能力',0,'上海',20000,5000,'2020-01-01',NULL,1,7,5,6,416),(428,'Python开发工程师','熟练掌握python语言,了解使用python第三方类库,掌握常用数据分析能力',2,'福州',21000,8000,'2020-01-01',NULL,1,124,5,20,417),(429,'Python 编程教师','熟练掌握python语言,了解使用python第三方类库,掌握常用数据分析能力',7,'芜湖',21000,7000,'2020-01-01',NULL,1,118,5,11,418),(430,'（外企）Python工程师','熟练掌握python语言,了解使用python第三方类库,掌握常用数据分析能力',8,'广州',30000,5000,'2020-01-01',NULL,1,46,5,10,419),(431,'python编程教师','熟练掌握python语言,了解使用python第三方类库,掌握常用数据分析能力',11,'贵阳',11000,9000,'2020-01-01',NULL,1,131,5,11,420),(432,'python后端工程师','熟练掌握python语言,了解使用python第三方类库,掌握常用数据分析能力',2,'广州',23000,5000,'2020-01-01',NULL,1,44,5,9,421),(433,'scratch/Python老师（罗湖翠竹洲际校区）','熟练掌握python语言,了解使用python第三方类库,掌握常用数据分析能力',0,'深圳',20000,8000,'2020-01-01',NULL,1,0,5,10,422),(434,'Python开发工程师','熟练掌握python语言,了解使用python第三方类库,掌握常用数据分析能力',14,'广州',16000,7000,'2020-01-01',NULL,1,27,5,16,423),(435,'python开发工程师','熟练掌握python语言,了解使用python第三方类库,掌握常用数据分析能力',11,'广州',16000,7000,'2020-01-01',NULL,1,77,5,4,424),(436,'Python开发工程师','熟练掌握python语言,了解使用python第三方类库,掌握常用数据分析能力',7,'常州',30000,9000,'2020-01-01',NULL,1,20,5,12,425),(437,'云方向-python开发工程师','熟练掌握python语言,了解使用python第三方类库,掌握常用数据分析能力',6,'西安',15000,9000,'2020-01-01',NULL,1,60,5,16,426),(438,'VC、Python程序员','熟练掌握python语言,了解使用python第三方类库,掌握常用数据分析能力',1,'重庆',21000,8000,'2020-01-01',NULL,1,132,5,1,427),(439,'Python开发  M','熟练掌握python语言,了解使用python第三方类库,掌握常用数据分析能力',6,'广州',16000,7000,'2020-01-01',NULL,1,134,5,9,428),(440,'软件开发工程师（Python方向） (职位编号：JD22-02)','熟练掌握python语言,了解使用python第三方类库,掌握常用数据分析能力',5,'上海',16000,7000,'2020-01-01',NULL,1,143,5,10,429),(441,'ScratchC++Python编程教师','熟练掌握python语言,了解使用python第三方类库,掌握常用数据分析能力',8,'广州',11000,8000,'2020-01-01',NULL,1,75,5,11,430),(442,'Python开发工程师','熟练掌握python语言,了解使用python第三方类库,掌握常用数据分析能力',14,'上海',11000,9000,'2020-01-01',NULL,1,95,5,12,431),(443,'Perl/Python开发工程师','熟练掌握python语言,了解使用python第三方类库,掌握常用数据分析能力',9,'天津',11000,7000,'2020-01-01',NULL,1,59,5,6,432),(444,'Python开发工程师（金蝶云苍穹）','熟练掌握python语言,了解使用python第三方类库,掌握常用数据分析能力',2,'深圳',30000,9000,'2020-01-01',NULL,1,125,5,2,433),(445,'python开发专业教师（周末双休有寒暑假）','熟练掌握python语言,了解使用python第三方类库,掌握常用数据分析能力',11,'广州',21000,6000,'2020-01-01',NULL,1,133,5,14,434),(446,'Python开发工程师','熟练掌握python语言,了解使用python第三方类库,掌握常用数据分析能力',10,'长沙',30000,6000,'2020-01-01',NULL,1,70,5,12,435),(447,'Python开发工程师 (MJ000145)','熟练掌握python语言,了解使用python第三方类库,掌握常用数据分析能力',7,'上海',20000,7000,'2020-01-01',NULL,1,128,5,18,436),(448,'金融教育信息研究中心—Python开发工程师','熟练掌握python语言,了解使用python第三方类库,掌握常用数据分析能力',14,'北京',11000,9000,'2020-01-01',NULL,1,83,5,5,437),(449,'Python开发工程师','熟练掌握python语言,了解使用python第三方类库,掌握常用数据分析能力',3,'广州',15000,8000,'2020-01-01',NULL,1,1,5,5,438),(450,'Python工程师','熟练掌握python语言,了解使用python第三方类库,掌握常用数据分析能力',13,'广州',21000,9000,'2020-01-01',NULL,1,84,5,18,439),(451,'Python开发工程师','熟练掌握python语言,了解使用python第三方类库,掌握常用数据分析能力',2,'北京',11000,7000,'2020-01-01',NULL,1,3,5,3,440),(452,'Python高级开发工程师','熟练掌握python语言,了解使用python第三方类库,掌握常用数据分析能力',0,'重庆',15000,8000,'2020-01-01',NULL,1,24,5,13,441),(453,'Python开发工程师','熟练掌握python语言,了解使用python第三方类库,掌握常用数据分析能力',6,'杭州',15000,9000,'2020-01-01',NULL,1,9,5,9,442),(454,'python后端开发工程师','熟练掌握python语言,了解使用python第三方类库,掌握常用数据分析能力',15,'深圳',21000,6000,'2020-01-01',NULL,1,14,5,13,443),(455,'Python高级开发工程师','熟练掌握python语言,了解使用python第三方类库,掌握常用数据分析能力',0,'武汉',20000,9000,'2020-01-01',NULL,1,75,5,17,444),(456,'Python开发工程师-机器人','熟练掌握python语言,了解使用python第三方类库,掌握常用数据分析能力',10,'北京',11000,7000,'2020-01-01',NULL,1,52,5,11,445),(457,'python教师','熟练掌握python语言,了解使用python第三方类库,掌握常用数据分析能力',8,'广州',20000,8000,'2020-01-01',NULL,1,50,5,7,446),(458,'Python中级开发工程师','熟练掌握python语言,了解使用python第三方类库,掌握常用数据分析能力',0,'北京',20000,5000,'2020-01-01',NULL,1,60,5,15,447),(459,'Python开发工程师(金融科技)','熟练掌握python语言,了解使用python第三方类库,掌握常用数据分析能力',2,'上海',23000,9000,'2020-01-01',NULL,1,6,5,6,448),(460,'Python软件开发工程师-WL','熟练掌握python语言,了解使用python第三方类库,掌握常用数据分析能力',11,'深圳',20000,8000,'2020-01-01',NULL,1,21,5,4,449),(461,'高级Python算法工程师','熟练掌握python语言,了解使用python第三方类库,掌握常用数据分析能力',0,'上海',11000,8000,'2020-01-01',NULL,1,48,5,9,450),(462,'Python开发工程师','熟练掌握python语言,了解使用python第三方类库,掌握常用数据分析能力',11,'北京',11000,8000,'2020-01-01',NULL,1,74,5,18,451),(463,'Python开发工程师','熟练掌握python语言,了解使用python第三方类库,掌握常用数据分析能力',7,'郑州',20000,8000,'2020-01-01',NULL,1,107,5,2,452),(464,'中高级Python开发工程师','熟练掌握python语言,了解使用python第三方类库,掌握常用数据分析能力',2,'南京',20000,7000,'2020-01-01',NULL,1,102,5,19,453),(465,'Python开发工程师','熟练掌握python语言,了解使用python第三方类库,掌握常用数据分析能力',14,'上海',20000,5000,'2020-01-01',NULL,1,17,5,6,454),(466,'软件开发(HTML5、.net、Python)','熟练掌握python语言,了解使用python第三方类库,掌握常用数据分析能力',6,'无锡',20000,6000,'2020-01-01',NULL,1,21,5,11,455),(467,'Python工程师 (职位编号：18580)','熟练掌握python语言,了解使用python第三方类库,掌握常用数据分析能力',8,'北京',15000,9000,'2020-01-01',NULL,1,37,5,10,456),(468,'python开发工程师','熟练掌握python语言,了解使用python第三方类库,掌握常用数据分析能力',11,'广州',11000,6000,'2020-01-01',NULL,1,16,5,7,457),(469,'python数据分析工程师','熟练掌握python语言,了解使用python第三方类库,掌握常用数据分析能力',9,'上海',20000,6000,'2020-01-01',NULL,1,111,5,11,458),(470,'python直播主管','熟练掌握python语言,了解使用python第三方类库,掌握常用数据分析能力',8,'长沙',21000,9000,'2020-01-01',NULL,1,66,5,8,459),(471,'C++/Python GUI 软件工程师 (职位编号：2)','熟练掌握python语言,了解使用python第三方类库,掌握常用数据分析能力',15,'苏州',11000,6000,'2020-01-01',NULL,1,34,5,18,460),(472,'Python高级开发工程师','熟练掌握python语言,了解使用python第三方类库,掌握常用数据分析能力',10,'广州',20000,5000,'2020-01-01',NULL,1,125,5,19,461),(473,'Python开发工程师','熟练掌握python语言,了解使用python第三方类库,掌握常用数据分析能力',15,'广州',23000,9000,'2020-01-01',NULL,1,74,5,1,462),(474,'Scratch/Python课程设计','熟练掌握python语言,了解使用python第三方类库,掌握常用数据分析能力',1,'上海',23000,9000,'2020-01-01',NULL,1,134,5,20,463),(475,'python爬虫工程师','熟练掌握python语言,了解使用python第三方类库,掌握常用数据分析能力',11,'武汉',30000,6000,'2020-01-01',NULL,1,81,5,17,464),(476,'python高级软件开发工程师','熟练掌握python语言,了解使用python第三方类库,掌握常用数据分析能力',10,'上海',16000,5000,'2020-01-01',NULL,1,28,5,5,465),(477,'Python中级开发工程师','熟练掌握python语言,了解使用python第三方类库,掌握常用数据分析能力',14,'深圳',15000,5000,'2020-01-01',NULL,1,20,5,17,466),(478,'Python开发工程师','熟练掌握python语言,了解使用python第三方类库,掌握常用数据分析能力',6,'苏州',30000,6000,'2020-01-01',NULL,1,120,5,0,467),(479,'Python开发工程师','熟练掌握python语言,了解使用python第三方类库,掌握常用数据分析能力',13,'深圳',11000,9000,'2020-01-01',NULL,1,72,5,12,468),(480,'Python数据分析讲师','熟练掌握python语言,了解使用python第三方类库,掌握常用数据分析能力',2,'成都',20000,9000,'2020-01-01',NULL,1,120,5,2,469),(481,'Python开发工程师','熟练掌握python语言,了解使用python第三方类库,掌握常用数据分析能力',10,'深圳',20000,7000,'2020-01-01',NULL,1,94,5,15,470),(482,'Python开发工程师','熟练掌握python语言,了解使用python第三方类库,掌握常用数据分析能力',4,'上海',30000,5000,'2020-01-01',NULL,1,27,5,19,471),(483,'Python开发工程师','熟练掌握python语言,了解使用python第三方类库,掌握常用数据分析能力',11,'上海',30000,5000,'2020-01-01',NULL,1,57,5,4,472),(484,'Python高级开发工程师','熟练掌握python语言,了解使用python第三方类库,掌握常用数据分析能力',11,'深圳',23000,9000,'2020-01-01',NULL,1,78,5,3,473),(485,'研发工程师（PHP&python）','熟练掌握python语言,了解使用python第三方类库,掌握常用数据分析能力',3,'广州',11000,8000,'2020-01-01',NULL,1,71,5,10,474),(486,'高级Python金融开发工程师','熟练掌握python语言,了解使用python第三方类库,掌握常用数据分析能力',8,'深圳',16000,5000,'2020-01-01',NULL,1,33,5,7,475),(487,'Python开发工程师','熟练掌握python语言,了解使用python第三方类库,掌握常用数据分析能力',6,'广州',16000,5000,'2020-01-01',NULL,1,62,5,6,476),(488,'Python高级开发工程师','熟练掌握python语言,了解使用python第三方类库,掌握常用数据分析能力',14,'上海',23000,9000,'2020-01-01',NULL,1,119,5,2,477),(489,'python开发工程师','熟练掌握python语言,了解使用python第三方类库,掌握常用数据分析能力',15,'上海',16000,8000,'2020-01-01',NULL,1,90,5,13,478),(490,'Python课程设计/教研老师','熟练掌握python语言,了解使用python第三方类库,掌握常用数据分析能力',14,'福州',11000,9000,'2020-01-01',NULL,1,98,5,9,479),(491,'Python开发工程师','熟练掌握python语言,了解使用python第三方类库,掌握常用数据分析能力',1,'西安',11000,8000,'2020-01-01',NULL,1,106,5,9,480),(492,'Python后端开发工程师','熟练掌握python语言,了解使用python第三方类库,掌握常用数据分析能力',13,'广州',20000,8000,'2020-01-01',NULL,1,113,5,7,481),(493,'Python后端开发工程师','熟练掌握python语言,了解使用python第三方类库,掌握常用数据分析能力',2,'成都',16000,5000,'2020-01-01',NULL,1,83,5,2,482),(494,'Python开发工程师（华贸能联）','熟练掌握python语言,了解使用python第三方类库,掌握常用数据分析能力',3,'成都',30000,9000,'2020-01-01',NULL,1,141,5,14,483),(495,'python后端开发工程师','熟练掌握python语言,了解使用python第三方类库,掌握常用数据分析能力',7,'南京',23000,7000,'2020-01-01',NULL,1,123,5,3,484),(496,'Python工程师(J12197)','熟练掌握python语言,了解使用python第三方类库,掌握常用数据分析能力',0,'天津',21000,5000,'2020-01-01',NULL,1,73,5,5,485),(497,'Python开发工程师','熟练掌握python语言,了解使用python第三方类库,掌握常用数据分析能力',7,'太仓',11000,5000,'2020-01-01',NULL,1,130,5,19,486),(498,'Python自动化测试','熟练掌握python语言,了解使用python第三方类库,掌握常用数据分析能力',12,'西安',23000,9000,'2020-01-01',NULL,1,101,5,7,487),(499,'Python开发工程师(SS)','熟练掌握python语言,了解使用python第三方类库,掌握常用数据分析能力',5,'杭州',16000,6000,'2020-01-01',NULL,1,130,5,8,488),(500,'Python开发工程师','熟练掌握python语言,了解使用python第三方类库,掌握常用数据分析能力',3,'上海',30000,8000,'2020-01-01',NULL,1,3,5,17,489),(501,'Python开发工程师','熟练掌握python语言,了解使用python第三方类库,掌握常用数据分析能力',8,'郑州',16000,6000,'2020-01-01',NULL,1,89,5,8,490),(502,'Python开发工程师','熟练掌握python语言,了解使用python第三方类库,掌握常用数据分析能力',10,'广州',21000,8000,'2020-01-01',NULL,1,19,5,16,491),(503,'Python全栈工程师','熟练掌握python语言,了解使用python第三方类库,掌握常用数据分析能力',12,'上海',16000,8000,'2020-01-01',NULL,1,71,5,19,492),(504,'Python开发工程师','熟练掌握python语言,了解使用python第三方类库,掌握常用数据分析能力',7,'北京',20000,8000,'2020-01-01',NULL,1,30,5,1,493),(505,'软件工程师（Python、C/C++）','熟练掌握python语言,了解使用python第三方类库,掌握常用数据分析能力',1,'苏州',15000,6000,'2020-01-01',NULL,1,6,5,2,494),(506,'Python高级开发工程师','熟练掌握python语言,了解使用python第三方类库,掌握常用数据分析能力',1,'上海',30000,7000,'2020-01-01',NULL,1,61,5,3,495),(507,'Python高级开发工程师','熟练掌握python语言,了解使用python第三方类库,掌握常用数据分析能力',1,'上海',15000,9000,'2020-01-01',NULL,1,97,5,18,496),(508,'Python开发实习生（创新中心）(J11913)','熟练掌握python语言,了解使用python第三方类库,掌握常用数据分析能力',12,'西安',23000,9000,'2020-01-01',NULL,1,29,5,3,497),(509,'Python开发工程师','熟练掌握python语言,了解使用python第三方类库,掌握常用数据分析能力',5,'上海',15000,8000,'2020-01-01',NULL,1,137,5,3,498),(510,'Python研发工程师','熟练掌握python语言,了解使用python第三方类库,掌握常用数据分析能力',11,'珠海',30000,9000,'2020-01-01',NULL,1,88,5,15,499),(511,'高级软件工程师(Python)','熟练掌握python语言,了解使用python第三方类库,掌握常用数据分析能力',6,'深圳',16000,7000,'2020-01-01',NULL,1,136,5,0,500),(512,'VBA/Python项目开发工程师','熟练掌握python语言,了解使用python第三方类库,掌握常用数据分析能力',6,'北京',20000,5000,'2020-01-01',NULL,1,47,5,4,501),(513,'Python开发工程师','熟练掌握python语言,了解使用python第三方类库,掌握常用数据分析能力',1,'杭州',15000,9000,'2020-01-01',NULL,1,34,5,9,502),(514,'Python WEB开发主管','熟练掌握python语言,了解使用python第三方类库,掌握常用数据分析能力',11,'杭州',16000,8000,'2020-01-01',NULL,1,116,5,1,503),(515,'web/PHP/Java/Python工程师','熟练掌握python语言,了解使用python第三方类库,掌握常用数据分析能力',1,'苏州',16000,6000,'2020-01-01',NULL,1,109,5,8,504),(516,'python开发工程师','熟练掌握python语言,了解使用python第三方类库,掌握常用数据分析能力',12,'合肥',30000,5000,'2020-01-01',NULL,1,86,5,0,505),(517,'Python机器学习工程师','熟练掌握python语言,了解使用python第三方类库,掌握常用数据分析能力',2,'广州',30000,9000,'2020-01-01',NULL,1,33,5,19,506),(518,'python开发工程师-A0122','熟练掌握python语言,了解使用python第三方类库,掌握常用数据分析能力',3,'上海',16000,6000,'2020-01-01',NULL,1,32,5,10,507),(519,'呼叫中心客服-数据挖掘渠道 ID-40282','熟悉Hadoop、Hive、Spark、流式计算、实时计算等大数据相关技术者优先，熟悉时序挖掘、文本挖掘、网络挖掘等优先',1,'广州',23000,8000,'2020-01-01',NULL,1,75,6,20,508),(520,'高级数据挖掘工程师','熟悉Hadoop、Hive、Spark、流式计算、实时计算等大数据相关技术者优先，熟悉时序挖掘、文本挖掘、网络挖掘等优先',12,'北京',16000,8000,'2020-01-01',NULL,1,30,6,0,509),(521,'数据分析师（数据挖掘工程师）(研发中心)','熟悉Hadoop、Hive、Spark、流式计算、实时计算等大数据相关技术者优先，熟悉时序挖掘、文本挖掘、网络挖掘等优先',14,'成都',21000,9000,'2020-01-01',NULL,1,70,6,11,510),(522,'数据挖掘工程师','熟悉Hadoop、Hive、Spark、流式计算、实时计算等大数据相关技术者优先，熟悉时序挖掘、文本挖掘、网络挖掘等优先',2,'上海',15000,8000,'2020-01-01',NULL,1,125,6,14,511),(523,'数据挖掘工程师','熟悉Hadoop、Hive、Spark、流式计算、实时计算等大数据相关技术者优先，熟悉时序挖掘、文本挖掘、网络挖掘等优先',10,'天津',23000,9000,'2020-01-01',NULL,1,4,6,0,512),(524,'SAS数据挖掘顾问 (职位编号：00409)','熟悉Hadoop、Hive、Spark、流式计算、实时计算等大数据相关技术者优先，熟悉时序挖掘、文本挖掘、网络挖掘等优先',7,'广州',30000,9000,'2020-01-01',NULL,1,77,6,15,513),(525,'数据挖掘工程师','熟悉Hadoop、Hive、Spark、流式计算、实时计算等大数据相关技术者优先，熟悉时序挖掘、文本挖掘、网络挖掘等优先',12,'武汉',15000,7000,'2020-01-01',NULL,1,127,6,14,514),(526,'数据挖掘工程师-NLP','熟悉Hadoop、Hive、Spark、流式计算、实时计算等大数据相关技术者优先，熟悉时序挖掘、文本挖掘、网络挖掘等优先',12,'深圳',20000,5000,'2020-01-01',NULL,1,1,6,11,515),(527,'数据挖掘','熟悉Hadoop、Hive、Spark、流式计算、实时计算等大数据相关技术者优先，熟悉时序挖掘、文本挖掘、网络挖掘等优先',2,'深圳',15000,7000,'2020-01-01',NULL,1,138,6,4,516),(528,'高级数据挖掘工程师','熟悉Hadoop、Hive、Spark、流式计算、实时计算等大数据相关技术者优先，熟悉时序挖掘、文本挖掘、网络挖掘等优先',6,'武汉',11000,8000,'2020-01-01',NULL,1,15,6,0,517),(529,'数据挖掘实习生','熟悉Hadoop、Hive、Spark、流式计算、实时计算等大数据相关技术者优先，熟悉时序挖掘、文本挖掘、网络挖掘等优先',15,'深圳',23000,5000,'2020-01-01',NULL,1,71,6,15,518),(530,'数据挖掘实习生（毕业可转正）2020届','熟悉Hadoop、Hive、Spark、流式计算、实时计算等大数据相关技术者优先，熟悉时序挖掘、文本挖掘、网络挖掘等优先',6,'郑州',21000,7000,'2020-01-01',NULL,1,68,6,14,519),(531,'数据挖掘工程师(J10027)','熟悉Hadoop、Hive、Spark、流式计算、实时计算等大数据相关技术者优先，熟悉时序挖掘、文本挖掘、网络挖掘等优先',12,'珠海',11000,9000,'2020-01-01',NULL,1,103,6,7,520),(532,'数据挖掘工程师','熟悉Hadoop、Hive、Spark、流式计算、实时计算等大数据相关技术者优先，熟悉时序挖掘、文本挖掘、网络挖掘等优先',0,'南京',30000,9000,'2020-01-01',NULL,1,9,6,14,521),(533,'数据挖掘工程师','熟悉Hadoop、Hive、Spark、流式计算、实时计算等大数据相关技术者优先，熟悉时序挖掘、文本挖掘、网络挖掘等优先',5,'深圳',23000,8000,'2020-01-01',NULL,1,89,6,7,522),(534,'资深数据挖掘（AI）','熟悉Hadoop、Hive、Spark、流式计算、实时计算等大数据相关技术者优先，熟悉时序挖掘、文本挖掘、网络挖掘等优先',5,'上海',11000,6000,'2020-01-01',NULL,1,35,6,18,523),(535,'数据挖掘工程师','熟悉Hadoop、Hive、Spark、流式计算、实时计算等大数据相关技术者优先，熟悉时序挖掘、文本挖掘、网络挖掘等优先',7,'广州',20000,5000,'2020-01-01',NULL,1,89,6,8,524),(536,'高级数据挖掘工程师 (职位编号：zhaolian000830)','熟悉Hadoop、Hive、Spark、流式计算、实时计算等大数据相关技术者优先，熟悉时序挖掘、文本挖掘、网络挖掘等优先',10,'深圳',20000,7000,'2020-01-01',NULL,1,13,6,14,525),(537,'数据挖掘经理（金融科技）','熟悉Hadoop、Hive、Spark、流式计算、实时计算等大数据相关技术者优先，熟悉时序挖掘、文本挖掘、网络挖掘等优先',11,'上海',23000,6000,'2020-01-01',NULL,1,79,6,16,526),(538,'数据挖掘师—北京分公司','熟悉Hadoop、Hive、Spark、流式计算、实时计算等大数据相关技术者优先，熟悉时序挖掘、文本挖掘、网络挖掘等优先',8,'北京',16000,7000,'2020-01-01',NULL,1,10,6,19,527),(539,'数据挖掘专家','熟悉Hadoop、Hive、Spark、流式计算、实时计算等大数据相关技术者优先，熟悉时序挖掘、文本挖掘、网络挖掘等优先',2,'广州',20000,9000,'2020-01-01',NULL,1,2,6,9,528),(540,'数据挖掘工程师','熟悉Hadoop、Hive、Spark、流式计算、实时计算等大数据相关技术者优先，熟悉时序挖掘、文本挖掘、网络挖掘等优先',4,'上海',30000,8000,'2020-01-01',NULL,1,58,6,15,529),(541,'29912-高级数据挖掘工程师 (职位编号：57705)','熟悉Hadoop、Hive、Spark、流式计算、实时计算等大数据相关技术者优先，熟悉时序挖掘、文本挖掘、网络挖掘等优先',1,'深圳',16000,5000,'2020-01-01',NULL,1,114,6,15,530),(542,'数据挖掘工程师','熟悉Hadoop、Hive、Spark、流式计算、实时计算等大数据相关技术者优先，熟悉时序挖掘、文本挖掘、网络挖掘等优先',0,'西安',11000,7000,'2020-01-01',NULL,1,100,6,7,531),(543,'数据挖掘专家','熟悉Hadoop、Hive、Spark、流式计算、实时计算等大数据相关技术者优先，熟悉时序挖掘、文本挖掘、网络挖掘等优先',4,'深圳',15000,5000,'2020-01-01',NULL,1,95,6,6,532),(544,'电商数据挖掘工程师','熟悉Hadoop、Hive、Spark、流式计算、实时计算等大数据相关技术者优先，熟悉时序挖掘、文本挖掘、网络挖掘等优先',4,'上海',20000,7000,'2020-01-01',NULL,1,57,6,13,533),(545,'数据挖掘工程师','熟悉Hadoop、Hive、Spark、流式计算、实时计算等大数据相关技术者优先，熟悉时序挖掘、文本挖掘、网络挖掘等优先',7,'上海',11000,6000,'2020-01-01',NULL,1,67,6,18,534),(546,'算法工程师/用户数据挖掘工程师','熟悉Hadoop、Hive、Spark、流式计算、实时计算等大数据相关技术者优先，熟悉时序挖掘、文本挖掘、网络挖掘等优先',15,'广州',16000,9000,'2020-01-01',NULL,1,12,6,7,535),(547,'数据挖掘工程师','熟悉Hadoop、Hive、Spark、流式计算、实时计算等大数据相关技术者优先，熟悉时序挖掘、文本挖掘、网络挖掘等优先',6,'南京',30000,7000,'2020-01-01',NULL,1,60,6,1,536),(548,'数据分析师、数据挖掘工程师(000643)（绵阳） (职位编号：000643)','熟悉Hadoop、Hive、Spark、流式计算、实时计算等大数据相关技术者优先，熟悉时序挖掘、文本挖掘、网络挖掘等优先',7,'绵阳',23000,8000,'2020-01-01',NULL,1,8,6,7,537),(549,'数据挖掘工程师(000396)（重庆） (职位编号：000396)','熟悉Hadoop、Hive、Spark、流式计算、实时计算等大数据相关技术者优先，熟悉时序挖掘、文本挖掘、网络挖掘等优先',0,'重庆',16000,7000,'2020-01-01',NULL,1,140,6,13,538),(550,'数据挖掘与分析师','熟悉Hadoop、Hive、Spark、流式计算、实时计算等大数据相关技术者优先，熟悉时序挖掘、文本挖掘、网络挖掘等优先',3,'成都',23000,7000,'2020-01-01',NULL,1,77,6,2,539),(551,'高级数据挖掘工程师','熟悉Hadoop、Hive、Spark、流式计算、实时计算等大数据相关技术者优先，熟悉时序挖掘、文本挖掘、网络挖掘等优先',12,'北京',23000,6000,'2020-01-01',NULL,1,108,6,6,540),(552,'数据挖掘工程师','熟悉Hadoop、Hive、Spark、流式计算、实时计算等大数据相关技术者优先，熟悉时序挖掘、文本挖掘、网络挖掘等优先',9,'福州',30000,7000,'2020-01-01',NULL,1,51,6,9,541),(553,'大数据挖掘建模工程师','熟悉Hadoop、Hive、Spark、流式计算、实时计算等大数据相关技术者优先，熟悉时序挖掘、文本挖掘、网络挖掘等优先',8,'乌鲁木齐',30000,8000,'2020-01-01',NULL,1,93,6,10,542),(554,'数据挖掘工程师(006508) (职位编号：vivo006508)','熟悉Hadoop、Hive、Spark、流式计算、实时计算等大数据相关技术者优先，熟悉时序挖掘、文本挖掘、网络挖掘等优先',10,'杭州',20000,7000,'2020-01-01',NULL,1,42,6,5,543),(555,'数据挖掘实习生','熟悉Hadoop、Hive、Spark、流式计算、实时计算等大数据相关技术者优先，熟悉时序挖掘、文本挖掘、网络挖掘等优先',14,'广州',16000,7000,'2020-01-01',NULL,1,2,6,7,544),(556,'数据挖掘工程师','熟悉Hadoop、Hive、Spark、流式计算、实时计算等大数据相关技术者优先，熟悉时序挖掘、文本挖掘、网络挖掘等优先',12,'成都',30000,7000,'2020-01-01',NULL,1,67,6,5,545),(557,'数据挖掘工程师','熟悉Hadoop、Hive、Spark、流式计算、实时计算等大数据相关技术者优先，熟悉时序挖掘、文本挖掘、网络挖掘等优先',2,'武汉',16000,9000,'2020-01-01',NULL,1,140,6,7,546),(558,'数据挖掘顾问（Customer Service）','熟悉Hadoop、Hive、Spark、流式计算、实时计算等大数据相关技术者优先，熟悉时序挖掘、文本挖掘、网络挖掘等优先',3,'上海',23000,5000,'2020-01-01',NULL,1,101,6,18,547),(559,'数据挖掘工程师','熟悉Hadoop、Hive、Spark、流式计算、实时计算等大数据相关技术者优先，熟悉时序挖掘、文本挖掘、网络挖掘等优先',8,'西安',20000,6000,'2020-01-01',NULL,1,39,6,20,548),(560,'大数据挖掘工程师','熟悉Hadoop、Hive、Spark、流式计算、实时计算等大数据相关技术者优先，熟悉时序挖掘、文本挖掘、网络挖掘等优先',5,'南京',21000,7000,'2020-01-01',NULL,1,86,6,19,549),(561,'数据挖掘工程师','熟悉Hadoop、Hive、Spark、流式计算、实时计算等大数据相关技术者优先，熟悉时序挖掘、文本挖掘、网络挖掘等优先',9,'中山',23000,6000,'2020-01-01',NULL,1,108,6,13,550),(562,'数据挖掘工程师','熟悉Hadoop、Hive、Spark、流式计算、实时计算等大数据相关技术者优先，熟悉时序挖掘、文本挖掘、网络挖掘等优先',0,'上海',11000,8000,'2020-01-01',NULL,1,58,6,0,551),(563,'数据挖掘工程师','熟悉Hadoop、Hive、Spark、流式计算、实时计算等大数据相关技术者优先，熟悉时序挖掘、文本挖掘、网络挖掘等优先',12,'沈阳',21000,7000,'2020-01-01',NULL,1,39,6,7,552),(564,'算法工程师/数据挖掘','熟悉Hadoop、Hive、Spark、流式计算、实时计算等大数据相关技术者优先，熟悉时序挖掘、文本挖掘、网络挖掘等优先',10,'广州',15000,5000,'2020-01-01',NULL,1,142,6,8,553),(565,'数据挖掘实习','熟悉Hadoop、Hive、Spark、流式计算、实时计算等大数据相关技术者优先，熟悉时序挖掘、文本挖掘、网络挖掘等优先',3,'上海',20000,5000,'2020-01-01',NULL,1,22,6,10,554),(566,'医药数据挖掘与分析师','熟悉Hadoop、Hive、Spark、流式计算、实时计算等大数据相关技术者优先，熟悉时序挖掘、文本挖掘、网络挖掘等优先',4,'成都',15000,9000,'2020-01-01',NULL,1,41,6,5,555),(567,'大数据挖掘高级工程师','熟悉Hadoop、Hive、Spark、流式计算、实时计算等大数据相关技术者优先，熟悉时序挖掘、文本挖掘、网络挖掘等优先',2,'珠海',20000,5000,'2020-01-01',NULL,1,37,6,8,556),(568,'数据挖掘分析（出差东莞）','熟悉Hadoop、Hive、Spark、流式计算、实时计算等大数据相关技术者优先，熟悉时序挖掘、文本挖掘、网络挖掘等优先',1,'东莞',16000,7000,'2020-01-01',NULL,1,76,6,5,557),(569,'数据挖掘工程师','熟悉Hadoop、Hive、Spark、流式计算、实时计算等大数据相关技术者优先，熟悉时序挖掘、文本挖掘、网络挖掘等优先',4,'广州',21000,5000,'2020-01-01',NULL,1,83,6,19,558),(570,'BI数据挖掘工程师','熟悉Hadoop、Hive、Spark、流式计算、实时计算等大数据相关技术者优先，熟悉时序挖掘、文本挖掘、网络挖掘等优先',3,'上海',11000,5000,'2020-01-01',NULL,1,30,6,17,559),(571,'数据挖掘工程师','熟悉Hadoop、Hive、Spark、流式计算、实时计算等大数据相关技术者优先，熟悉时序挖掘、文本挖掘、网络挖掘等优先',4,'广州',11000,8000,'2020-01-01',NULL,1,8,6,6,560),(572,'数据挖掘工程师','熟悉Hadoop、Hive、Spark、流式计算、实时计算等大数据相关技术者优先，熟悉时序挖掘、文本挖掘、网络挖掘等优先',12,'杭州',21000,6000,'2020-01-01',NULL,1,110,6,14,561),(573,'数据挖掘和分析工程师','熟悉Hadoop、Hive、Spark、流式计算、实时计算等大数据相关技术者优先，熟悉时序挖掘、文本挖掘、网络挖掘等优先',2,'深圳',20000,9000,'2020-01-01',NULL,1,143,6,13,562),(574,'高级数据挖掘工程师 (职位编号：J192718)','熟悉Hadoop、Hive、Spark、流式计算、实时计算等大数据相关技术者优先，熟悉时序挖掘、文本挖掘、网络挖掘等优先',3,'杭州',15000,5000,'2020-01-01',NULL,1,22,6,17,563),(575,'数据挖掘工程师','熟悉Hadoop、Hive、Spark、流式计算、实时计算等大数据相关技术者优先，熟悉时序挖掘、文本挖掘、网络挖掘等优先',7,'广州',30000,8000,'2020-01-01',NULL,1,69,6,10,564),(576,'数据挖掘（开发工程师）','熟悉Hadoop、Hive、Spark、流式计算、实时计算等大数据相关技术者优先，熟悉时序挖掘、文本挖掘、网络挖掘等优先',8,'上海',16000,7000,'2020-01-01',NULL,1,86,6,10,565),(577,'数据挖掘工程师','熟悉Hadoop、Hive、Spark、流式计算、实时计算等大数据相关技术者优先，熟悉时序挖掘、文本挖掘、网络挖掘等优先',0,'上海',11000,9000,'2020-01-01',NULL,1,41,6,11,566),(578,'数据挖掘工程师','熟悉Hadoop、Hive、Spark、流式计算、实时计算等大数据相关技术者优先，熟悉时序挖掘、文本挖掘、网络挖掘等优先',2,'深圳',20000,6000,'2020-01-01',NULL,1,60,6,4,567),(579,'数据挖掘分析师','熟悉Hadoop、Hive、Spark、流式计算、实时计算等大数据相关技术者优先，熟悉时序挖掘、文本挖掘、网络挖掘等优先',10,'深圳',16000,5000,'2020-01-01',NULL,1,119,6,15,568),(580,'数据挖掘工程师','熟悉Hadoop、Hive、Spark、流式计算、实时计算等大数据相关技术者优先，熟悉时序挖掘、文本挖掘、网络挖掘等优先',11,'深圳',16000,5000,'2020-01-01',NULL,1,4,6,17,569),(581,'数据挖掘工程师','熟悉Hadoop、Hive、Spark、流式计算、实时计算等大数据相关技术者优先，熟悉时序挖掘、文本挖掘、网络挖掘等优先',0,'北京',15000,8000,'2020-01-01',NULL,1,40,6,3,570),(582,'数据挖掘工程师','熟悉Hadoop、Hive、Spark、流式计算、实时计算等大数据相关技术者优先，熟悉时序挖掘、文本挖掘、网络挖掘等优先',6,'苏州',30000,5000,'2020-01-01',NULL,1,84,6,16,571),(583,'数据挖掘工程师','熟悉Hadoop、Hive、Spark、流式计算、实时计算等大数据相关技术者优先，熟悉时序挖掘、文本挖掘、网络挖掘等优先',4,'广州',30000,9000,'2020-01-01',NULL,1,4,6,13,572),(584,'大数据挖掘工程师','熟悉Hadoop、Hive、Spark、流式计算、实时计算等大数据相关技术者优先，熟悉时序挖掘、文本挖掘、网络挖掘等优先',5,'厦门',21000,6000,'2020-01-01',NULL,1,41,6,10,573),(585,'数据挖掘工程师','熟悉Hadoop、Hive、Spark、流式计算、实时计算等大数据相关技术者优先，熟悉时序挖掘、文本挖掘、网络挖掘等优先',5,'重庆',16000,8000,'2020-01-01',NULL,1,133,6,10,574),(586,'数据挖掘（01）','熟悉Hadoop、Hive、Spark、流式计算、实时计算等大数据相关技术者优先，熟悉时序挖掘、文本挖掘、网络挖掘等优先',7,'上海',20000,8000,'2020-01-01',NULL,1,90,6,8,575),(587,'数据挖掘与分析工程师','熟悉Hadoop、Hive、Spark、流式计算、实时计算等大数据相关技术者优先，熟悉时序挖掘、文本挖掘、网络挖掘等优先',3,'北京',11000,6000,'2020-01-01',NULL,1,54,6,12,576),(588,'消费者数据挖掘经理','熟悉Hadoop、Hive、Spark、流式计算、实时计算等大数据相关技术者优先，熟悉时序挖掘、文本挖掘、网络挖掘等优先',2,'广州',11000,5000,'2020-01-01',NULL,1,75,6,19,577),(589,'数据挖掘工程师','熟悉Hadoop、Hive、Spark、流式计算、实时计算等大数据相关技术者优先，熟悉时序挖掘、文本挖掘、网络挖掘等优先',10,'长沙',30000,5000,'2020-01-01',NULL,1,41,6,9,578),(590,'数据挖掘工程师','熟悉Hadoop、Hive、Spark、流式计算、实时计算等大数据相关技术者优先，熟悉时序挖掘、文本挖掘、网络挖掘等优先',3,'深圳',30000,8000,'2020-01-01',NULL,1,91,6,14,579),(591,'数据挖掘工程师（电商数据）','熟悉Hadoop、Hive、Spark、流式计算、实时计算等大数据相关技术者优先，熟悉时序挖掘、文本挖掘、网络挖掘等优先',5,'上海',16000,5000,'2020-01-01',NULL,1,8,6,12,580),(592,'大数据挖掘/人工智能首席架构师','熟悉Hadoop、Hive、Spark、流式计算、实时计算等大数据相关技术者优先，熟悉时序挖掘、文本挖掘、网络挖掘等优先',4,'上海',23000,8000,'2020-01-01',NULL,1,116,6,12,581),(593,'高级算法/数据挖掘/机器学习专家','熟悉Hadoop、Hive、Spark、流式计算、实时计算等大数据相关技术者优先，熟悉时序挖掘、文本挖掘、网络挖掘等优先',4,'广州',15000,8000,'2020-01-01',NULL,1,138,6,13,582),(594,'数据挖掘工程师','熟悉Hadoop、Hive、Spark、流式计算、实时计算等大数据相关技术者优先，熟悉时序挖掘、文本挖掘、网络挖掘等优先',14,'深圳',21000,9000,'2020-01-01',NULL,1,135,6,4,583),(595,'机器学习/数据挖掘工程师','熟悉Hadoop、Hive、Spark、流式计算、实时计算等大数据相关技术者优先，熟悉时序挖掘、文本挖掘、网络挖掘等优先',0,'北京',23000,8000,'2020-01-01',NULL,1,16,6,19,584),(596,'数据挖掘工程师','熟悉Hadoop、Hive、Spark、流式计算、实时计算等大数据相关技术者优先，熟悉时序挖掘、文本挖掘、网络挖掘等优先',0,'广州',30000,5000,'2020-01-01',NULL,1,109,6,5,585),(597,'数据挖掘工程师','熟悉Hadoop、Hive、Spark、流式计算、实时计算等大数据相关技术者优先，熟悉时序挖掘、文本挖掘、网络挖掘等优先',12,'广州',30000,5000,'2020-01-01',NULL,1,96,6,8,586),(598,'数据挖掘师','熟悉Hadoop、Hive、Spark、流式计算、实时计算等大数据相关技术者优先，熟悉时序挖掘、文本挖掘、网络挖掘等优先',2,'东莞',15000,5000,'2020-01-01',NULL,1,72,6,6,587),(599,'中级数据挖掘工程师','熟悉Hadoop、Hive、Spark、流式计算、实时计算等大数据相关技术者优先，熟悉时序挖掘、文本挖掘、网络挖掘等优先',3,'重庆',11000,8000,'2020-01-01',NULL,1,120,6,17,588),(600,'数据分析工程师（数据挖掘）','熟悉Hadoop、Hive、Spark、流式计算、实时计算等大数据相关技术者优先，熟悉时序挖掘、文本挖掘、网络挖掘等优先',8,'佛山',23000,9000,'2020-01-01',NULL,1,14,6,9,589),(601,'数据挖掘工程师','熟悉Hadoop、Hive、Spark、流式计算、实时计算等大数据相关技术者优先，熟悉时序挖掘、文本挖掘、网络挖掘等优先',13,'深圳',30000,9000,'2020-01-01',NULL,1,79,6,8,590),(602,'SCADA数据挖掘工程师','熟悉Hadoop、Hive、Spark、流式计算、实时计算等大数据相关技术者优先，熟悉时序挖掘、文本挖掘、网络挖掘等优先',12,'北京',21000,8000,'2020-01-01',NULL,1,99,6,1,591),(603,'数据挖掘工程师','熟悉Hadoop、Hive、Spark、流式计算、实时计算等大数据相关技术者优先，熟悉时序挖掘、文本挖掘、网络挖掘等优先',8,'成都',16000,5000,'2020-01-01',NULL,1,82,6,2,592),(604,'数据挖掘工程师','熟悉Hadoop、Hive、Spark、流式计算、实时计算等大数据相关技术者优先，熟悉时序挖掘、文本挖掘、网络挖掘等优先',9,'广州',23000,8000,'2020-01-01',NULL,1,52,6,12,593),(605,'数据挖掘算法工程师','熟悉Hadoop、Hive、Spark、流式计算、实时计算等大数据相关技术者优先，熟悉时序挖掘、文本挖掘、网络挖掘等优先',10,'嘉兴',16000,8000,'2020-01-01',NULL,1,36,6,6,594),(606,'数据挖掘工程师','熟悉Hadoop、Hive、Spark、流式计算、实时计算等大数据相关技术者优先，熟悉时序挖掘、文本挖掘、网络挖掘等优先',10,'杭州',30000,8000,'2020-01-01',NULL,1,28,6,11,595),(607,'数据挖掘工程师','熟悉Hadoop、Hive、Spark、流式计算、实时计算等大数据相关技术者优先，熟悉时序挖掘、文本挖掘、网络挖掘等优先',7,'广州',21000,5000,'2020-01-01',NULL,1,98,6,6,596),(608,'数据挖掘工程师','熟悉Hadoop、Hive、Spark、流式计算、实时计算等大数据相关技术者优先，熟悉时序挖掘、文本挖掘、网络挖掘等优先',6,'南京',11000,8000,'2020-01-01',NULL,1,115,6,5,597),(609,'经营分析经理（数据挖掘方向）','熟悉Hadoop、Hive、Spark、流式计算、实时计算等大数据相关技术者优先，熟悉时序挖掘、文本挖掘、网络挖掘等优先',11,'广州',23000,5000,'2020-01-01',NULL,1,100,6,3,598),(610,'数据挖掘工程师','熟悉Hadoop、Hive、Spark、流式计算、实时计算等大数据相关技术者优先，熟悉时序挖掘、文本挖掘、网络挖掘等优先',13,'马鞍山',20000,5000,'2020-01-01',NULL,1,121,6,1,599),(611,'数据挖掘工程师','熟悉Hadoop、Hive、Spark、流式计算、实时计算等大数据相关技术者优先，熟悉时序挖掘、文本挖掘、网络挖掘等优先',5,'杭州',30000,6000,'2020-01-01',NULL,1,101,6,13,600),(612,'数据挖掘算法工程师','熟悉Hadoop、Hive、Spark、流式计算、实时计算等大数据相关技术者优先，熟悉时序挖掘、文本挖掘、网络挖掘等优先',14,'杭州',21000,9000,'2020-01-01',NULL,1,53,6,3,601),(613,'数据挖掘经理 (职位编号：purcotton001274)','熟悉Hadoop、Hive、Spark、流式计算、实时计算等大数据相关技术者优先，熟悉时序挖掘、文本挖掘、网络挖掘等优先',14,'深圳',16000,7000,'2020-01-01',NULL,1,101,6,16,602),(614,'数据挖掘算法工程师','熟悉Hadoop、Hive、Spark、流式计算、实时计算等大数据相关技术者优先，熟悉时序挖掘、文本挖掘、网络挖掘等优先',4,'北京',23000,8000,'2020-01-01',NULL,1,48,6,11,603),(615,'大数据挖掘工程师','熟悉Hadoop、Hive、Spark、流式计算、实时计算等大数据相关技术者优先，熟悉时序挖掘、文本挖掘、网络挖掘等优先',8,'佛山',23000,9000,'2020-01-01',NULL,1,67,6,4,604),(616,'菜鸟-数据挖掘/算法专家 (职位编号：GP033439)','熟悉Hadoop、Hive、Spark、流式计算、实时计算等大数据相关技术者优先，熟悉时序挖掘、文本挖掘、网络挖掘等优先',12,'北京',21000,6000,'2020-01-01',NULL,1,115,6,3,605),(617,'网络安全工程师','具备一定网络知识,了解使用网络安全工具,具备较强的编程能力',8,'苏州',20000,9000,'2020-01-01',NULL,1,60,7,14,606),(618,'网络安全工程师','具备一定网络知识,了解使用网络安全工具,具备较强的编程能力',9,'郑州',30000,8000,'2020-01-01',NULL,1,133,7,9,607),(619,'网络/网络安全工程师','具备一定网络知识,了解使用网络安全工具,具备较强的编程能力',6,'昆明',30000,7000,'2020-01-01',NULL,1,61,7,4,608),(620,'厂商专职网络安全技术工程师（舟山定海）','具备一定网络知识,了解使用网络安全工具,具备较强的编程能力',8,'舟山',20000,5000,'2020-01-01',NULL,1,78,7,14,609),(621,'网络安全工程师','具备一定网络知识,了解使用网络安全工具,具备较强的编程能力',5,'深圳',30000,9000,'2020-01-01',NULL,1,67,7,18,610),(622,'网络安全工程师','具备一定网络知识,了解使用网络安全工具,具备较强的编程能力',0,'深圳',30000,6000,'2020-01-01',NULL,1,143,7,9,611),(623,'网络安全专员','具备一定网络知识,了解使用网络安全工具,具备较强的编程能力',1,'杭州',23000,9000,'2020-01-01',NULL,1,107,7,5,612),(624,'项目经理（网络安全）','具备一定网络知识,了解使用网络安全工具,具备较强的编程能力',1,'广州',11000,7000,'2020-01-01',NULL,1,106,7,8,613),(625,'网络安全工程师','具备一定网络知识,了解使用网络安全工具,具备较强的编程能力',10,'厦门',11000,5000,'2020-01-01',NULL,1,55,7,18,614),(626,'驻场网络安全工程师','具备一定网络知识,了解使用网络安全工具,具备较强的编程能力',4,'广州',15000,8000,'2020-01-01',NULL,1,51,7,17,615),(627,'网络安全工程师（DSP）','具备一定网络知识,了解使用网络安全工具,具备较强的编程能力',6,'武汉',30000,6000,'2020-01-01',NULL,1,88,7,16,616),(628,'网络安全工程师','具备一定网络知识,了解使用网络安全工具,具备较强的编程能力',13,'深圳',23000,8000,'2020-01-01',NULL,1,15,7,8,617),(629,'网络安全工程师','具备一定网络知识,了解使用网络安全工具,具备较强的编程能力',15,'重庆',16000,6000,'2020-01-01',NULL,1,26,7,1,618),(630,'网络安全工程师','具备一定网络知识,了解使用网络安全工具,具备较强的编程能力',14,'北京',23000,5000,'2020-01-01',NULL,1,52,7,7,619),(631,'网络安全工程师','具备一定网络知识,了解使用网络安全工具,具备较强的编程能力',13,'沈阳',30000,8000,'2020-01-01',NULL,1,48,7,14,620),(632,'中电上海研发中心网络安全研究员','具备一定网络知识,了解使用网络安全工具,具备较强的编程能力',4,'上海',16000,9000,'2020-01-01',NULL,1,4,7,11,621),(633,'网络安全工程师','具备一定网络知识,了解使用网络安全工具,具备较强的编程能力',6,'上海',15000,7000,'2020-01-01',NULL,1,124,7,9,622),(634,'网络安全工程师','具备一定网络知识,了解使用网络安全工具,具备较强的编程能力',7,'广州',15000,9000,'2020-01-01',NULL,1,24,7,19,623),(635,'网络安全销售','具备一定网络知识,了解使用网络安全工具,具备较强的编程能力',13,'北京',20000,8000,'2020-01-01',NULL,1,94,7,18,624),(636,'网络安全工程师','具备一定网络知识,了解使用网络安全工具,具备较强的编程能力',3,'广州',16000,8000,'2020-01-01',NULL,1,88,7,0,625),(637,'网络安全工程师（偏售前）','具备一定网络知识,了解使用网络安全工具,具备较强的编程能力',9,'广州',21000,9000,'2020-01-01',NULL,1,134,7,0,626),(638,'网络安全工程师（等级保护）','具备一定网络知识,了解使用网络安全工具,具备较强的编程能力',5,'东莞',23000,9000,'2020-01-01',NULL,1,74,7,11,627),(639,'网络安全运维经理','具备一定网络知识,了解使用网络安全工具,具备较强的编程能力',4,'北京',23000,7000,'2020-01-01',NULL,1,65,7,5,628),(640,'网络安全和技术支持工程师 (职位编号：1)','具备一定网络知识,了解使用网络安全工具,具备较强的编程能力',11,'北京',16000,9000,'2020-01-01',NULL,1,30,7,10,629),(641,'网络安全运维工程师(集成2027)','具备一定网络知识,了解使用网络安全工具,具备较强的编程能力',2,'北京',30000,7000,'2020-01-01',NULL,1,142,7,11,630),(642,'网络安全管理工程师','具备一定网络知识,了解使用网络安全工具,具备较强的编程能力',12,'上海',20000,5000,'2020-01-01',NULL,1,140,7,3,631),(643,'外企网络安全信息安全岗','具备一定网络知识,了解使用网络安全工具,具备较强的编程能力',2,'北京',15000,7000,'2020-01-01',NULL,1,54,7,3,632),(644,'售前工程师-网络安全-EDR','具备一定网络知识,了解使用网络安全工具,具备较强的编程能力',6,'北京',15000,9000,'2020-01-01',NULL,1,91,7,10,633),(645,'网络安全工程师','具备一定网络知识,了解使用网络安全工具,具备较强的编程能力',11,'南京',16000,9000,'2020-01-01',NULL,1,92,7,16,634),(646,'网络安全工程师（金融科技）','具备一定网络知识,了解使用网络安全工具,具备较强的编程能力',6,'上海',21000,8000,'2020-01-01',NULL,1,53,7,15,635),(647,'信息安全-网络安全运维工程师-XX5001','具备一定网络知识,了解使用网络安全工具,具备较强的编程能力',2,'北京',23000,7000,'2020-01-01',NULL,1,10,7,6,636),(648,'网络安全研究员','具备一定网络知识,了解使用网络安全工具,具备较强的编程能力',3,'武汉',16000,9000,'2020-01-01',NULL,1,94,7,10,637),(649,'网络安全（2020届校招）','具备一定网络知识,了解使用网络安全工具,具备较强的编程能力',14,'广州',11000,9000,'2020-01-01',NULL,1,73,7,11,638),(650,'网络安全工程师','具备一定网络知识,了解使用网络安全工具,具备较强的编程能力',3,'成都',11000,6000,'2020-01-01',NULL,1,72,7,18,639),(651,'网络安全产品销售','具备一定网络知识,了解使用网络安全工具,具备较强的编程能力',3,'上海',11000,9000,'2020-01-01',NULL,1,44,7,7,640),(652,'信息/网络安全标准工程师 (职位编号：19508)','具备一定网络知识,了解使用网络安全工具,具备较强的编程能力',9,'北京',15000,9000,'2020-01-01',NULL,1,96,7,10,641),(653,'网络安全产品销售助理','具备一定网络知识,了解使用网络安全工具,具备较强的编程能力',15,'成都',21000,7000,'2020-01-01',NULL,1,78,7,14,642),(654,'网络安全工程师','具备一定网络知识,了解使用网络安全工具,具备较强的编程能力',6,'上海',30000,5000,'2020-01-01',NULL,1,68,7,8,643),(655,'销售经理(网络安全产品）','具备一定网络知识,了解使用网络安全工具,具备较强的编程能力',13,'上海',15000,5000,'2020-01-01',NULL,1,82,7,10,644),(656,'网络安全工程师','具备一定网络知识,了解使用网络安全工具,具备较强的编程能力',14,'成都',21000,5000,'2020-01-01',NULL,1,14,7,18,645),(657,'网络安全工程师','具备一定网络知识,了解使用网络安全工具,具备较强的编程能力',6,'成都',30000,5000,'2020-01-01',NULL,1,37,7,4,646),(658,'计算机网络安全管理员','具备一定网络知识,了解使用网络安全工具,具备较强的编程能力',9,'上海',30000,9000,'2020-01-01',NULL,1,79,7,2,647),(659,'高级网络安全解决方案工程师','具备一定网络知识,了解使用网络安全工具,具备较强的编程能力',11,'成都',20000,6000,'2020-01-01',NULL,1,39,7,2,648),(660,'网络安全讲师','具备一定网络知识,了解使用网络安全工具,具备较强的编程能力',3,'福州',11000,5000,'2020-01-01',NULL,1,81,7,11,649),(661,'主机安全测评师（网络安全）','具备一定网络知识,了解使用网络安全工具,具备较强的编程能力',9,'武汉',16000,6000,'2020-01-01',NULL,1,48,7,5,650),(662,'网络安全工程师','具备一定网络知识,了解使用网络安全工具,具备较强的编程能力',15,'苏州',16000,8000,'2020-01-01',NULL,1,39,7,20,651),(663,'高级网络安全工程师','具备一定网络知识,了解使用网络安全工具,具备较强的编程能力',6,'北京',30000,7000,'2020-01-01',NULL,1,85,7,11,652),(664,'网络安全技术岗','具备一定网络知识,了解使用网络安全工具,具备较强的编程能力',2,'上海',15000,7000,'2020-01-01',NULL,1,58,7,7,653),(665,'网络安全产品销售代表','具备一定网络知识,了解使用网络安全工具,具备较强的编程能力',8,'南京',21000,6000,'2020-01-01',NULL,1,9,7,18,654),(666,'网络安全高级工程师','具备一定网络知识,了解使用网络安全工具,具备较强的编程能力',9,'深圳',11000,9000,'2020-01-01',NULL,1,101,7,7,655),(667,'网络安全工程师','具备一定网络知识,了解使用网络安全工具,具备较强的编程能力',6,'上海',16000,8000,'2020-01-01',NULL,1,128,7,13,656),(668,'网络安全工程师','具备一定网络知识,了解使用网络安全工具,具备较强的编程能力',10,'淄博',23000,9000,'2020-01-01',NULL,1,106,7,8,657),(669,'网络安全工程师（***也可）','具备一定网络知识,了解使用网络安全工具,具备较强的编程能力',7,'广州',30000,5000,'2020-01-01',NULL,1,20,7,11,658),(670,'网络安全工程师（可接受实习生）','具备一定网络知识,了解使用网络安全工具,具备较强的编程能力',11,'长沙',15000,8000,'2020-01-01',NULL,1,89,7,5,659),(671,'网络安全系统工程师','具备一定网络知识,了解使用网络安全工具,具备较强的编程能力',10,'北京',21000,8000,'2020-01-01',NULL,1,6,7,1,660),(672,'网络安全分析专家（态势感知产品/SOC产品）','具备一定网络知识,了解使用网络安全工具,具备较强的编程能力',9,'杭州',11000,8000,'2020-01-01',NULL,1,39,7,6,661),(673,'网络安全的实施、售后服务工程师 (职位编号：001)','具备一定网络知识,了解使用网络安全工具,具备较强的编程能力',9,'广州',21000,5000,'2020-01-01',NULL,1,15,7,11,662),(674,'网络安全产品销售','具备一定网络知识,了解使用网络安全工具,具备较强的编程能力',14,'南京',20000,6000,'2020-01-01',NULL,1,139,7,16,663),(675,'网络安全工程师','具备一定网络知识,了解使用网络安全工具,具备较强的编程能力',13,'江门',21000,6000,'2020-01-01',NULL,1,99,7,2,664),(676,'网络安全工程师','具备一定网络知识,了解使用网络安全工具,具备较强的编程能力',13,'广州',23000,8000,'2020-01-01',NULL,1,51,7,5,665),(677,'网络安全工程师','具备一定网络知识,了解使用网络安全工具,具备较强的编程能力',3,'深圳',11000,9000,'2020-01-01',NULL,1,100,7,7,666),(678,'网络安全工程师','具备一定网络知识,了解使用网络安全工具,具备较强的编程能力',5,'南京',15000,8000,'2020-01-01',NULL,1,114,7,6,667),(679,'网络安全产品（运营总监）','具备一定网络知识,了解使用网络安全工具,具备较强的编程能力',12,'西安',16000,6000,'2020-01-01',NULL,1,65,7,14,668),(680,'网络安全工程师','具备一定网络知识,了解使用网络安全工具,具备较强的编程能力',1,'苏州',16000,8000,'2020-01-01',NULL,1,134,7,12,669),(681,'网络安全运维（驻黄埔）','具备一定网络知识,了解使用网络安全工具,具备较强的编程能力',8,'广州',15000,7000,'2020-01-01',NULL,1,31,7,2,670),(682,'网络安全管理员','具备一定网络知识,了解使用网络安全工具,具备较强的编程能力',4,'长沙',11000,6000,'2020-01-01',NULL,1,124,7,16,671),(683,'网络安全产品销售经理','具备一定网络知识,了解使用网络安全工具,具备较强的编程能力',15,'广州',11000,8000,'2020-01-01',NULL,1,65,7,3,672),(684,'网络安全架构师','具备一定网络知识,了解使用网络安全工具,具备较强的编程能力',0,'武汉',11000,8000,'2020-01-01',NULL,1,122,7,13,673),(685,'销售顾问（网络安全线产品）','具备一定网络知识,了解使用网络安全工具,具备较强的编程能力',11,'成都',16000,5000,'2020-01-01',NULL,1,53,7,1,674),(686,'网络安全工程师','具备一定网络知识,了解使用网络安全工具,具备较强的编程能力',14,'广州',16000,7000,'2020-01-01',NULL,1,142,7,17,675),(687,'网络安全工程师 (职位编号：（代新潮招聘）)','具备一定网络知识,了解使用网络安全工具,具备较强的编程能力',5,'广州',16000,9000,'2020-01-01',NULL,1,12,7,16,676),(688,'网络安全工程师','具备一定网络知识,了解使用网络安全工具,具备较强的编程能力',11,'武汉',30000,5000,'2020-01-01',NULL,1,22,7,11,677),(689,'Cyber Security Engineer 网络安全工程师 (职位编号：000778)','具备一定网络知识,了解使用网络安全工具,具备较强的编程能力',12,'上海',15000,6000,'2020-01-01',NULL,1,97,7,16,678),(690,'网络安全工程师','具备一定网络知识,了解使用网络安全工具,具备较强的编程能力',13,'成都',30000,5000,'2020-01-01',NULL,1,116,7,10,679),(691,'计算机网络安全管理专员','具备一定网络知识,了解使用网络安全工具,具备较强的编程能力',7,'成都',15000,5000,'2020-01-01',NULL,1,28,7,4,680),(692,'网络安全专员','具备一定网络知识,了解使用网络安全工具,具备较强的编程能力',0,'成都',20000,9000,'2020-01-01',NULL,1,65,7,7,681),(693,'网络安全工程师','具备一定网络知识,了解使用网络安全工具,具备较强的编程能力',14,'上海',23000,5000,'2020-01-01',NULL,1,33,7,3,682),(694,'网络安全工程师','具备一定网络知识,了解使用网络安全工具,具备较强的编程能力',9,'成都',20000,9000,'2020-01-01',NULL,1,46,7,6,683),(695,'（子公司）网络安全解决方案工程师','具备一定网络知识,了解使用网络安全工具,具备较强的编程能力',12,'三门峡',11000,5000,'2020-01-01',NULL,1,142,7,19,684),(696,'网络安全工程师','具备一定网络知识,了解使用网络安全工具,具备较强的编程能力',15,'深圳',20000,6000,'2020-01-01',NULL,1,102,7,7,685),(697,'网络安全（等级保护）业务总监','具备一定网络知识,了解使用网络安全工具,具备较强的编程能力',8,'上海',30000,5000,'2020-01-01',NULL,1,100,7,9,686),(698,'某银行-网络安全工程师','具备一定网络知识,了解使用网络安全工具,具备较强的编程能力',15,'成都',11000,6000,'2020-01-01',NULL,1,128,7,8,687),(699,'网络安全工程师/网络安全专家','具备一定网络知识,了解使用网络安全工具,具备较强的编程能力',14,'广州',15000,8000,'2020-01-01',NULL,1,37,7,1,688),(700,'网络安全产品经理','具备一定网络知识,了解使用网络安全工具,具备较强的编程能力',7,'北京',30000,6000,'2020-01-01',NULL,1,49,7,3,689),(701,'网络安全工程师','具备一定网络知识,了解使用网络安全工具,具备较强的编程能力',1,'北京',30000,5000,'2020-01-01',NULL,1,46,7,2,690),(702,'网络安全工程师','具备一定网络知识,了解使用网络安全工具,具备较强的编程能力',12,'重庆',30000,6000,'2020-01-01',NULL,1,66,7,6,691),(703,'网络安全工程师','具备一定网络知识,了解使用网络安全工具,具备较强的编程能力',6,'上海',30000,8000,'2020-01-01',NULL,1,50,7,12,692),(704,'网络安全开发工程师','具备一定网络知识,了解使用网络安全工具,具备较强的编程能力',7,'重庆',11000,8000,'2020-01-01',NULL,1,49,7,16,693),(705,'网络安全工程师（东莞）','具备一定网络知识,了解使用网络安全工具,具备较强的编程能力',3,'东莞',30000,7000,'2020-01-01',NULL,1,138,7,18,694),(706,'网络安全工程师（发展前景好+专业培训）','具备一定网络知识,了解使用网络安全工具,具备较强的编程能力',15,'深圳',15000,5000,'2020-01-01',NULL,1,43,7,15,695),(707,'网络安全测试工程师','具备一定网络知识,了解使用网络安全工具,具备较强的编程能力',12,'武汉',16000,6000,'2020-01-01',NULL,1,68,7,3,696),(708,'网络安全专家 (职位编号：uniview002175)','具备一定网络知识,了解使用网络安全工具,具备较强的编程能力',7,'杭州',21000,6000,'2020-01-01',NULL,1,10,7,4,697),(709,'网络安全','具备一定网络知识,了解使用网络安全工具,具备较强的编程能力',3,'北京',11000,8000,'2020-01-01',NULL,1,73,7,8,698),(710,'反黑客网络安全工程师','具备一定网络知识,了解使用网络安全工具,具备较强的编程能力',9,'惠州',23000,7000,'2020-01-01',NULL,1,53,7,13,699),(711,'网络安全工程师','具备一定网络知识,了解使用网络安全工具,具备较强的编程能力',3,'杭州',21000,8000,'2020-01-01',NULL,1,40,7,10,700),(712,'网络安全工程师','具备一定网络知识,了解使用网络安全工具,具备较强的编程能力',2,'深圳',16000,7000,'2020-01-01',NULL,1,115,7,5,701),(713,'网络安全政策研究员','具备一定网络知识,了解使用网络安全工具,具备较强的编程能力',8,'重庆',15000,6000,'2020-01-01',NULL,1,58,7,5,702),(714,'网络安全工程师（日语流利）','具备一定网络知识,了解使用网络安全工具,具备较强的编程能力',6,'大连',15000,5000,'2020-01-01',NULL,1,67,7,7,703),(715,'机器学习算法专家','熟悉常用机器学习算法,熟悉神经网络,良好python基础',3,'成都',23000,7000,'2020-01-01',NULL,1,103,8,11,704),(716,'机器学习/深度学习/算法工程师','熟悉常用机器学习算法,熟悉神经网络,良好python基础',1,'福州',30000,7000,'2020-01-01',NULL,1,137,8,2,705),(717,'机器学习工程师','熟悉常用机器学习算法,熟悉神经网络,良好python基础',9,'武汉',16000,6000,'2020-01-01',NULL,1,7,8,13,706),(718,'机器学习系统专家','熟悉常用机器学习算法,熟悉神经网络,良好python基础',15,'广州',23000,7000,'2020-01-01',NULL,1,108,8,5,707),(719,'算法工程师（机器学习自然语言处理）','熟悉常用机器学习算法,熟悉神经网络,良好python基础',6,'上海',30000,8000,'2020-01-01',NULL,1,37,8,5,708),(720,'数据建模师（机器学习） (MJ000272)','熟悉常用机器学习算法,熟悉神经网络,良好python基础',1,'上海',11000,8000,'2020-01-01',NULL,1,106,8,8,709),(721,'机器学习工程师（金融科技）','熟悉常用机器学习算法,熟悉神经网络,良好python基础',12,'上海',21000,7000,'2020-01-01',NULL,1,59,8,1,710),(722,'数据分析工程师 （大数据分析挖掘/机器学习）','熟悉常用机器学习算法,熟悉神经网络,良好python基础',11,'北京',15000,8000,'2020-01-01',NULL,1,4,8,7,711),(723,'机器学习/算法-风险策略方向','熟悉常用机器学习算法,熟悉神经网络,良好python基础',9,'广州',21000,5000,'2020-01-01',NULL,1,107,8,3,712),(724,'CSIG16-地图检索机器学习算法高级研发工程师（北京） (职位编号：57728)','熟悉常用机器学习算法,熟悉神经网络,良好python基础',11,'北京',15000,7000,'2020-01-01',NULL,1,48,8,2,713),(725,'人工智能研发工程师（算法/开发/机器学习）（广州）','熟悉常用机器学习算法,熟悉神经网络,良好python基础',5,'广州',23000,5000,'2020-01-01',NULL,1,22,8,17,714),(726,'算法工程师（机器学习方向）','熟悉常用机器学习算法,熟悉神经网络,良好python基础',7,'北京',30000,6000,'2020-01-01',NULL,1,59,8,0,715),(727,'人工智能、机器学习、算法讲师','熟悉常用机器学习算法,熟悉神经网络,良好python基础',11,'成都',15000,5000,'2020-01-01',NULL,1,98,8,19,716),(728,'机器学习算法工程师','熟悉常用机器学习算法,熟悉神经网络,良好python基础',7,'北京',30000,5000,'2020-01-01',NULL,1,6,8,17,717),(729,'机器学习算法工程师','熟悉常用机器学习算法,熟悉神经网络,良好python基础',8,'杭州',15000,8000,'2020-01-01',NULL,1,137,8,11,718),(730,'机器学习工程师','熟悉常用机器学习算法,熟悉神经网络,良好python基础',9,'上海',30000,9000,'2020-01-01',NULL,1,106,8,19,719),(731,'2621YV-机器学习及大数据算法工程师 (职位编号：2621YV)','熟悉常用机器学习算法,熟悉神经网络,良好python基础',3,'上海',30000,9000,'2020-01-01',NULL,1,88,8,13,720),(732,'Python机器学习工程师','熟悉常用机器学习算法,熟悉神经网络,良好python基础',8,'广州',23000,6000,'2020-01-01',NULL,1,59,8,2,721),(733,'AI机器学习算法工程师','熟悉常用机器学习算法,熟悉神经网络,良好python基础',4,'深圳',20000,5000,'2020-01-01',NULL,1,103,8,8,722),(734,'机器学习研发工程师（Python）','熟悉常用机器学习算法,熟悉神经网络,良好python基础',8,'广州',23000,6000,'2020-01-01',NULL,1,44,8,1,723),(735,'机器学习&自然语言处理研发工程师','熟悉常用机器学习算法,熟悉神经网络,良好python基础',15,'南京',20000,8000,'2020-01-01',NULL,1,72,8,15,724),(736,'算法工程师/机器学习工程师','熟悉常用机器学习算法,熟悉神经网络,良好python基础',6,'上海',15000,9000,'2020-01-01',NULL,1,17,8,10,725),(737,'机器学习工程师','熟悉常用机器学习算法,熟悉神经网络,良好python基础',14,'广州',16000,5000,'2020-01-01',NULL,1,47,8,0,726),(738,'机器学习算法高级工程师','熟悉常用机器学习算法,熟悉神经网络,良好python基础',0,'深圳',21000,6000,'2020-01-01',NULL,1,94,8,13,727),(739,'机器学习算法工程师','熟悉常用机器学习算法,熟悉神经网络,良好python基础',2,'北京',20000,7000,'2020-01-01',NULL,1,92,8,12,728),(740,'机器学习工程师','熟悉常用机器学习算法,熟悉神经网络,良好python基础',6,'广州',21000,5000,'2020-01-01',NULL,1,130,8,6,729),(741,'机器学习工程师','熟悉常用机器学习算法,熟悉神经网络,良好python基础',0,'上海',30000,6000,'2020-01-01',NULL,1,119,8,1,730),(742,'机器学习工程师','熟悉常用机器学习算法,熟悉神经网络,良好python基础',2,'上海',11000,8000,'2020-01-01',NULL,1,42,8,7,731),(743,'高级算法/数据挖掘/机器学习专家','熟悉常用机器学习算法,熟悉神经网络,良好python基础',3,'广州',15000,5000,'2020-01-01',NULL,1,101,8,3,732),(744,'机器学习算法工程师（应届毕业生）','熟悉常用机器学习算法,熟悉神经网络,良好python基础',13,'武汉',23000,7000,'2020-01-01',NULL,1,142,8,8,733),(745,'机器学习/数据挖掘工程师','熟悉常用机器学习算法,熟悉神经网络,良好python基础',5,'北京',16000,9000,'2020-01-01',NULL,1,80,8,1,734),(746,'机器学习工程师（双休+五险一金）','熟悉常用机器学习算法,熟悉神经网络,良好python基础',14,'长沙',16000,6000,'2020-01-01',NULL,1,72,8,7,735),(747,'机器学习实习生','熟悉常用机器学习算法,熟悉神经网络,良好python基础',15,'北京',20000,8000,'2020-01-01',NULL,1,84,8,17,736),(748,'机器学习工程师','熟悉常用机器学习算法,熟悉神经网络,良好python基础',9,'上海',15000,6000,'2020-01-01',NULL,1,27,8,6,737),(749,'机器学习工程师','熟悉常用机器学习算法,熟悉神经网络,良好python基础',2,'成都',16000,5000,'2020-01-01',NULL,1,64,8,5,738),(750,'算法（图像算法、深度学习、机器学习均有需求）','熟悉常用机器学习算法,熟悉神经网络,良好python基础',5,'杭州',21000,7000,'2020-01-01',NULL,1,96,8,20,739),(751,'机器学习算法工程师','熟悉常用机器学习算法,熟悉神经网络,良好python基础',8,'武汉',20000,8000,'2020-01-01',NULL,1,101,8,16,740),(752,'机器学习工程师','熟悉常用机器学习算法,熟悉神经网络,良好python基础',3,'西安',11000,9000,'2020-01-01',NULL,1,6,8,5,741),(753,'算法工程师\\机器学习','熟悉常用机器学习算法,熟悉神经网络,良好python基础',0,'南京',20000,7000,'2020-01-01',NULL,1,62,8,20,742),(754,'资深机器学习工程师/技术专家','熟悉常用机器学习算法,熟悉神经网络,良好python基础',11,'北京',30000,9000,'2020-01-01',NULL,1,137,8,11,743),(755,'达摩院-机器学习算法专家-数据决策 (职位编号：GP564513)','熟悉常用机器学习算法,熟悉神经网络,良好python基础',12,'杭州',20000,7000,'2020-01-01',NULL,1,99,8,7,744),(756,'机器学习工程师','熟悉常用机器学习算法,熟悉神经网络,良好python基础',12,'广州',23000,9000,'2020-01-01',NULL,1,74,8,17,745),(757,'算法工程师（机器学习方向）','熟悉常用机器学习算法,熟悉神经网络,良好python基础',12,'成都',20000,7000,'2020-01-01',NULL,1,24,8,4,746),(758,'机器学习（开发）工程师','熟悉常用机器学习算法,熟悉神经网络,良好python基础',15,'烟台',23000,9000,'2020-01-01',NULL,1,43,8,18,747),(759,'机器学习工程师/实习生','熟悉常用机器学习算法,熟悉神经网络,良好python基础',1,'南京',11000,8000,'2020-01-01',NULL,1,36,8,1,748),(760,'机器学习工程师(上海 深圳)','熟悉常用机器学习算法,熟悉神经网络,良好python基础',6,'上海',20000,5000,'2020-01-01',NULL,1,81,8,18,749),(761,'机器学习算法工程师 (职位编号：52794)','熟悉常用机器学习算法,熟悉神经网络,良好python基础',13,'深圳',11000,9000,'2020-01-01',NULL,1,91,8,5,750),(762,'垂类-B2B业务部_机器学习/数据挖掘工程师','熟悉常用机器学习算法,熟悉神经网络,良好python基础',0,'北京',11000,7000,'2020-01-01',NULL,1,106,8,11,751),(763,'高薪聘机器学习工程师','熟悉常用机器学习算法,熟悉神经网络,良好python基础',11,'西安',21000,6000,'2020-01-01',NULL,1,31,8,18,752),(764,'机器学习算法工程师','熟悉常用机器学习算法,熟悉神经网络,良好python基础',0,'南京',23000,8000,'2020-01-01',NULL,1,111,8,2,753),(765,'机器学习算法开发-f (职位编号：000916)','熟悉常用机器学习算法,熟悉神经网络,良好python基础',12,'深圳',23000,6000,'2020-01-01',NULL,1,76,8,4,754),(766,'机器学习实训师','熟悉常用机器学习算法,熟悉神经网络,良好python基础',3,'苏州',30000,5000,'2020-01-01',NULL,1,38,8,12,755),(767,'机器学习算法工程师','熟悉常用机器学习算法,熟悉神经网络,良好python基础',12,'北京',23000,5000,'2020-01-01',NULL,1,8,8,2,756),(768,'机器学习算法工程师（2年以上机器视觉相关经验）','熟悉常用机器学习算法,熟悉神经网络,良好python基础',0,'上海',21000,5000,'2020-01-01',NULL,1,62,8,1,757),(769,'机器学习高级研究员','熟悉常用机器学习算法,熟悉神经网络,良好python基础',12,'苏州',15000,9000,'2020-01-01',NULL,1,31,8,6,758),(770,'初级量化研究员-机器学习2018-2020届','熟悉常用机器学习算法,熟悉神经网络,良好python基础',2,'上海',23000,6000,'2020-01-01',NULL,1,90,8,3,759),(771,'机器学习工程师（可视化）','熟悉常用机器学习算法,熟悉神经网络,良好python基础',15,'长春',15000,5000,'2020-01-01',NULL,1,92,8,17,760),(772,'人工智能/机器学习工程师 (职位编号：WH08)','熟悉常用机器学习算法,熟悉神经网络,良好python基础',14,'武汉',16000,8000,'2020-01-01',NULL,1,114,8,9,761),(773,'机器学习算法开发工程师','熟悉常用机器学习算法,熟悉神经网络,良好python基础',1,'长沙',16000,9000,'2020-01-01',NULL,1,92,8,14,762),(774,'机器学习工程师','熟悉常用机器学习算法,熟悉神经网络,良好python基础',15,'广州',11000,5000,'2020-01-01',NULL,1,22,8,10,763),(775,'机器学习开发工程师 (职位编号：WL702)','熟悉常用机器学习算法,熟悉神经网络,良好python基础',15,'南京',23000,5000,'2020-01-01',NULL,1,96,8,3,764),(776,'机器学习算法工程师','熟悉常用机器学习算法,熟悉神经网络,良好python基础',8,'北京',15000,7000,'2020-01-01',NULL,1,121,8,14,765),(777,'机器学习工程师','熟悉常用机器学习算法,熟悉神经网络,良好python基础',0,'上海',20000,8000,'2020-01-01',NULL,1,20,8,16,766),(778,'AI人工智能工程师/ 机器学习','熟悉常用机器学习算法,熟悉神经网络,良好python基础',9,'广州',23000,9000,'2020-01-01',NULL,1,0,8,10,767),(779,'机器学习工程师','熟悉常用机器学习算法,熟悉神经网络,良好python基础',11,'广州',15000,8000,'2020-01-01',NULL,1,21,8,9,768),(780,'机器学习&算法工程师','熟悉常用机器学习算法,熟悉神经网络,良好python基础',4,'上海',20000,9000,'2020-01-01',NULL,1,16,8,2,769),(781,'机器学习工程师','熟悉常用机器学习算法,熟悉神经网络,良好python基础',3,'苏州',15000,8000,'2020-01-01',NULL,1,116,8,17,770),(782,'机器学习算法工程师(TA0001)','熟悉常用机器学习算法,熟悉神经网络,良好python基础',15,'上海',20000,5000,'2020-01-01',NULL,1,57,8,7,771),(783,'数据分析师（机器学习方向）','熟悉常用机器学习算法,熟悉神经网络,良好python基础',10,'深圳',30000,5000,'2020-01-01',NULL,1,64,8,4,772),(784,'量化研究员--机器学习方向','熟悉常用机器学习算法,熟悉神经网络,良好python基础',4,'上海',21000,8000,'2020-01-01',NULL,1,82,8,15,773),(785,'机器学习工程师','熟悉常用机器学习算法,熟悉神经网络,良好python基础',6,'上海',20000,6000,'2020-01-01',NULL,1,26,8,17,774),(786,'图像处理与机器学习工程师','熟悉常用机器学习算法,熟悉神经网络,良好python基础',8,'杭州',21000,5000,'2020-01-01',NULL,1,80,8,6,775),(787,'机器学习工程师（大数据）','熟悉常用机器学习算法,熟悉神经网络,良好python基础',9,'广州',16000,7000,'2020-01-01',NULL,1,142,8,18,776),(788,'机器学习算法工程师','熟悉常用机器学习算法,熟悉神经网络,良好python基础',10,'广州',11000,7000,'2020-01-01',NULL,1,9,8,4,777),(789,'机器学习(算法)工程师','熟悉常用机器学习算法,熟悉神经网络,良好python基础',10,'深圳',30000,9000,'2020-01-01',NULL,1,131,8,1,778),(790,'机器学习算法研究员','熟悉常用机器学习算法,熟悉神经网络,良好python基础',10,'北京',20000,6000,'2020-01-01',NULL,1,124,8,16,779),(791,'机器学习平台架构师','熟悉常用机器学习算法,熟悉神经网络,良好python基础',8,'广州',11000,8000,'2020-01-01',NULL,1,95,8,10,780),(792,'机器学习算法工程师（模型训练方向）','熟悉常用机器学习算法,熟悉神经网络,良好python基础',11,'南京',23000,6000,'2020-01-01',NULL,1,56,8,17,781),(793,'机器学习工程师','熟悉常用机器学习算法,熟悉神经网络,良好python基础',12,'西安',11000,7000,'2020-01-01',NULL,1,42,8,3,782),(794,'机器学习工程师','熟悉常用机器学习算法,熟悉神经网络,良好python基础',12,'北京',11000,9000,'2020-01-01',NULL,1,114,8,7,783),(795,'机器学习算法研发工程师（机器人自编程项目组）','熟悉常用机器学习算法,熟悉神经网络,良好python基础',11,'佛山',20000,7000,'2020-01-01',NULL,1,94,8,10,784),(796,'机器学习技术专家','熟悉常用机器学习算法,熟悉神经网络,良好python基础',3,'上海',20000,9000,'2020-01-01',NULL,1,51,8,0,785),(797,'研发工程师 （机器学习平台）','熟悉常用机器学习算法,熟悉神经网络,良好python基础',4,'天津',21000,5000,'2020-01-01',NULL,1,86,8,15,786),(798,'机器学习工程师(J10038)','熟悉常用机器学习算法,熟悉神经网络,良好python基础',3,'广州',16000,5000,'2020-01-01',NULL,1,81,8,7,787),(799,'算法工程师（大数据、机器学习）','熟悉常用机器学习算法,熟悉神经网络,良好python基础',3,'广州',21000,8000,'2020-01-01',NULL,1,135,8,4,788),(800,'机器学习工程师（Machine Learning Developer）','熟悉常用机器学习算法,熟悉神经网络,良好python基础',15,'上海',16000,7000,'2020-01-01',NULL,1,45,8,11,789),(801,'机器学习算法工程师','熟悉常用机器学习算法,熟悉神经网络,良好python基础',7,'深圳',15000,5000,'2020-01-01',NULL,1,83,8,9,790),(802,'机器学习工程师/算法工程师','熟悉常用机器学习算法,熟悉神经网络,良好python基础',10,'上海',16000,6000,'2020-01-01',NULL,1,138,8,17,791),(803,'高级机器学习/数据挖掘工程师','熟悉常用机器学习算法,熟悉神经网络,良好python基础',4,'南京',15000,7000,'2020-01-01',NULL,1,83,8,19,792),(804,'机器学习算法研究员','熟悉常用机器学习算法,熟悉神经网络,良好python基础',7,'北京',30000,7000,'2020-01-01',NULL,1,103,8,0,793),(805,'机器学习工程师','熟悉常用机器学习算法,熟悉神经网络,良好python基础',11,'武汉',20000,7000,'2020-01-01',NULL,1,98,8,15,794),(806,'机器学习实习生','熟悉常用机器学习算法,熟悉神经网络,良好python基础',14,'广州',11000,8000,'2020-01-01',NULL,1,66,8,7,795),(807,'安卓机器学习工程师','熟悉常用机器学习算法,熟悉神经网络,良好python基础',2,'扬州',30000,7000,'2020-01-01',NULL,1,118,8,13,796),(808,'机器学习算法工程师','熟悉常用机器学习算法,熟悉神经网络,良好python基础',10,'武汉',15000,6000,'2020-01-01',NULL,1,92,8,2,797),(809,'机器学习算法研发工程师','熟悉常用机器学习算法,熟悉神经网络,良好python基础',14,'北京',20000,5000,'2020-01-01',NULL,1,93,8,1,798),(810,'视觉算法工程师（机器学习方向）','熟悉常用机器学习算法,熟悉神经网络,良好python基础',14,'苏州',15000,6000,'2020-01-01',NULL,1,19,8,4,799),(811,'机器学习与AI服务开发（信息技术中心）','熟悉常用机器学习算法,熟悉神经网络,良好python基础',10,'上海',20000,8000,'2020-01-01',NULL,1,53,8,3,800),(812,'机器学习工程师 (MJ000348)','熟悉常用机器学习算法,熟悉神经网络,良好python基础',12,'广州',30000,5000,'2020-01-01',NULL,1,101,8,11,801),(813,'机器学习工程师','熟悉常用机器学习算法,熟悉神经网络,良好python基础',11,'深圳',20000,5000,'2020-01-01',NULL,1,14,8,3,802),(814,'机器学习工程师','熟悉常用机器学习算法,熟悉神经网络,良好python基础',13,'石家庄',21000,8000,'2020-01-01',NULL,1,126,8,20,803),(815,'大数据开发工程师（中国联通网络AI中心）','熟悉Hadoop、Hive、Spark、流式计算、实时计算等大数据相关技术者优先,熟练使用linux操作系统',12,'南京',21000,6000,'2020-01-01',NULL,1,143,9,1,804),(816,'大数据开发工程师','熟悉Hadoop、Hive、Spark、流式计算、实时计算等大数据相关技术者优先,熟练使用linux操作系统',4,'南京',16000,5000,'2020-01-01',NULL,1,141,9,9,805),(817,'高级大数据开发工程师','熟悉Hadoop、Hive、Spark、流式计算、实时计算等大数据相关技术者优先,熟练使用linux操作系统',5,'武汉',20000,5000,'2020-01-01',NULL,1,63,9,7,806),(818,'科技金融岗（大数据开发方向-成都）','熟悉Hadoop、Hive、Spark、流式计算、实时计算等大数据相关技术者优先,熟练使用linux操作系统',0,'成都',20000,9000,'2020-01-01',NULL,1,30,9,4,807),(819,'大数据开发工程师','熟悉Hadoop、Hive、Spark、流式计算、实时计算等大数据相关技术者优先,熟练使用linux操作系统',7,'上海',20000,5000,'2020-01-01',NULL,1,129,9,0,808),(820,'大数据开发工程师','熟悉Hadoop、Hive、Spark、流式计算、实时计算等大数据相关技术者优先,熟练使用linux操作系统',12,'上海',11000,7000,'2020-01-01',NULL,1,95,9,19,809),(821,'大数据开发工程师','熟悉Hadoop、Hive、Spark、流式计算、实时计算等大数据相关技术者优先,熟练使用linux操作系统',9,'济南',23000,6000,'2020-01-01',NULL,1,27,9,13,810),(822,'大数据开发工程师','熟悉Hadoop、Hive、Spark、流式计算、实时计算等大数据相关技术者优先,熟练使用linux操作系统',6,'深圳',21000,7000,'2020-01-01',NULL,1,70,9,20,811),(823,'大数据开发工程师','熟悉Hadoop、Hive、Spark、流式计算、实时计算等大数据相关技术者优先,熟练使用linux操作系统',3,'北京',30000,6000,'2020-01-01',NULL,1,125,9,20,812),(824,'大数据开发工程师','熟悉Hadoop、Hive、Spark、流式计算、实时计算等大数据相关技术者优先,熟练使用linux操作系统',5,'南京',15000,6000,'2020-01-01',NULL,1,99,9,14,813),(825,'大数据开发工程师','熟悉Hadoop、Hive、Spark、流式计算、实时计算等大数据相关技术者优先,熟练使用linux操作系统',4,'济南',16000,5000,'2020-01-01',NULL,1,139,9,2,814),(826,'大数据开发工程师','熟悉Hadoop、Hive、Spark、流式计算、实时计算等大数据相关技术者优先,熟练使用linux操作系统',11,'南京',20000,9000,'2020-01-01',NULL,1,53,9,2,815),(827,'大数据开发工程师','熟悉Hadoop、Hive、Spark、流式计算、实时计算等大数据相关技术者优先,熟练使用linux操作系统',14,'上海',20000,5000,'2020-01-01',NULL,1,70,9,13,816),(828,'大数据开发/可带薪实习+住宿双休','熟悉Hadoop、Hive、Spark、流式计算、实时计算等大数据相关技术者优先,熟练使用linux操作系统',4,'青岛',11000,7000,'2020-01-01',NULL,1,83,9,18,817),(829,'大数据高级开发工程师/大数据开发','熟悉Hadoop、Hive、Spark、流式计算、实时计算等大数据相关技术者优先,熟练使用linux操作系统',15,'武汉',23000,7000,'2020-01-01',NULL,1,18,9,6,818),(830,'大数据开发工程师（JAVA方向）','熟悉Hadoop、Hive、Spark、流式计算、实时计算等大数据相关技术者优先,熟练使用linux操作系统',2,'济南',21000,6000,'2020-01-01',NULL,1,5,9,4,819),(831,'大数据开发','熟悉Hadoop、Hive、Spark、流式计算、实时计算等大数据相关技术者优先,熟练使用linux操作系统',12,'济南',15000,8000,'2020-01-01',NULL,1,17,9,20,820),(832,'大数据开发工程师','熟悉Hadoop、Hive、Spark、流式计算、实时计算等大数据相关技术者优先,熟练使用linux操作系统',2,'福州',21000,5000,'2020-01-01',NULL,1,53,9,9,821),(833,'大数据开发工程师-GZ','熟悉Hadoop、Hive、Spark、流式计算、实时计算等大数据相关技术者优先,熟练使用linux操作系统',7,'广州',20000,9000,'2020-01-01',NULL,1,124,9,16,822),(834,'大数据开发工程师','熟悉Hadoop、Hive、Spark、流式计算、实时计算等大数据相关技术者优先,熟练使用linux操作系统',13,'杭州',11000,7000,'2020-01-01',NULL,1,74,9,18,823),(835,'大数据开发工程师','熟悉Hadoop、Hive、Spark、流式计算、实时计算等大数据相关技术者优先,熟练使用linux操作系统',15,'大连',21000,9000,'2020-01-01',NULL,1,73,9,17,824),(836,'大数据开发工程师','熟悉Hadoop、Hive、Spark、流式计算、实时计算等大数据相关技术者优先,熟练使用linux操作系统',9,'上海',21000,7000,'2020-01-01',NULL,1,16,9,0,825),(837,'大数据开发工程师','熟悉Hadoop、Hive、Spark、流式计算、实时计算等大数据相关技术者优先,熟练使用linux操作系统',7,'深圳',30000,5000,'2020-01-01',NULL,1,73,9,1,826),(838,'大数据开发工程师','熟悉Hadoop、Hive、Spark、流式计算、实时计算等大数据相关技术者优先,熟练使用linux操作系统',0,'成都',30000,9000,'2020-01-01',NULL,1,135,9,6,827),(839,'大数据开发工程师','熟悉Hadoop、Hive、Spark、流式计算、实时计算等大数据相关技术者优先,熟练使用linux操作系统',14,'成都',16000,9000,'2020-01-01',NULL,1,52,9,15,828),(840,'大数据开发工程师','熟悉Hadoop、Hive、Spark、流式计算、实时计算等大数据相关技术者优先,熟练使用linux操作系统',7,'广州',15000,7000,'2020-01-01',NULL,1,123,9,5,829),(841,'大数据开发工程师','熟悉Hadoop、Hive、Spark、流式计算、实时计算等大数据相关技术者优先,熟练使用linux操作系统',10,'天津',20000,9000,'2020-01-01',NULL,1,98,9,6,830),(842,'大数据开发工程师','熟悉Hadoop、Hive、Spark、流式计算、实时计算等大数据相关技术者优先,熟练使用linux操作系统',4,'武汉',11000,6000,'2020-01-01',NULL,1,106,9,15,831),(843,'大数据开发工程师（研发中心）','熟悉Hadoop、Hive、Spark、流式计算、实时计算等大数据相关技术者优先,熟练使用linux操作系统',2,'南京',15000,8000,'2020-01-01',NULL,1,62,9,10,832),(844,'大数据开发工程师','熟悉Hadoop、Hive、Spark、流式计算、实时计算等大数据相关技术者优先,熟练使用linux操作系统',10,'南京',16000,8000,'2020-01-01',NULL,1,120,9,4,833),(845,'大数据开发工程师','熟悉Hadoop、Hive、Spark、流式计算、实时计算等大数据相关技术者优先,熟练使用linux操作系统',15,'上海',20000,9000,'2020-01-01',NULL,1,21,9,19,834),(846,'大数据开发工程师（工业能源领域） (职位编号：116336880)','熟悉Hadoop、Hive、Spark、流式计算、实时计算等大数据相关技术者优先,熟练使用linux操作系统',4,'上海',20000,8000,'2020-01-01',NULL,1,46,9,19,835),(847,'大数据开发工程师','熟悉Hadoop、Hive、Spark、流式计算、实时计算等大数据相关技术者优先,熟练使用linux操作系统',4,'上海',16000,5000,'2020-01-01',NULL,1,3,9,0,836),(848,'大数据开发工程师 (职位编号：TCL001098)','熟悉Hadoop、Hive、Spark、流式计算、实时计算等大数据相关技术者优先,熟练使用linux操作系统',5,'惠州',16000,8000,'2020-01-01',NULL,1,68,9,12,837),(849,'25664-大数据开发工程师（腾讯云全资子公司）','熟悉Hadoop、Hive、Spark、流式计算、实时计算等大数据相关技术者优先,熟练使用linux操作系统',14,'西安',15000,7000,'2020-01-01',NULL,1,60,9,10,838),(850,'大数据开发工程师','熟悉Hadoop、Hive、Spark、流式计算、实时计算等大数据相关技术者优先,熟练使用linux操作系统',1,'深圳',15000,9000,'2020-01-01',NULL,1,65,9,7,839),(851,'大数据开发工程师','熟悉Hadoop、Hive、Spark、流式计算、实时计算等大数据相关技术者优先,熟练使用linux操作系统',8,'上海',15000,8000,'2020-01-01',NULL,1,61,9,8,840),(852,'大数据开发工程师','熟悉Hadoop、Hive、Spark、流式计算、实时计算等大数据相关技术者优先,熟练使用linux操作系统',4,'厦门',16000,5000,'2020-01-01',NULL,1,25,9,14,841),(853,'大数据开发工程师-上海-01803','熟悉Hadoop、Hive、Spark、流式计算、实时计算等大数据相关技术者优先,熟练使用linux操作系统',0,'上海',15000,7000,'2020-01-01',NULL,1,84,9,1,842),(854,'大数据开发工程师','熟悉Hadoop、Hive、Spark、流式计算、实时计算等大数据相关技术者优先,熟练使用linux操作系统',5,'北京',30000,5000,'2020-01-01',NULL,1,93,9,7,843),(855,'大数据开发工程师','熟悉Hadoop、Hive、Spark、流式计算、实时计算等大数据相关技术者优先,熟练使用linux操作系统',3,'广州',16000,6000,'2020-01-01',NULL,1,9,9,13,844),(856,'大数据开发工程师','熟悉Hadoop、Hive、Spark、流式计算、实时计算等大数据相关技术者优先,熟练使用linux操作系统',3,'广州',11000,9000,'2020-01-01',NULL,1,72,9,8,845),(857,'大数据开发运维工程师','熟悉Hadoop、Hive、Spark、流式计算、实时计算等大数据相关技术者优先,熟练使用linux操作系统',5,'上海',30000,8000,'2020-01-01',NULL,1,50,9,6,846),(858,'大数据开发工程师','熟悉Hadoop、Hive、Spark、流式计算、实时计算等大数据相关技术者优先,熟练使用linux操作系统',3,'广州',30000,7000,'2020-01-01',NULL,1,87,9,0,847),(859,'大数据开发工程师','熟悉Hadoop、Hive、Spark、流式计算、实时计算等大数据相关技术者优先,熟练使用linux操作系统',10,'深圳',30000,5000,'2020-01-01',NULL,1,31,9,17,848),(860,'大数据开发工程师','熟悉Hadoop、Hive、Spark、流式计算、实时计算等大数据相关技术者优先,熟练使用linux操作系统',7,'上海',15000,8000,'2020-01-01',NULL,1,111,9,20,849),(861,'高级大数据开发工程师','熟悉Hadoop、Hive、Spark、流式计算、实时计算等大数据相关技术者优先,熟练使用linux操作系统',0,'北京',23000,8000,'2020-01-01',NULL,1,91,9,1,850),(862,'初中级大数据开发工程师','熟悉Hadoop、Hive、Spark、流式计算、实时计算等大数据相关技术者优先,熟练使用linux操作系统',10,'广州',15000,7000,'2020-01-01',NULL,1,100,9,11,851),(863,'高级大数据开发工程师(000771) (职位编号：UEC000771)','熟悉Hadoop、Hive、Spark、流式计算、实时计算等大数据相关技术者优先,熟练使用linux操作系统',1,'北京',20000,7000,'2020-01-01',NULL,1,79,9,9,852),(864,'大数据开发工程师','熟悉Hadoop、Hive、Spark、流式计算、实时计算等大数据相关技术者优先,熟练使用linux操作系统',7,'珠海',23000,5000,'2020-01-01',NULL,1,114,9,17,853),(865,'大数据开发工程师','熟悉Hadoop、Hive、Spark、流式计算、实时计算等大数据相关技术者优先,熟练使用linux操作系统',0,'广州',20000,8000,'2020-01-01',NULL,1,133,9,16,854),(866,'大数据开发工程师','熟悉Hadoop、Hive、Spark、流式计算、实时计算等大数据相关技术者优先,熟练使用linux操作系统',4,'深圳',15000,7000,'2020-01-01',NULL,1,45,9,7,855),(867,'高级大数据开发工程师','熟悉Hadoop、Hive、Spark、流式计算、实时计算等大数据相关技术者优先,熟练使用linux操作系统',0,'广州',30000,7000,'2020-01-01',NULL,1,61,9,14,856),(868,'大数据开发工程师','熟悉Hadoop、Hive、Spark、流式计算、实时计算等大数据相关技术者优先,熟练使用linux操作系统',1,'北京',23000,5000,'2020-01-01',NULL,1,116,9,10,857),(869,'大数据开发工程师','熟悉Hadoop、Hive、Spark、流式计算、实时计算等大数据相关技术者优先,熟练使用linux操作系统',0,'北京',30000,7000,'2020-01-01',NULL,1,99,9,11,858),(870,'大数据开发工程师（金融科技）','熟悉Hadoop、Hive、Spark、流式计算、实时计算等大数据相关技术者优先,熟练使用linux操作系统',0,'上海',20000,6000,'2020-01-01',NULL,1,113,9,11,859),(871,'大数据开发工程师','熟悉Hadoop、Hive、Spark、流式计算、实时计算等大数据相关技术者优先,熟练使用linux操作系统',15,'上海',15000,6000,'2020-01-01',NULL,1,7,9,12,860),(872,'信息安全-大数据开发工程师-XX6002','熟悉Hadoop、Hive、Spark、流式计算、实时计算等大数据相关技术者优先,熟练使用linux操作系统',5,'北京',30000,8000,'2020-01-01',NULL,1,104,9,3,861),(873,'大数据开发工程师-武汉-01121','熟悉Hadoop、Hive、Spark、流式计算、实时计算等大数据相关技术者优先,熟练使用linux操作系统',6,'武汉',20000,7000,'2020-01-01',NULL,1,24,9,6,862),(874,'大数据开发工程师(广告)-WLW','熟悉Hadoop、Hive、Spark、流式计算、实时计算等大数据相关技术者优先,熟练使用linux操作系统',15,'深圳',11000,6000,'2020-01-01',NULL,1,124,9,19,863),(875,'大数据开发（集团）','熟悉Hadoop、Hive、Spark、流式计算、实时计算等大数据相关技术者优先,熟练使用linux操作系统',2,'广州',16000,7000,'2020-01-01',NULL,1,20,9,1,864),(876,'大数据开发工程师','熟悉Hadoop、Hive、Spark、流式计算、实时计算等大数据相关技术者优先,熟练使用linux操作系统',15,'深圳',20000,8000,'2020-01-01',NULL,1,5,9,7,865),(877,'大数据开发工程师','熟悉Hadoop、Hive、Spark、流式计算、实时计算等大数据相关技术者优先,熟练使用linux操作系统',8,'深圳',30000,6000,'2020-01-01',NULL,1,17,9,10,866),(878,'大数据开发工程师','熟悉Hadoop、Hive、Spark、流式计算、实时计算等大数据相关技术者优先,熟练使用linux操作系统',5,'北京',16000,9000,'2020-01-01',NULL,1,10,9,5,867),(879,'大数据开发工程师','熟悉Hadoop、Hive、Spark、流式计算、实时计算等大数据相关技术者优先,熟练使用linux操作系统',1,'武汉',11000,7000,'2020-01-01',NULL,1,143,9,13,868),(880,'大数据开发工程师','熟悉Hadoop、Hive、Spark、流式计算、实时计算等大数据相关技术者优先,熟练使用linux操作系统',2,'上海',16000,6000,'2020-01-01',NULL,1,51,9,19,869),(881,'大数据开发工程师','熟悉Hadoop、Hive、Spark、流式计算、实时计算等大数据相关技术者优先,熟练使用linux操作系统',12,'郑州',30000,5000,'2020-01-01',NULL,1,71,9,16,870),(882,'大数据开发运营可实习','熟悉Hadoop、Hive、Spark、流式计算、实时计算等大数据相关技术者优先,熟练使用linux操作系统',14,'上海',20000,7000,'2020-01-01',NULL,1,126,9,3,871),(883,'大数据开发工程师','熟悉Hadoop、Hive、Spark、流式计算、实时计算等大数据相关技术者优先,熟练使用linux操作系统',14,'深圳',23000,9000,'2020-01-01',NULL,1,57,9,20,872),(884,'大数据开发工程师','熟悉Hadoop、Hive、Spark、流式计算、实时计算等大数据相关技术者优先,熟练使用linux操作系统',9,'娄底',11000,9000,'2020-01-01',NULL,1,35,9,11,873),(885,'大数据开发工程师','熟悉Hadoop、Hive、Spark、流式计算、实时计算等大数据相关技术者优先,熟练使用linux操作系统',12,'沈阳',16000,5000,'2020-01-01',NULL,1,122,9,13,874),(886,'大数据开发工程师','熟悉Hadoop、Hive、Spark、流式计算、实时计算等大数据相关技术者优先,熟练使用linux操作系统',2,'济南',11000,5000,'2020-01-01',NULL,1,31,9,17,875),(887,'大数据开发人员（上海）','熟悉Hadoop、Hive、Spark、流式计算、实时计算等大数据相关技术者优先,熟练使用linux操作系统',9,'上海',11000,6000,'2020-01-01',NULL,1,26,9,2,876),(888,'资深大数据开发工程师（车联网方向）','熟悉Hadoop、Hive、Spark、流式计算、实时计算等大数据相关技术者优先,熟练使用linux操作系统',12,'上海',30000,9000,'2020-01-01',NULL,1,84,9,14,877),(889,'LLZ-024-大数据开发','熟悉Hadoop、Hive、Spark、流式计算、实时计算等大数据相关技术者优先,熟练使用linux操作系统',8,'杭州',30000,7000,'2020-01-01',NULL,1,0,9,16,878),(890,'29912-微视大数据开发工程师 (职位编号：57711)','熟悉Hadoop、Hive、Spark、流式计算、实时计算等大数据相关技术者优先,熟练使用linux操作系统',12,'深圳',16000,6000,'2020-01-01',NULL,1,33,9,19,879),(891,'大数据开发工程师 (职位编号：19841)','熟悉Hadoop、Hive、Spark、流式计算、实时计算等大数据相关技术者优先,熟练使用linux操作系统',9,'北京',21000,8000,'2020-01-01',NULL,1,30,9,16,880),(892,'大数据开发工程师','熟悉Hadoop、Hive、Spark、流式计算、实时计算等大数据相关技术者优先,熟练使用linux操作系统',1,'南昌',20000,8000,'2020-01-01',NULL,1,90,9,0,881),(893,'大数据开发','熟悉Hadoop、Hive、Spark、流式计算、实时计算等大数据相关技术者优先,熟练使用linux操作系统',15,'广州',15000,8000,'2020-01-01',NULL,1,84,9,9,882),(894,'高级大数据开发（研究开发部）','熟悉Hadoop、Hive、Spark、流式计算、实时计算等大数据相关技术者优先,熟练使用linux操作系统',1,'深圳',21000,8000,'2020-01-01',NULL,1,112,9,7,883),(895,'大数据开发工程师','熟悉Hadoop、Hive、Spark、流式计算、实时计算等大数据相关技术者优先,熟练使用linux操作系统',7,'南京',20000,8000,'2020-01-01',NULL,1,94,9,5,884),(896,'大数据开发工程师（2020校招岗位）','熟悉Hadoop、Hive、Spark、流式计算、实时计算等大数据相关技术者优先,熟练使用linux操作系统',6,'广州',16000,5000,'2020-01-01',NULL,1,128,9,10,885),(897,'大数据开发工程师','熟悉Hadoop、Hive、Spark、流式计算、实时计算等大数据相关技术者优先,熟练使用linux操作系统',9,'深圳',30000,5000,'2020-01-01',NULL,1,59,9,6,886),(898,'大数据开发工程师-成都','熟悉Hadoop、Hive、Spark、流式计算、实时计算等大数据相关技术者优先,熟练使用linux操作系统',9,'成都',20000,6000,'2020-01-01',NULL,1,93,9,2,887),(899,'大数据开发工程师','熟悉Hadoop、Hive、Spark、流式计算、实时计算等大数据相关技术者优先,熟练使用linux操作系统',13,'上海',20000,8000,'2020-01-01',NULL,1,46,9,18,888),(900,'大数据开发工程师','熟悉Hadoop、Hive、Spark、流式计算、实时计算等大数据相关技术者优先,熟练使用linux操作系统',12,'北京',21000,5000,'2020-01-01',NULL,1,55,9,5,889),(901,'大数据开发工程师','熟悉Hadoop、Hive、Spark、流式计算、实时计算等大数据相关技术者优先,熟练使用linux操作系统',2,'昆明',11000,5000,'2020-01-01',NULL,1,38,9,9,890),(902,'大数据开发工程师','熟悉Hadoop、Hive、Spark、流式计算、实时计算等大数据相关技术者优先,熟练使用linux操作系统',1,'北京',21000,8000,'2020-01-01',NULL,1,65,9,19,891),(903,'大数据开发工程师','熟悉Hadoop、Hive、Spark、流式计算、实时计算等大数据相关技术者优先,熟练使用linux操作系统',6,'深圳',11000,5000,'2020-01-01',NULL,1,74,9,10,892),(904,'大数据开发工程师','熟悉Hadoop、Hive、Spark、流式计算、实时计算等大数据相关技术者优先,熟练使用linux操作系统',5,'佛山',30000,6000,'2020-01-01',NULL,1,75,9,19,893),(905,'大数据开发实习生 (职位编号：01)','熟悉Hadoop、Hive、Spark、流式计算、实时计算等大数据相关技术者优先,熟练使用linux操作系统',10,'北京',21000,6000,'2020-01-01',NULL,1,97,9,11,894),(906,'大数据开发工程师','熟悉Hadoop、Hive、Spark、流式计算、实时计算等大数据相关技术者优先,熟练使用linux操作系统',5,'长沙',16000,8000,'2020-01-01',NULL,1,104,9,18,895),(907,'大数据开发工程师 (职位编号：机票)','熟悉Hadoop、Hive、Spark、流式计算、实时计算等大数据相关技术者优先,熟练使用linux操作系统',0,'苏州',11000,5000,'2020-01-01',NULL,1,112,9,5,896),(908,'大数据开发','熟悉Hadoop、Hive、Spark、流式计算、实时计算等大数据相关技术者优先,熟练使用linux操作系统',10,'上海',11000,6000,'2020-01-01',NULL,1,64,9,10,897),(909,'java大数据开发助理岗','熟悉Hadoop、Hive、Spark、流式计算、实时计算等大数据相关技术者优先,熟练使用linux操作系统',3,'武汉',16000,5000,'2020-01-01',NULL,1,10,9,3,898),(910,'大数据开发工程师','熟悉Hadoop、Hive、Spark、流式计算、实时计算等大数据相关技术者优先,熟练使用linux操作系统',9,'深圳',16000,7000,'2020-01-01',NULL,1,59,9,12,899),(911,'大数据开发工程师','熟悉Hadoop、Hive、Spark、流式计算、实时计算等大数据相关技术者优先,熟练使用linux操作系统',6,'广州',23000,5000,'2020-01-01',NULL,1,5,9,4,900),(912,'大数据开发工程师（金融国企）','熟悉Hadoop、Hive、Spark、流式计算、实时计算等大数据相关技术者优先,熟练使用linux操作系统',10,'南京',16000,9000,'2020-01-01',NULL,1,40,9,19,901),(913,'大数据开发工程师','熟悉Hadoop、Hive、Spark、流式计算、实时计算等大数据相关技术者优先,熟练使用linux操作系统',7,'杭州',21000,9000,'2020-01-01',NULL,1,72,9,12,902),(914,'大数据开发工程师','熟悉Hadoop、Hive、Spark、流式计算、实时计算等大数据相关技术者优先,熟练使用linux操作系统',3,'成都',11000,9000,'2020-01-01',NULL,1,109,9,0,903),(915,'区块链开发工程师','良好的c/c++语言基础，熟悉区块链技术',7,'深圳',20000,7000,'2020-01-01',NULL,1,25,10,1,904),(916,'区块链开发工程师','良好的c/c++语言基础，熟悉区块链技术',5,'广州',11000,8000,'2020-01-01',NULL,1,88,10,0,905),(917,'三级等保　互联网医院　区块链软件服务平台','良好的c/c++语言基础，熟悉区块链技术',1,'上海',11000,9000,'2020-01-01',NULL,1,97,10,2,906),(918,'品牌公关总监（区块链）','良好的c/c++语言基础，熟悉区块链技术',3,'上海',21000,5000,'2020-01-01',NULL,1,22,10,15,907),(919,'区块链高级研发工程师','良好的c/c++语言基础，熟悉区块链技术',12,'北京',16000,8000,'2020-01-01',NULL,1,132,10,12,908),(920,'区块链开发工程师','良好的c/c++语言基础，熟悉区块链技术',10,'上海',16000,8000,'2020-01-01',NULL,1,2,10,8,909),(921,'CVL - （区块链）媒体实习生','良好的c/c++语言基础，熟悉区块链技术',9,'上海',23000,7000,'2020-01-01',NULL,1,37,10,4,910),(922,'《25万顶薪》区块链运营专员 Topgames互联网游戏公司','良好的c/c++语言基础，熟悉区块链技术',6,'广州',23000,8000,'2020-01-01',NULL,1,45,10,2,911),(923,'区块链解决方案经理','良好的c/c++语言基础，熟悉区块链技术',1,'深圳',21000,6000,'2020-01-01',NULL,1,95,10,4,912),(924,'区块链技术专家','良好的c/c++语言基础，熟悉区块链技术',6,'深圳',16000,8000,'2020-01-01',NULL,1,102,10,5,913),(925,'键盘侠+区块链/纯线上文字销售（无责5.5K）','良好的c/c++语言基础，熟悉区块链技术',0,'上海',20000,8000,'2020-01-01',NULL,1,56,10,0,914),(926,'区块链项目经理','良好的c/c++语言基础，熟悉区块链技术',7,'广州',20000,9000,'2020-01-01',NULL,1,110,10,15,915),(927,'Go语言研发实习生(区块链方向)','良好的c/c++语言基础，熟悉区块链技术',1,'北京',30000,6000,'2020-01-01',NULL,1,78,10,14,916),(928,'区块链应用工程师','良好的c/c++语言基础，熟悉区块链技术',12,'深圳',16000,8000,'2020-01-01',NULL,1,125,10,7,917),(929,'商务拓展经理（区块链行业机构销售/IR方向）','良好的c/c++语言基础，熟悉区块链技术',11,'上海',21000,9000,'2020-01-01',NULL,1,53,10,4,918),(930,'区块链研究员(000650) (职位编号：000650)','良好的c/c++语言基础，熟悉区块链技术',8,'成都',23000,5000,'2020-01-01',NULL,1,81,10,3,919),(931,'区块链培训讲师','良好的c/c++语言基础，熟悉区块链技术',8,'成都',21000,5000,'2020-01-01',NULL,1,35,10,19,920),(932,'销售（区块链）','良好的c/c++语言基础，熟悉区块链技术',7,'深圳',20000,6000,'2020-01-01',NULL,1,125,10,9,921),(933,'高级Java开发工程师（区块链）','良好的c/c++语言基础，熟悉区块链技术',15,'武汉',15000,9000,'2020-01-01',NULL,1,51,10,2,922),(934,'区块链开发','良好的c/c++语言基础，熟悉区块链技术',6,'上海',16000,7000,'2020-01-01',NULL,1,81,10,10,923),(935,'区块链技术工程师','良好的c/c++语言基础，熟悉区块链技术',15,'南昌',21000,8000,'2020-01-01',NULL,1,53,10,7,924),(936,'区块链与安全工程师','良好的c/c++语言基础，熟悉区块链技术',7,'北京',23000,5000,'2020-01-01',NULL,1,63,10,4,925),(937,'区块链量化投资总监','良好的c/c++语言基础，熟悉区块链技术',8,'上海',30000,6000,'2020-01-01',NULL,1,106,10,4,926),(938,'区块链Golang开发','良好的c/c++语言基础，熟悉区块链技术',4,'杭州',15000,6000,'2020-01-01',NULL,1,140,10,16,927),(939,'区块链应用工程师','良好的c/c++语言基础，熟悉区块链技术',4,'武汉',23000,6000,'2020-01-01',NULL,1,40,10,10,928),(940,'产品经理(人工智能、区块链)','良好的c/c++语言基础，熟悉区块链技术',7,'北京',20000,7000,'2020-01-01',NULL,1,124,10,10,929),(941,'区块链开发工程师','良好的c/c++语言基础，熟悉区块链技术',1,'广州',30000,5000,'2020-01-01',NULL,1,34,10,14,930),(942,'区块链工程师','良好的c/c++语言基础，熟悉区块链技术',9,'广州',16000,9000,'2020-01-01',NULL,1,38,10,6,931),(943,'区块链工程师','良好的c/c++语言基础，熟悉区块链技术',4,'东莞',11000,6000,'2020-01-01',NULL,1,112,10,16,932),(944,'Java开发工程师  6-12K  五险一金、区块链技术','良好的c/c++语言基础，熟悉区块链技术',7,'广州',21000,8000,'2020-01-01',NULL,1,110,10,7,933),(945,'区块链技术研发工程师','良好的c/c++语言基础，熟悉区块链技术',11,'广州',30000,8000,'2020-01-01',NULL,1,44,10,16,934),(946,'数据分析师-区块链方向','良好的c/c++语言基础，熟悉区块链技术',0,'西安',16000,6000,'2020-01-01',NULL,1,28,10,18,935),(947,'区块链开发工程师','良好的c/c++语言基础，熟悉区块链技术',2,'上海',21000,6000,'2020-01-01',NULL,1,141,10,11,936),(948,'区块链工程师','良好的c/c++语言基础，熟悉区块链技术',5,'杭州',11000,8000,'2020-01-01',NULL,1,123,10,6,937),(949,'区块链开发工程师','良好的c/c++语言基础，熟悉区块链技术',12,'成都',20000,6000,'2020-01-01',NULL,1,6,10,8,938),(950,'区块链前端开发','良好的c/c++语言基础，熟悉区块链技术',0,'福州',11000,9000,'2020-01-01',NULL,1,72,10,4,939),(951,'㊣㊣㊣ 区块链高级开发工程师（公链）','良好的c/c++语言基础，熟悉区块链技术',3,'广州',20000,5000,'2020-01-01',NULL,1,136,10,7,940),(952,'区块链开发工程师','良好的c/c++语言基础，熟悉区块链技术',13,'北京',15000,5000,'2020-01-01',NULL,1,55,10,0,941),(953,'区块链研发工程师','良好的c/c++语言基础，熟悉区块链技术',1,'深圳',30000,8000,'2020-01-01',NULL,1,83,10,16,942),(954,'区块链开发工程师','良好的c/c++语言基础，熟悉区块链技术',9,'上海',21000,8000,'2020-01-01',NULL,1,15,10,3,943),(955,'区块链底层研发工程师','良好的c/c++语言基础，熟悉区块链技术',0,'广州',20000,6000,'2020-01-01',NULL,1,143,10,20,944),(956,'区块链工程师','良好的c/c++语言基础，熟悉区块链技术',6,'深圳',15000,6000,'2020-01-01',NULL,1,29,10,3,945),(957,'高级区块链工程师','良好的c/c++语言基础，熟悉区块链技术',4,'宁波',30000,8000,'2020-01-01',NULL,1,80,10,5,946),(958,'区块链技术专家','良好的c/c++语言基础，熟悉区块链技术',0,'上海',16000,8000,'2020-01-01',NULL,1,76,10,15,947),(959,'区块链开发','良好的c/c++语言基础，熟悉区块链技术',5,'上海',21000,7000,'2020-01-01',NULL,1,60,10,8,948),(960,'区块链开发工程师','良好的c/c++语言基础，熟悉区块链技术',0,'深圳',15000,5000,'2020-01-01',NULL,1,99,10,12,949),(961,'区块链产品经理','良好的c/c++语言基础，熟悉区块链技术',5,'深圳',23000,5000,'2020-01-01',NULL,1,77,10,2,950),(962,'区块链研发工程师','良好的c/c++语言基础，熟悉区块链技术',5,'广州',21000,7000,'2020-01-01',NULL,1,25,10,17,951),(963,'区块链开发工程师','良好的c/c++语言基础，熟悉区块链技术',13,'深圳',20000,7000,'2020-01-01',NULL,1,52,10,12,952),(964,'资深区块链项目经理','良好的c/c++语言基础，熟悉区块链技术',1,'上海',16000,9000,'2020-01-01',NULL,1,68,10,8,953),(965,'前端高级开发工程师(区块链)','良好的c/c++语言基础，熟悉区块链技术',6,'成都',15000,5000,'2020-01-01',NULL,1,107,10,17,954),(966,'区块链研究员','良好的c/c++语言基础，熟悉区块链技术',1,'大连',30000,7000,'2020-01-01',NULL,1,52,10,8,955),(967,'高级区块链工程师','良好的c/c++语言基础，熟悉区块链技术',6,'柳州',15000,9000,'2020-01-01',NULL,1,0,10,20,956),(968,'区块链工程师','良好的c/c++语言基础，熟悉区块链技术',3,'深圳',15000,5000,'2020-01-01',NULL,1,15,10,17,957),(969,'区块链技术工程师','良好的c/c++语言基础，熟悉区块链技术',4,'北京',30000,9000,'2020-01-01',NULL,1,57,10,14,958),(970,'区块链高级Java开发工程师','良好的c/c++语言基础，熟悉区块链技术',2,'成都',20000,5000,'2020-01-01',NULL,1,21,10,20,959),(971,'区块链平台部负责人 (职位编号：baoneng006864)','良好的c/c++语言基础，熟悉区块链技术',15,'深圳',21000,8000,'2020-01-01',NULL,1,33,10,13,960),(972,'区块链开发工程师','良好的c/c++语言基础，熟悉区块链技术',3,'重庆',21000,9000,'2020-01-01',NULL,1,7,10,8,961),(973,'ICBU技术部-区块链技术专家 (职位编号：GP528328)','良好的c/c++语言基础，熟悉区块链技术',11,'深圳',20000,6000,'2020-01-01',NULL,1,113,10,7,962),(974,'29777-区块链应用售前架构师（深圳、北京）（北京） (职位编号：52398)','良好的c/c++语言基础，熟悉区块链技术',2,'北京',30000,6000,'2020-01-01',NULL,1,142,10,18,963),(975,'区块链开发高级工程师','良好的c/c++语言基础，熟悉区块链技术',1,'上海',30000,8000,'2020-01-01',NULL,1,134,10,20,964),(976,'区块链开发工程师','良好的c/c++语言基础，熟悉区块链技术',9,'广州',16000,6000,'2020-01-01',NULL,1,91,10,11,965),(977,'区块链平台币运营经理','良好的c/c++语言基础，熟悉区块链技术',4,'武汉',23000,7000,'2020-01-01',NULL,1,114,10,20,966),(978,'区块链编辑','良好的c/c++语言基础，熟悉区块链技术',4,'武汉',21000,7000,'2020-01-01',NULL,1,80,10,15,967),(979,'区块链运营实习生','良好的c/c++语言基础，熟悉区块链技术',7,'青岛',30000,8000,'2020-01-01',NULL,1,61,10,0,968),(980,'区块链开发工程师','良好的c/c++语言基础，熟悉区块链技术',11,'上海',15000,6000,'2020-01-01',NULL,1,137,10,18,969),(981,'区块链运营','良好的c/c++语言基础，熟悉区块链技术',4,'西安',30000,6000,'2020-01-01',NULL,1,128,10,13,970),(982,'区块链工程师','良好的c/c++语言基础，熟悉区块链技术',2,'金昌',20000,9000,'2020-01-01',NULL,1,85,10,16,971),(983,'品牌总监（区块链）','良好的c/c++语言基础，熟悉区块链技术',5,'上海',15000,5000,'2020-01-01',NULL,1,120,10,11,972),(984,'区块链运营经理/总监','良好的c/c++语言基础，熟悉区块链技术',13,'深圳',16000,9000,'2020-01-01',NULL,1,140,10,5,973),(985,'区块链技术工程师','良好的c/c++语言基础，熟悉区块链技术',11,'北京',21000,7000,'2020-01-01',NULL,1,52,10,10,974),(986,'区块链产品开发工程师','良好的c/c++语言基础，熟悉区块链技术',3,'深圳',11000,7000,'2020-01-01',NULL,1,83,10,9,975),(987,'区块链技术学徒','良好的c/c++语言基础，熟悉区块链技术',14,'深圳',11000,8000,'2020-01-01',NULL,1,64,10,13,976),(988,'区块链应用专家(J10815)','良好的c/c++语言基础，熟悉区块链技术',14,'深圳',16000,6000,'2020-01-01',NULL,1,58,10,6,977),(989,'区块链解决方案总监/高级经理','良好的c/c++语言基础，熟悉区块链技术',0,'杭州',23000,8000,'2020-01-01',NULL,1,97,10,16,978),(990,'区块链工程师','良好的c/c++语言基础，熟悉区块链技术',1,'广州',23000,8000,'2020-01-01',NULL,1,34,10,12,979),(991,'区块链开发工程师（高级）','良好的c/c++语言基础，熟悉区块链技术',11,'广州',20000,5000,'2020-01-01',NULL,1,5,10,13,980),(992,'区块链工程师','良好的c/c++语言基础，熟悉区块链技术',7,'广州',21000,5000,'2020-01-01',NULL,1,103,10,10,981),(993,'GO工程师（区块链）','良好的c/c++语言基础，熟悉区块链技术',13,'杭州',30000,6000,'2020-01-01',NULL,1,64,10,19,982),(994,'PHP开发工程师（区块链方向）','良好的c/c++语言基础，熟悉区块链技术',13,'广州',21000,9000,'2020-01-01',NULL,1,49,10,11,983),(995,'区块链应用工程师','良好的c/c++语言基础，熟悉区块链技术',9,'上海',15000,5000,'2020-01-01',NULL,1,39,10,6,984),(996,'区块链研发工程师','良好的c/c++语言基础，熟悉区块链技术',11,'南京',16000,9000,'2020-01-01',NULL,1,129,10,14,985),(997,'区块链研究实习生','良好的c/c++语言基础，熟悉区块链技术',3,'广州',11000,9000,'2020-01-01',NULL,1,94,10,8,986),(998,'区块链技术工程师SGW108 (职位编号：caict002240)','良好的c/c++语言基础，熟悉区块链技术',4,'北京',20000,8000,'2020-01-01',NULL,1,7,10,5,987),(999,'区块链开发工程师','良好的c/c++语言基础，熟悉区块链技术',10,'成都',15000,9000,'2020-01-01',NULL,1,102,10,7,988),(1000,'区块链技术专职教师','良好的c/c++语言基础，熟悉区块链技术',1,'南昌',30000,7000,'2020-01-01',NULL,1,8,10,16,989),(1001,'区块链应用工程师','良好的c/c++语言基础，熟悉区块链技术',0,'福州',21000,7000,'2020-01-01',NULL,1,88,10,13,990),(1002,'客服运营专员（区块链方向）','良好的c/c++语言基础，熟悉区块链技术',3,'深圳',15000,6000,'2020-01-01',NULL,1,135,10,10,991),(1003,'产品经理（区块链）','良好的c/c++语言基础，熟悉区块链技术',4,'北京',20000,5000,'2020-01-01',NULL,1,95,10,1,992),(1004,'区块链实习生助理-实习生招聘','良好的c/c++语言基础，熟悉区块链技术',2,'深圳',15000,5000,'2020-01-01',NULL,1,121,10,20,993),(1005,'区块链开发工程师','良好的c/c++语言基础，熟悉区块链技术',12,'深圳',30000,8000,'2020-01-01',NULL,1,110,10,3,994),(1006,'区块链工程师','良好的c/c++语言基础，熟悉区块链技术',7,'镇江',16000,7000,'2020-01-01',NULL,1,114,10,19,995),(1007,'高级产品经理（区块链）','良好的c/c++语言基础，熟悉区块链技术',10,'成都',16000,6000,'2020-01-01',NULL,1,5,10,16,996),(1008,'区块链技术总监','良好的c/c++语言基础，熟悉区块链技术',13,'深圳',16000,5000,'2020-01-01',NULL,1,59,10,17,997),(1009,'Java开发工程师(区块链)','良好的c/c++语言基础，熟悉区块链技术',14,'成都',21000,9000,'2020-01-01',NULL,1,126,10,16,998),(1010,'销售经理（区块链）','良好的c/c++语言基础，熟悉区块链技术',8,'深圳',21000,8000,'2020-01-01',NULL,1,126,10,10,999),(1011,'研究员（区块链）(J11240)','良好的c/c++语言基础，熟悉区块链技术',4,'北京',16000,5000,'2020-01-01',NULL,1,112,10,11,1000),(1012,'区块链研发经理','良好的c/c++语言基础，熟悉区块链技术',4,'广州',30000,6000,'2020-01-01',NULL,1,86,10,14,1001),(1013,'区块链研发经理','良好的c/c++语言基础，熟悉区块链技术',0,'广州',15000,7000,'2020-01-01',NULL,1,82,10,5,1002),(1014,'产品经理（区块链）','良好的c/c++语言基础，熟悉区块链技术',10,'上海',30000,5000,'2020-01-01',NULL,1,88,10,18,1003);
/*!40000 ALTER TABLE `position` ENABLE KEYS */;

--
-- Table structure for table `recruit_category`
--

DROP TABLE IF EXISTS `recruit_category`;
/*!40101 SET @saved_cs_client     = @@character_set_client */;
/*!50503 SET character_set_client = utf8mb4 */;
CREATE TABLE `recruit_category` (
  `id` bigint NOT NULL AUTO_INCREMENT COMMENT 'ID',
  `category_name` varchar(50) NOT NULL COMMENT '分类名称',
  `description` text COMMENT '描述',
  `parent_id` bigint DEFAULT NULL COMMENT '父ID',
  PRIMARY KEY (`id`)
) ENGINE=InnoDB AUTO_INCREMENT=18 DEFAULT CHARSET=utf8 COMMENT='岗位分类表';
/*!40101 SET character_set_client = @saved_cs_client */;

--
-- Dumping data for table `recruit_category`
--

/*!40000 ALTER TABLE `recruit_category` DISABLE KEYS */;
INSERT INTO `recruit_category` VALUES (1,'前端技术','前端技术技术大分类',NULL),(2,'后端技术','后端技术技术大分类',NULL),(3,'人工智能','人工智能技术大分类',NULL),(4,'大数据','大数据技术大分类',NULL),(5,'网络安全','网络安全技术大分类',NULL),(6,'人事/财务/行政','人事/财务/行政技术大分类',NULL),(7,'教育培训','教育培训技术大分类',NULL),(8,'Java','Java开发',2),(9,'C++','C++开发',2),(10,'PHP','PHP开发',1),(11,'.NET','.NET开发',2),(12,'Python','Python开发',3),(13,'数据挖掘','数据挖掘',4),(14,'网络安全','网络安全',5),(15,'机器学习','机器学习',3),(16,'大数据开发','大数据开发',4),(17,'区块链','区块链',4);
/*!40000 ALTER TABLE `recruit_category` ENABLE KEYS */;

--
-- Table structure for table `recruit_classroom`
--

DROP TABLE IF EXISTS `recruit_classroom`;
/*!40101 SET @saved_cs_client     = @@character_set_client */;
/*!50503 SET character_set_client = utf8mb4 */;
CREATE TABLE `recruit_classroom` (
  `id` bigint NOT NULL AUTO_INCREMENT COMMENT 'ID',
  `classroom` varchar(255) DEFAULT NULL COMMENT '教室名',
  `place` varchar(255) DEFAULT NULL COMMENT '地点',
  `capacity` int DEFAULT NULL COMMENT '容纳人数',
  `occupied` tinyint(1) DEFAULT '0' COMMENT '是否占用(0:没有占用，1:占用)',
  PRIMARY KEY (`id`)
) ENGINE=InnoDB AUTO_INCREMENT=27 DEFAULT CHARSET=utf8 COMMENT='教室表';
/*!40101 SET character_set_client = @saved_cs_client */;

--
-- Dumping data for table `recruit_classroom`
--

/*!40000 ALTER TABLE `recruit_classroom` DISABLE KEYS */;
INSERT INTO `recruit_classroom` VALUES (1,'博学楼101','北校区博学楼1号楼',241,1),(2,'博学楼102','北校区博学楼1号楼',241,1),(3,'博学楼103','北校区博学楼1号楼',241,0),(4,'博学楼104','北校区博学楼1号楼',241,1),(5,'博学楼105','北校区博学楼1号楼',241,1),(6,'博学楼201','北校区博学楼1号楼',241,0),(7,'博学楼202','北校区博学楼1号楼',241,0),(8,'博学楼203','北校区博学楼1号楼',241,0),(9,'博学楼204','北校区博学楼1号楼',241,1),(10,'博学楼205','北校区博学楼1号楼',241,0),(11,'博学楼301','北校区博学楼1号楼',241,0),(12,'博学楼302','北校区博学楼1号楼',241,1),(13,'博学楼303','北校区博学楼1号楼',241,0),(14,'博学楼304','北校区博学楼1号楼',241,0),(15,'博学楼305','北校区博学楼1号楼',241,0),(16,'博学楼401','北校区博学楼1号楼',241,0),(17,'博学楼402','北校区博学楼1号楼',241,0),(18,'博学楼403','北校区博学楼1号楼',241,0),(19,'博学楼404','北校区博学楼1号楼',241,0),(20,'博学楼405','北校区博学楼1号楼',241,0),(21,'博学楼501','北校区博学楼1号楼',241,0),(22,'博学楼502','北校区博学楼1号楼',241,0),(23,'博学楼503','北校区博学楼1号楼',241,0),(24,'博学楼503','北校区博学楼1号楼',241,0),(25,'博学楼504','北校区博学楼1号楼',241,0),(26,'博学楼505','北校区博学楼1号楼',241,0);
/*!40000 ALTER TABLE `recruit_classroom` ENABLE KEYS */;

--
-- Table structure for table `recruit_company_info`
--

DROP TABLE IF EXISTS `recruit_company_info`;
/*!40101 SET @saved_cs_client     = @@character_set_client */;
/*!50503 SET character_set_client = utf8mb4 */;
CREATE TABLE `recruit_company_info` (
  `id` bigint NOT NULL AUTO_INCREMENT,
  `name` varchar(255) NOT NULL COMMENT '公司名称',
  `address` varchar(255) NOT NULL COMMENT '公司地址',
  `phonenumber` varchar(255) NOT NULL COMMENT '联系电话',
  `logo` text COMMENT '公司LOGO',
  `license` text COMMENT '营业执照',
  `nature` tinyint(1) NOT NULL DEFAULT '0' COMMENT '企业性质',
  `description` varchar(255) DEFAULT NULL COMMENT '企业描述',
  `audit_state` tinyint(1) NOT NULL DEFAULT '0' COMMENT '审核状态',
  `hot` tinyint(1) NOT NULL DEFAULT '0' COMMENT '是否热门',
  `user_id` bigint NOT NULL DEFAULT '1' COMMENT '所属用户',
  PRIMARY KEY (`id`)
) ENGINE=InnoDB AUTO_INCREMENT=18 DEFAULT CHARSET=utf8 COMMENT='企业信息表';
/*!40101 SET character_set_client = @saved_cs_client */;

--
-- Dumping data for table `recruit_company_info`
--

/*!40000 ALTER TABLE `recruit_company_info` DISABLE KEYS */;
INSERT INTO `recruit_company_info` VALUES (1,'阿里巴巴','北京','13184523478','http://localhost:8080/profile/upload/logo/al.jpg','http://localhost:8080/profile/upload/logo/yyzz.png',0,'阿里巴巴网络技术有限公司（简称：阿里巴巴集团）是以曾担任英语教师的马云为首的18人于1999年在浙江杭州创立',2,0,1),(2,'滴滴出行','北京','13184523478','http://localhost:8080/profile/upload/logo/dd.jpg','http://localhost:8080/profile/upload/logo/yyzz.png',0,'滴滴出行是涵盖出租车、专车、 快车、顺风车、代驾及 大巴等多项业务在内的一站式出行平台，2015年9月9日由“滴滴打车”更名而来',3,0,2),(3,'搜狐媒体','北京','13184523478','http://localhost:8080/profile/upload/logo/souhu.jpg','http://localhost:8080/profile/upload/logo/yyzz.png',0,'搜狐公司是中国领先的互联网品牌，是中国最主要的新闻提供商，搜狐的网络资产给众多用户在信息、娱乐以及交流方面提供了广泛的选择',3,0,3),(4,'京东','北京','13184523478','http://localhost:8080/profile/upload/logo/jd.jpg','http://localhost:8080/profile/upload/logo/yyzz.png',0,'京东致力于成为一家为社会创造最大价值的公司。经过13年砥砺前行，京东在商业领域一次又一次突破创新，取得了跨越式发展',2,0,4),(5,'网易','北京','13184523478','http://localhost:8080/profile/upload/logo/wangyi.jpg','http://localhost:8080/profile/upload/logo/yyzz.png',0,'网易公司（NASDAQ: NTES）是中国的互联网公司，利用互联网技术，加强人与人之间信息的交流和共享，实现“网聚人的力量”',2,0,5),(6,'爱奇艺','北京','13184523478','http://localhost:8080/profile/upload/2021/06/10/6eb18257-395e-4197-96ed-03048ec0246e.jpg','http://localhost:8080/profile/upload/logo/yyzz.png',0,'自成立伊始，爱奇艺坚持“悦享品质”的公司理念，以“用户体验”为生命，专注为用户提供清晰、流畅、界面友好的观映体验',2,0,103),(8,'福州科技有限公司','福州','18250014239','http://localhost:8080/profile/upload/2021/05/09/ac6dd529-ebec-4fcc-9cda-0a00079faa0e.jpg','http://localhost:8080/profile/upload/2021/05/09/6384a9d3-50dc-4a55-884c-31206dafb821.jpg',0,NULL,2,0,101),(9,'shandong','运河开发区','13181351311','http://localhost:8080/profile/upload/2021/05/03/77caf9eb-3599-4ee0-b826-8e8121657a93.png','http://localhost:8080/profile/upload/2021/05/03/631ca984-2148-4874-8e0f-c964c3bb6ccd.png',0,'123',2,0,111),(10,'厦门有限公司','厦门','17777777777','http://localhost:8080/profile/upload/2021/05/04/a850c874-5f47-4754-96c9-e882006409c9.jpg','http://localhost:8080/profile/upload/2021/05/04/86d5c4d1-efd9-4e23-a9d7-59235985e0d5.jpg',0,NULL,3,0,105),(11,'漳州科技','漳州','15082301111','http://localhost:8080/profile/upload/2021/05/04/1bf4f605-e05b-45df-95c1-843f3d1a68ab.jpg','http://localhost:8080/profile/upload/2021/05/04/f2270259-eda4-4f0d-b2bf-fe69121bff37.jpg',0,NULL,2,0,106),(12,'龙岩科技','龙岩','15090329188','http://localhost:8080/profile/upload/2021/05/16/04549afe-e93a-4658-a6a9-76a027e7582a.jpg','http://localhost:8080/profile/upload/2021/05/16/7cce2f24-6e85-4644-b004-6c40864712e3.png',0,'很好',2,0,114),(13,'大连东软信息学院','大连东软信息学院','13840960846','http://localhost:8080/profile/upload/2021/05/18/3e5881b6-2206-43f5-b591-a40890a94d29.jpg','http://localhost:8080/profile/upload/2021/05/18/307bf429-3a70-4f43-8b24-b651d41d131f.jpg',0,'大连东软信息学院',2,0,116),(14,'福建金科有限公司','福建省福州市鼓区天马路22号','18514293987','http://localhost:8080/profile/upload/2021/05/31/49b205d8-3c81-4524-be0f-4cbbdad9fc80.jpg','http://localhost:8080/profile/upload/2021/05/31/3c02dfc9-382e-4a00-baa4-0f69ee92fdda.png',0,'很好',2,0,118),(15,'福建龙州公司','福建省龙岩市上杭','18514293980',NULL,NULL,0,'一家很不错的公司',3,0,169),(16,'福建博思有限公司','福建省福州市高新区','15080238167','http://localhost:8080/profile/upload/2021/06/09/eb35f89f-986b-495c-af06-cc8bce8b7051.jpg','http://localhost:8080/profile/upload/2021/06/09/6e1ebe10-426a-48c1-972b-804d18e28f95.jpg',0,'博思是一家平台型软件及信息化服务提供商，应用自主研发的“灵动业务架构平台（LiveBOS）”，为包括证券、期货、银行、电子交易市场等在内的金融行业及其他行业提供以业务流程管理（BPM）为核心、以“互联网+”应用为重点方向的信息化解决方案。',2,0,171),(17,'福州顶点科技','福建省福州市软件园','15080239188','http://localhost:8080/profile/upload/2021/06/10/db4b844f-e8b6-44c8-8716-e8a86b06c097.jpg','http://localhost:8080/profile/upload/2021/06/10/fd37efa5-66e6-4b4b-8e96-a1efa842dd35.jpg',0,'顶点科技强调“客户、员工与股东”的共同发展与进步，\n对外，追求为客户创造价值，与客户的共同发展；\n对内，追求员工与公司的共同进步，努力实现员工个人发展与企业长远发展的和谐统一。未来，顶点软件将通过深入挖掘客户需求，结合创新的思维与技术，实现“软件科技超越客户梦想”的追求，使顶点软件成为国内一流的软件企业，成为让客户、员工、股东以及社会所信赖并敬重的企业。\n',2,0,172);
/*!40000 ALTER TABLE `recruit_company_info` ENABLE KEYS */;

--
-- Table structure for table `recruit_delivery`
--

DROP TABLE IF EXISTS `recruit_delivery`;
/*!40101 SET @saved_cs_client     = @@character_set_client */;
/*!50503 SET character_set_client = utf8mb4 */;
CREATE TABLE `recruit_delivery` (
  `id` bigint NOT NULL AUTO_INCREMENT,
  `user_id` bigint DEFAULT NULL COMMENT '用户ID',
  `user_name` varchar(30) NOT NULL COMMENT '用户账号',
  `position_id` bigint DEFAULT NULL COMMENT '岗位信息ID',
  `position_name` varchar(255) DEFAULT NULL COMMENT '岗位名称',
  `company_id` bigint DEFAULT NULL COMMENT '公司ID',
  `company_name` varchar(255) DEFAULT NULL COMMENT '公司名称',
  `status` tinyint(1) DEFAULT '0' COMMENT '0：未处理，1：通过，2：拒绝',
  PRIMARY KEY (`id`)
) ENGINE=InnoDB AUTO_INCREMENT=32 DEFAULT CHARSET=utf8 COMMENT='简历投递信息表';
/*!40101 SET character_set_client = @saved_cs_client */;

--
-- Dumping data for table `recruit_delivery`
--

/*!40000 ALTER TABLE `recruit_delivery` DISABLE KEYS */;
INSERT INTO `recruit_delivery` VALUES (28,120,'3171905213',1022,'软件测试工程师',14,'福建金科有限公司',1),(29,120,'3171905213',1024,'软件测试',16,'福建博思有限公司',1),(31,120,'3171905213',1027,'软件测试',17,'福州顶点科技',1);
/*!40000 ALTER TABLE `recruit_delivery` ENABLE KEYS */;

--
-- Table structure for table `recruit_lecture`
--

DROP TABLE IF EXISTS `recruit_lecture`;
/*!40101 SET @saved_cs_client     = @@character_set_client */;
/*!50503 SET character_set_client = utf8mb4 */;
CREATE TABLE `recruit_lecture` (
  `id` bigint NOT NULL AUTO_INCREMENT,
  `company_name` varchar(255) DEFAULT NULL COMMENT '公司名称',
  `company_address` varchar(255) DEFAULT NULL COMMENT '公司地址',
  `description` varchar(255) DEFAULT NULL COMMENT '企业描述',
  `phone` varchar(11) DEFAULT NULL COMMENT '联系电话',
  `direct` varchar(11) DEFAULT NULL COMMENT '方向',
  `start_time` datetime DEFAULT CURRENT_TIMESTAMP COMMENT '开讲座时间',
  `classroom` varchar(255) DEFAULT NULL COMMENT '宣讲座地点（教室名）',
  `audit_state` tinyint(1) DEFAULT '0' COMMENT '审核状态',
  `type` tinyint(1) DEFAULT NULL COMMENT '申请类型',
  PRIMARY KEY (`id`)
) ENGINE=InnoDB AUTO_INCREMENT=13 DEFAULT CHARSET=utf8 COMMENT='讲座申请表';
/*!40101 SET character_set_client = @saved_cs_client */;

--
-- Dumping data for table `recruit_lecture`
--

/*!40000 ALTER TABLE `recruit_lecture` DISABLE KEYS */;
INSERT INTO `recruit_lecture` VALUES (2,'shandong','运河开发区','123','13181351311',NULL,'2021-05-13 00:00:00','博学楼103',0,NULL),(3,'厦门有限公司','厦门','ppp','17777777777',NULL,'2021-05-09 00:00:00','博学楼102',1,NULL),(4,'厦门有限公司','厦门','234556','17777777777',NULL,'2021-05-11 00:00:00','博学楼103',1,NULL),(5,'阿里巴巴','北京','阿里巴巴网络技术有限公司（简称：阿里巴巴集团）是以曾担任英语教师的马云为首的18人于1999年在浙江杭州创立','13184523478','123','2021-05-04 00:00:00','博学楼104',1,NULL),(8,'龙岩科技','龙岩','很好','15090329188','IT ','2021-05-20 00:00:00','博学楼101',1,NULL),(10,'大连东软信息学院','大连东软信息学院','大连东软信息学院','13840960846','java','2021-05-13 00:00:00','博学楼302',0,NULL),(11,'福建金科有限公司','福建省福州市鼓区天马路22号','本公司成立于1996年，是一家具有持续自主创新能力的专业平台型软件公司及行业应用解决方案供应商。公司主要致力于为金融证券、企业、教育及公共服务业提供以业务流程管理（BPM）为核心的信息化解决方案。在证券期货行业，公司已成长为领先的全业务解决方案供应商。','18514293987','IT','2021-06-03 00:00:00','博学楼105',1,NULL),(12,'阿里巴巴','北京','阿里巴巴网络技术有限公司（简称：阿里巴巴集团）是以曾担任英语教师的马云为首的18人于1999年在浙江杭州创立','13184523478',NULL,'2021-06-08 00:00:00','博学楼204',0,NULL);
/*!40000 ALTER TABLE `recruit_lecture` ENABLE KEYS */;

--
-- Table structure for table `recruit_position`
--

DROP TABLE IF EXISTS `recruit_position`;
/*!40101 SET @saved_cs_client     = @@character_set_client */;
/*!50503 SET character_set_client = utf8mb4 */;
CREATE TABLE `recruit_position` (
  `id` bigint NOT NULL AUTO_INCREMENT,
  `name` varchar(255) DEFAULT NULL COMMENT '职务名称',
  `requirement` text NOT NULL COMMENT '要求',
  `work_city` varchar(50) NOT NULL COMMENT '工作城市',
  `phonenumber` varchar(255) NOT NULL COMMENT '联系电话',
  `release_date` datetime NOT NULL DEFAULT CURRENT_TIMESTAMP COMMENT '发布时间',
  `valid_date` datetime NOT NULL DEFAULT CURRENT_TIMESTAMP COMMENT '截止日期',
  `quantity` int NOT NULL DEFAULT '1' COMMENT '招聘人数',
  `status` tinyint(1) NOT NULL DEFAULT '0' COMMENT '状态（0是未结束1是结束）',
  `audit_state` tinyint(1) NOT NULL DEFAULT '0' COMMENT '审核状态',
  `salary_up` int NOT NULL COMMENT '最低薪资',
  `salary_down` int NOT NULL COMMENT '最高薪资',
  `hot` tinyint(1) NOT NULL DEFAULT '0' COMMENT '是否热门',
  `company_id` bigint NOT NULL COMMENT '公司ID',
  `category_id` bigint DEFAULT '17' COMMENT '分类ID',
  PRIMARY KEY (`id`),
  KEY `company_id` (`company_id`),
  KEY `category_id` (`category_id`),
  CONSTRAINT `recruit_position_ibfk_1` FOREIGN KEY (`company_id`) REFERENCES `recruit_company_info` (`id`),
  CONSTRAINT `recruit_position_ibfk_2` FOREIGN KEY (`category_id`) REFERENCES `recruit_category` (`id`)
) ENGINE=InnoDB AUTO_INCREMENT=1028 DEFAULT CHARSET=utf8 COMMENT='招聘岗位表';
/*!40101 SET character_set_client = @saved_cs_client */;

--
-- Dumping data for table `recruit_position`
--

/*!40000 ALTER TABLE `recruit_position` DISABLE KEYS */;
INSERT INTO `recruit_position` VALUES (2,'Java工程师','接收应届实习生，实习期满应聘上岗接收应届实习生，实习期满应聘上岗收应届实习生，实习期满应聘上岗','上海市','15200632969','2024-11-07 00:00:00','2021-04-29 00:00:00',5,0,1,20000,10000,0,6,8),(3,'Java工程师','有扎实的java基础，熟悉分布式、缓存、异步消息等原理和应用','天津市','13505393931','2024-09-30 00:00:00','2021-04-29 00:00:00',15,0,1,2000,1000,0,1,8),(4,'Java工程师','JAVA WEB方向2年+经验','南京市','13202132984','2024-09-25 00:00:00','2021-04-29 00:00:00',2,0,1,3000,2000,0,5,8),(5,'C++工程师','可接收计算机相关专业应届生，表现优秀者加薪转正','南京市','13206403010','2024-10-16 00:00:00','2021-04-29 00:00:00',30,0,1,2000,1500,0,2,9),(6,'C++工程师','3-5年工作经验，计算机相关专业毕业','上海市','15808017102','2024-11-03 00:00:00','2021-04-29 00:00:00',1,0,1,20000,10000,0,1,9),(7,'PHP工程师','一年以上PHP开发经验 （项目经验丰富的，也可以升级为高级开发工程师）','上海市','13508082055','2024-11-10 00:00:00','2021-04-29 22:58:04',10,0,1,11000,8000,0,9,10),(8,'PHP工程师','熟悉LNMP/WNMP开发环境 , 熟练使用Yaf, Yii, ThinkPHP等一种或多种框架','上海市','15602686334','2024-11-01 00:00:00','2021-04-29 22:58:04',5,0,1,12000,7000,0,9,10),(9,'.NET工程师','熟悉WinForm/WPF窗体开发并有实际项目经验','北京市','13003215378','2024-11-02 00:00:00','2021-04-29 22:58:04',2,0,1,13000,11000,0,9,11),(10,'Python数据分析','熟练使用Linux，可以快速上手编写shell、powershell、cmd等操作系统脚本','北京市','15805225322','2024-10-09 00:00:00','2021-04-29 22:58:04',2,0,1,23000,18000,0,4,12),(11,'Python开发','4年以上互联网产品后台研发经验，2年以上后台构架经验','北京市','13704030693','2024-09-23 00:00:00','2021-04-29 22:58:04',2,0,1,22000,18000,0,4,12),(12,'Python开发','精通Python，2年或以上Python项目经验','天津市','13704461319','2024-07-27 00:00:00','2021-04-29 22:58:04',3,0,1,16000,14000,0,1,12),(13,'数据挖掘工程师','熟悉 Linux平台上的编程环境，精通Java开发，精通 Python/Shell等脚本语言','天津市','13307776144','2024-11-05 00:00:00','2021-04-29 22:58:04',12,1,1,22000,15000,0,4,13),(14,'数据挖掘工程师','熟悉Hadoop、Hive、Spark、流式计算、实时计算等大数据相关技术者优先，熟悉时序挖掘、文本挖掘、网络挖掘等优先','北京市','13704212663','2024-11-06 00:00:00','2021-04-29 22:58:04',2,0,1,32000,28000,0,4,13),(15,'数据挖掘工程师','精通Python，熟悉PHP/GO/Java/C++/C等语言中的一种或几种','杭州市','13900110285','2024-11-08 00:00:00','2021-04-29 22:58:04',2,0,1,26000,14000,0,4,13),(16,'Java工程师','熟悉Spring、Freemark、Struts、Hibernate 等开源框架','杭州市','13703471718','2024-11-11 00:00:00','2021-04-29 22:58:04',13,0,1,18000,15000,0,5,8),(17,'Java后端开发','熟练使用Mybatis，SpringMVC，SpringCloud等框架','杭州市','15308636040','2024-10-23 00:00:00','2021-04-29 22:58:05',5,0,1,21000,18000,0,3,8),(18,'C++后端开发','熟练linux系统操作，熟练gcc,gdb,vim, eclipse等开发工具','北京市','13604701586','2024-10-28 00:00:00','2021-04-29 22:58:05',5,0,1,12000,9000,0,4,9),(19,'java研发工程师（中国联通网络AI中心）','熟悉Java常用开发框架,良好的编程能力,掌握数据库技术','南京','15607741382','2020-01-01 00:00:00','2021-04-29 22:58:05',7,1,1,30000,6000,0,3,8),(20,'Senior Java Developer (职位编号：007284)','熟悉Java常用开发框架,良好的编程能力,掌握数据库技术','上海','13203747048','2020-01-01 00:00:00','2021-04-29 22:58:05',0,0,1,20000,6000,0,2,8),(21,'高级开发工程师（Java)','熟悉Java常用开发框架,良好的编程能力,掌握数据库技术','广州','15302435109','2020-01-01 00:00:00','2021-04-29 22:58:05',5,0,1,30000,6000,0,5,8),(22,'盒马-Java技术专家-技术研发 (MJ001170)','熟悉Java常用开发框架,良好的编程能力,掌握数据库技术','上海','15305721650','2020-01-01 00:00:00','2021-04-29 22:58:05',7,0,1,20000,5000,0,5,8),(23,'高级Java开发工程师','熟悉Java常用开发框架,良好的编程能力,掌握数据库技术','北京','13907965899','2020-01-01 00:00:00','2021-04-29 22:58:05',5,0,1,11000,9000,0,2,8),(24,'IT Java工程师 （可考虑优秀2020届毕业生）','熟悉Java常用开发框架,良好的编程能力,掌握数据库技术','上海','15707067954','2020-01-01 00:00:00','2021-04-29 22:58:05',3,1,1,30000,8000,0,6,8),(25,'高级Java软件工程师','熟悉Java常用开发框架,良好的编程能力,掌握数据库技术','北京','15008705683','2020-01-01 00:00:00','2021-04-29 22:58:05',9,1,1,23000,5000,0,1,8),(26,'Java开发工程师（上海）','熟悉Java常用开发框架,良好的编程能力,掌握数据库技术','上海','13601382642','2020-01-01 00:00:00','2021-04-29 22:58:05',10,0,1,11000,7000,0,2,8),(27,'Java高级开发工程师','熟悉Java常用开发框架,良好的编程能力,掌握数据库技术','武汉','13908284753','2020-01-01 00:00:00','2021-04-29 22:58:06',1,0,1,20000,9000,0,1,8),(28,'Java软件测试（双休）','熟悉Java常用开发框架,良好的编程能力,掌握数据库技术','武汉','13307016409','2020-01-01 00:00:00','2021-04-29 22:58:06',13,0,1,11000,7000,0,5,8),(29,'对日Java开发工程师','熟悉Java常用开发框架,良好的编程能力,掌握数据库技术','无锡','15901254014','2020-01-01 00:00:00','2021-04-29 22:58:06',15,0,1,11000,8000,0,3,8),(30,'高级Java架构师（算法工程化）(J12115)','熟悉Java常用开发框架,良好的编程能力,掌握数据库技术','上海','13300856602','2020-01-01 00:00:00','2021-04-29 22:58:06',7,1,1,20000,8000,0,2,8),(31,'Java开发工程师','熟悉Java常用开发框架,良好的编程能力,掌握数据库技术','苏州','15700601930','2020-01-01 00:00:00','2021-04-29 22:58:06',6,0,1,15000,8000,0,1,8),(32,'Java中级开发工程师','熟悉Java常用开发框架,良好的编程能力,掌握数据库技术','上海','13600440696','2020-01-01 00:00:00','2021-04-29 22:58:06',14,0,1,16000,8000,0,6,8),(33,'项目主管(java)','熟悉Java常用开发框架,良好的编程能力,掌握数据库技术','杭州','13200192424','2020-01-01 00:00:00','2021-04-29 22:58:06',1,0,1,20000,5000,0,4,8),(34,'移动端开发实习生（java/android）+高薪双休','熟悉Java常用开发框架,良好的编程能力,掌握数据库技术','大连','13205835095','2020-01-01 00:00:00','2021-04-29 22:58:06',15,0,1,15000,7000,0,3,8),(35,'Java高级开发工程师','熟悉Java常用开发框架,良好的编程能力,掌握数据库技术','上海','15602026747','2020-01-01 00:00:00','2021-04-29 22:58:06',0,0,1,15000,8000,0,3,8),(36,'Java开发（西城区）','熟悉Java常用开发框架,良好的编程能力,掌握数据库技术','北京','15503173413','2020-01-01 00:00:00','2021-04-29 22:58:06',11,0,1,16000,9000,0,3,8),(37,'高级Java工程师','熟悉Java常用开发框架,良好的编程能力,掌握数据库技术','杭州','13800601009','2020-01-01 00:00:00','2021-04-29 22:58:06',14,1,1,16000,5000,0,3,8),(38,'JAVA软件开发工程师','熟悉Java常用开发框架,良好的编程能力,掌握数据库技术','上海','13803451777','2020-01-01 00:00:00','2021-04-29 22:58:07',5,0,1,23000,8000,0,6,8),(39,'Java开发工程师','熟悉Java常用开发框架,良好的编程能力,掌握数据库技术','福州','13605647944','2020-01-01 00:00:00','2021-04-29 22:58:07',5,0,1,11000,5000,0,5,8),(40,'Java高级开发工程师（大数据方向）','熟悉Java常用开发框架,良好的编程能力,掌握数据库技术','成都','15103306044','2020-01-01 00:00:00','2021-04-29 22:58:07',13,0,1,11000,6000,0,1,8),(41,'Java开发工程师.','熟悉Java常用开发框架,良好的编程能力,掌握数据库技术','北京','15608600757','2020-01-01 00:00:00','2021-04-29 22:58:07',12,0,1,15000,7000,0,1,8),(42,'Java开发工程师','熟悉Java常用开发框架,良好的编程能力,掌握数据库技术','上海','15105392021','2020-01-01 00:00:00','2021-04-29 22:58:07',15,0,1,16000,9000,0,1,8),(43,'Java开发实习生','熟悉Java常用开发框架,良好的编程能力,掌握数据库技术','成都','15705346963','2020-01-01 00:00:00','2021-04-29 22:58:07',1,0,1,20000,8000,0,1,8),(44,'java开发工程师（银行驻场）(J10710)','熟悉Java常用开发框架,良好的编程能力,掌握数据库技术','上海','15607513859','2020-01-01 00:00:00','2021-04-29 22:58:07',1,0,1,23000,9000,0,1,8),(45,'Java开发工程师','熟悉Java常用开发框架,良好的编程能力,掌握数据库技术','广州','13302774428','2020-01-01 00:00:00','2021-04-29 22:58:07',4,1,1,16000,9000,0,2,8),(46,'Java开发工程师','熟悉Java常用开发框架,良好的编程能力,掌握数据库技术','杭州','13604771426','2020-01-01 00:00:00','2021-04-29 22:58:07',6,0,1,15000,9000,0,2,8),(47,'游戏服务端高级Java开发工程师','熟悉Java常用开发框架,良好的编程能力,掌握数据库技术','广州','13501575763','2020-01-01 00:00:00','2021-04-29 22:58:07',2,0,1,16000,9000,0,1,8),(48,'JAVA软件工程师','熟悉Java常用开发框架,良好的编程能力,掌握数据库技术','广州','15707163791','2020-01-01 00:00:00','2021-04-29 22:58:07',7,0,1,15000,5000,0,6,8),(49,'Java开发工程师','熟悉Java常用开发框架,良好的编程能力,掌握数据库技术','郑州','15303091538','2020-01-01 00:00:00','2021-04-29 22:58:08',13,0,1,16000,9000,0,6,8),(50,'Java开发工程师.','熟悉Java常用开发框架,良好的编程能力,掌握数据库技术','昆明','15205935087','2020-01-01 00:00:00','2021-04-29 22:58:08',5,0,1,11000,8000,0,4,8),(51,'Java开发工程师','熟悉Java常用开发框架,良好的编程能力,掌握数据库技术','郑州','15201258316','2020-01-01 00:00:00','2021-04-29 22:58:08',4,0,1,21000,5000,0,2,8),(52,'Java开发工程师','熟悉Java常用开发框架,良好的编程能力,掌握数据库技术','宁波','13701941621','2020-01-01 00:00:00','2021-04-29 22:58:08',13,0,1,15000,8000,0,4,8),(53,'JAVA高级软件开发工程师','熟悉Java常用开发框架,良好的编程能力,掌握数据库技术','广州','13003025714','2020-01-01 00:00:00','2021-04-29 22:58:08',12,0,1,30000,8000,0,6,8),(54,'JAVA 工程师','熟悉Java常用开发框架,良好的编程能力,掌握数据库技术','上海','13607430253','2020-01-01 00:00:00','2021-04-29 22:58:08',15,0,1,15000,5000,0,1,8),(55,'Java开发工程师','熟悉Java常用开发框架,良好的编程能力,掌握数据库技术','成都','15207503951','2020-01-01 00:00:00','2021-04-29 22:58:08',12,1,1,16000,8000,0,1,8),(56,'Java开发工程师 (一年合同期）','熟悉Java常用开发框架,良好的编程能力,掌握数据库技术','广州','13305455855','2020-01-01 00:00:00','2021-04-29 22:58:08',12,1,1,20000,8000,0,3,8),(57,'Java服务端开发工程师','熟悉Java常用开发框架,良好的编程能力,掌握数据库技术','广州','15200173346','2020-01-01 00:00:00','2021-04-29 22:58:08',15,1,1,15000,5000,0,6,8),(58,'资深JAVA软件工程师','熟悉Java常用开发框架,良好的编程能力,掌握数据库技术','上海','15604785241','2020-01-01 00:00:00','2021-04-29 22:58:08',10,1,1,15000,8000,0,2,8),(59,'Java开发工程师 (职位编号：002)','熟悉Java常用开发框架,良好的编程能力,掌握数据库技术','福州','15703580764','2020-01-01 00:00:00','2021-04-29 22:58:08',14,1,1,20000,8000,0,6,8),(60,'Java高级开发工程师（双休，六险一金）','熟悉Java常用开发框架,良好的编程能力,掌握数据库技术','西安','13101723609','2020-01-01 00:00:00','2021-04-29 22:58:09',12,0,1,23000,9000,0,3,8),(61,'Java高级开发工程师','熟悉Java常用开发框架,良好的编程能力,掌握数据库技术','南京','15205620115','2020-01-01 00:00:00','2021-04-29 22:58:09',4,1,1,16000,7000,0,4,8),(62,'Java开发工程师','熟悉Java常用开发框架,良好的编程能力,掌握数据库技术','株洲','15008408044','2020-01-01 00:00:00','2021-04-29 22:58:09',11,1,1,30000,8000,0,3,8),(63,'Java开发工程师-初级','熟悉Java常用开发框架,良好的编程能力,掌握数据库技术','成都','15906464483','2020-01-01 00:00:00','2021-04-29 22:58:09',2,0,1,20000,5000,0,2,8),(64,'Java开发工程师（2020届应届生）','熟悉Java常用开发框架,良好的编程能力,掌握数据库技术','合肥','13108080475','2020-01-01 00:00:00','2021-04-29 22:58:09',10,0,1,11000,6000,0,6,8),(65,'Java、小程序开发工程师','熟悉Java常用开发框架,良好的编程能力,掌握数据库技术','深圳','15300846116','2020-01-01 00:00:00','2021-04-29 22:58:09',2,1,1,16000,7000,0,6,8),(66,'Java开发工程师','熟悉Java常用开发框架,良好的编程能力,掌握数据库技术','西安','15101498485','2020-01-01 00:00:00','2021-04-29 22:58:09',9,0,1,15000,9000,0,3,8),(67,'Java初级开发工程师-双休','熟悉Java常用开发框架,良好的编程能力,掌握数据库技术','成都','13308081908','2020-01-01 00:00:00','2021-04-29 22:58:09',2,0,1,23000,5000,0,6,8),(68,'Java开发工程师','熟悉Java常用开发框架,良好的编程能力,掌握数据库技术','上海','15600102409','2020-01-01 00:00:00','2021-04-29 22:58:09',13,0,1,11000,9000,0,2,8),(69,'JAVA高级软件开发工程师 (职位编号：002)','熟悉Java常用开发框架,良好的编程能力,掌握数据库技术','南京','13806460556','2020-01-01 00:00:00','2021-04-29 22:58:09',5,0,1,11000,9000,0,3,8),(70,'中级Java开发工程师','熟悉Java常用开发框架,良好的编程能力,掌握数据库技术','上海','13801904676','2020-01-01 00:00:00','2021-04-29 22:58:10',0,0,1,21000,5000,0,6,8),(71,'Java中级开发工程师','熟悉Java常用开发框架,良好的编程能力,掌握数据库技术','广州','13704088085','2020-01-01 00:00:00','2021-04-29 22:58:10',8,0,1,23000,8000,0,6,8),(72,'Java初级开发工程师','熟悉Java常用开发框架,良好的编程能力,掌握数据库技术','杭州','15705027888','2020-01-01 00:00:00','2021-04-29 22:58:10',6,0,1,20000,5000,0,5,8),(73,'Java中高级开发工程师','熟悉Java常用开发框架,良好的编程能力,掌握数据库技术','上海','13000977951','2020-01-01 00:00:00','2021-04-29 22:58:10',5,0,1,20000,5000,0,1,8),(74,'Java高级开发工程师（运满满）','熟悉Java常用开发框架,良好的编程能力,掌握数据库技术','南京','13101781117','2020-01-01 00:00:00','2021-04-29 22:58:10',2,1,1,11000,6000,0,2,8),(75,'Java高级开发工程师','熟悉Java常用开发框架,良好的编程能力,掌握数据库技术','杭州','15507788876','2020-01-01 00:00:00','2021-04-29 22:58:10',10,0,1,23000,7000,0,6,8),(76,'Java游戏服务器工程师','熟悉Java常用开发框架,良好的编程能力,掌握数据库技术','广州','15904035795','2020-01-01 00:00:00','2021-04-29 22:58:10',4,0,1,20000,7000,0,3,8),(77,'Java开发工程师','熟悉Java常用开发框架,良好的编程能力,掌握数据库技术','苏州','15804578289','2020-01-01 00:00:00','2021-04-29 22:58:10',4,1,1,15000,9000,0,3,8),(78,'Java后台工程师','熟悉Java常用开发框架,良好的编程能力,掌握数据库技术','深圳','15802316599','2020-01-01 00:00:00','2021-04-29 22:58:10',12,0,1,23000,8000,0,5,8),(79,'Java软件工程师（Java Software Engineer）','熟悉Java常用开发框架,良好的编程能力,掌握数据库技术','上海','13200743650','2020-01-01 00:00:00','2021-04-29 22:58:10',0,1,1,23000,6000,0,6,8),(80,'Java开发工程师','熟悉Java常用开发框架,良好的编程能力,掌握数据库技术','北京','13603021775','2020-01-01 00:00:00','2021-04-29 22:58:10',7,1,1,20000,5000,0,5,8),(81,'JAVA开发架构师','熟悉Java常用开发框架,良好的编程能力,掌握数据库技术','深圳','15904004204','2020-01-01 00:00:00','2021-04-29 22:58:11',1,1,1,21000,7000,0,2,8),(82,'Java中级开发工程师（加班少+双休）','熟悉Java常用开发框架,良好的编程能力,掌握数据库技术','广州','13506118251','2020-01-01 00:00:00','2021-04-29 22:58:11',0,1,1,23000,6000,0,3,8),(83,'软件Java开发助理','熟悉Java常用开发框架,良好的编程能力,掌握数据库技术','泉州','13001777074','2020-01-01 00:00:00','2021-04-29 22:58:11',15,1,1,16000,5000,0,5,8),(84,'Java开发实习 人才储备（朝九晚五）','熟悉Java常用开发框架,良好的编程能力,掌握数据库技术','厦门','13500964816','2020-01-01 00:00:00','2021-04-29 22:58:11',13,1,1,21000,5000,0,4,8),(85,'技术主管（JAVA）','熟悉Java常用开发框架,良好的编程能力,掌握数据库技术','成都','13307054009','2020-01-01 00:00:00','2021-04-29 22:58:11',0,0,1,21000,7000,0,2,8),(86,'Java高级开发工程师','熟悉Java常用开发框架,良好的编程能力,掌握数据库技术','深圳','15007138189','2020-01-01 00:00:00','2021-04-29 22:58:11',7,0,1,16000,6000,0,6,8),(87,'Java开发工程师','熟悉Java常用开发框架,良好的编程能力,掌握数据库技术','营口','15001425429','2020-01-01 00:00:00','2021-04-29 22:58:11',2,1,1,16000,5000,0,4,8),(88,'Java高级开发工程师','熟悉Java常用开发框架,良好的编程能力,掌握数据库技术','长沙','13602455895','2020-01-01 00:00:00','2021-04-29 22:58:11',10,0,1,15000,9000,0,5,8),(89,'JAVA软件开发技术助理','熟悉Java常用开发框架,良好的编程能力,掌握数据库技术','武汉','15900237039','2020-01-01 00:00:00','2021-04-29 22:58:11',13,0,1,15000,7000,0,6,8),(90,'Java开发工程师','熟悉Java常用开发框架,良好的编程能力,掌握数据库技术','南京','15300339010','2020-01-01 00:00:00','2021-04-29 22:58:11',10,1,1,20000,7000,0,5,8),(91,'高级Java开发工程师','熟悉Java常用开发框架,良好的编程能力,掌握数据库技术','深圳','13906148515','2020-01-01 00:00:00','2021-04-29 22:58:12',10,0,1,21000,9000,0,5,8),(92,'java 软件开发工程师','熟悉Java常用开发框架,良好的编程能力,掌握数据库技术','无锡','15207837860','2020-01-01 00:00:00','2021-04-29 22:58:12',2,1,1,23000,7000,0,2,8),(93,'java开发工程师（偏数据方向），年薪7-15万','熟悉Java常用开发框架,良好的编程能力,掌握数据库技术','成都','13300564957','2020-01-01 00:00:00','2021-04-29 22:58:12',6,0,1,30000,6000,0,6,8),(94,'软件工程师（Java开发-应届生岗位）','熟悉Java常用开发框架,良好的编程能力,掌握数据库技术','上海','15906577284','2020-01-01 00:00:00','2021-04-29 22:58:12',11,0,1,11000,9000,0,4,8),(95,'Java高级开发工程师','熟悉Java常用开发框架,良好的编程能力,掌握数据库技术','西安','15801111494','2020-01-01 00:00:00','2021-04-29 22:58:12',3,1,1,20000,8000,0,1,8),(96,'物联网Java开发工程师','熟悉Java常用开发框架,良好的编程能力,掌握数据库技术','深圳','13403031876','2020-01-01 00:00:00','2021-04-29 22:58:12',14,1,1,21000,8000,0,6,8),(97,'Java高级开发工程师','熟悉Java常用开发框架,良好的编程能力,掌握数据库技术','南京','15201663567','2020-01-01 00:00:00','2021-04-29 22:58:12',4,0,1,11000,9000,0,6,8),(98,'java软件工程师','熟悉Java常用开发框架,良好的编程能力,掌握数据库技术','无锡','15701928696','2020-01-01 00:00:00','2021-04-29 22:58:12',15,1,1,23000,7000,0,5,8),(99,'JAVA开发工程师（上海）','熟悉Java常用开发框架,良好的编程能力,掌握数据库技术','上海','15905031418','2020-01-01 00:00:00','2021-04-29 22:58:12',5,1,1,23000,7000,0,3,8),(100,'Java中级开发工程师','熟悉Java常用开发框架,良好的编程能力,掌握数据库技术','苏州','13706884193','2020-01-01 00:00:00','2021-04-29 22:58:12',15,1,1,30000,5000,0,2,8),(101,'JAVA开发专员','熟悉Java常用开发框架,良好的编程能力,掌握数据库技术','沈阳','13605065990','2020-01-01 00:00:00','2021-04-29 22:58:12',13,0,1,11000,6000,0,5,8),(102,'JAVA开发（SaaS平台）','熟悉Java常用开发框架,良好的编程能力,掌握数据库技术','上海','15904225685','2020-01-01 00:00:00','2021-04-29 22:58:13',8,0,1,11000,9000,0,6,8),(103,'Java开发工程师','熟悉Java常用开发框架,良好的编程能力,掌握数据库技术','广州','15708044585','2020-01-01 00:00:00','2021-04-29 22:58:13',5,1,1,11000,8000,0,5,8),(104,'Java开发工程师','熟悉Java常用开发框架,良好的编程能力,掌握数据库技术','沈阳','13902833096','2020-01-01 00:00:00','2021-04-29 22:58:13',10,1,1,23000,9000,0,6,8),(105,'Java高级开发工程师/项目经理 (职位编号：YD20240801)','熟悉Java常用开发框架,良好的编程能力,掌握数据库技术','上海','15708017251','2020-01-01 00:00:00','2021-04-29 22:58:13',10,1,1,23000,5000,0,3,8),(106,'中级Java研发工程师','熟悉Java常用开发框架,良好的编程能力,掌握数据库技术','南京','13501874033','2020-01-01 00:00:00','2021-04-29 22:58:13',3,0,1,30000,8000,0,1,8),(107,'高级软件工程师(JAVA)','熟悉Java常用开发框架,良好的编程能力,掌握数据库技术','上海','15101572194','2020-01-01 00:00:00','2021-04-29 22:58:13',7,1,1,16000,8000,0,3,8),(108,'Java开发工程师','熟悉Java常用开发框架,良好的编程能力,掌握数据库技术','南京','13507932568','2020-01-01 00:00:00','2021-04-29 22:58:13',2,0,1,23000,7000,0,2,8),(109,'Java开发工程师','熟悉Java常用开发框架,良好的编程能力,掌握数据库技术','广州','13105424827','2020-01-01 00:00:00','2021-04-29 22:58:13',12,0,1,11000,5000,0,1,8),(110,'Java系统架构师','熟悉Java常用开发框架,良好的编程能力,掌握数据库技术','广州','13804432845','2020-01-01 00:00:00','2021-04-29 22:58:13',2,1,1,23000,8000,0,5,8),(111,'技术开发部Java开发工程师','熟悉Java常用开发框架,良好的编程能力,掌握数据库技术','杭州','13106875121','2020-01-01 00:00:00','2021-04-29 22:58:13',11,0,1,11000,6000,0,4,8),(112,'Java开发/Java软件工程师','熟悉Java常用开发框架,良好的编程能力,掌握数据库技术','深圳','13508463432','2020-01-01 00:00:00','2021-04-29 22:58:13',11,0,1,16000,6000,0,1,8),(113,'Java高级开发工程师','熟悉Java常用开发框架,良好的编程能力,掌握数据库技术','无锡','13601612399','2020-01-01 00:00:00','2021-04-29 22:58:14',14,0,1,21000,5000,0,1,8),(114,'Java开发工程师','熟悉Java常用开发框架,良好的编程能力,掌握数据库技术','济南','15906445288','2020-01-01 00:00:00','2021-04-29 22:58:14',15,1,1,23000,7000,0,2,8),(115,'Java开发高级','熟悉Java常用开发框架,良好的编程能力,掌握数据库技术','上海','13908850494','2020-01-01 00:00:00','2021-04-29 22:58:14',7,0,1,11000,8000,0,6,8),(116,'Java开发工程师','熟悉Java常用开发框架,良好的编程能力,掌握数据库技术','北京','15006328415','2020-01-01 00:00:00','2021-04-29 22:58:14',9,1,1,11000,7000,0,1,8),(117,'Java系统架构师（微服务平台）','熟悉Java常用开发框架,良好的编程能力,掌握数据库技术','广州','13200662275','2020-01-01 00:00:00','2021-04-29 22:58:14',11,1,1,30000,9000,0,3,8),(118,'Java开发工程师','熟悉Java常用开发框架,良好的编程能力,掌握数据库技术','无锡','15501960918','2020-01-01 00:00:00','2021-04-29 22:58:14',1,1,1,15000,8000,0,2,8),(119,'B2C片区运营和生鲜片区运营经理','扎实的语言基础,熟练计算机底层,操作系统等知识','上海','13604118393','2020-01-01 00:00:00','2021-04-29 22:58:14',14,0,1,20000,7000,0,1,9),(120,'C&B Specialist 薪酬专员','扎实的语言基础,熟练计算机底层,操作系统等知识','上海','15902951084','2020-01-01 00:00:00','2021-04-29 22:58:14',8,1,1,21000,8000,0,3,9),(121,'C++工程师（代发）','扎实的语言基础,熟练计算机底层,操作系统等知识','广州','15906620114','2020-01-01 00:00:00','2021-04-29 22:58:14',4,0,1,20000,7000,0,4,9),(122,'软件开发工程师（C/C++）','扎实的语言基础,熟练计算机底层,操作系统等知识','济南','13201226063','2020-01-01 00:00:00','2021-04-29 22:58:14',13,1,1,11000,6000,0,3,9),(123,'B2C Operation Director','扎实的语言基础,熟练计算机底层,操作系统等知识','上海','15107616640','2020-01-01 00:00:00','2021-04-29 22:58:15',0,0,1,23000,6000,0,1,9),(124,'C++ 图像算法工程师1','扎实的语言基础,熟练计算机底层,操作系统等知识','深圳','13205303306','2020-01-01 00:00:00','2021-04-29 22:58:15',15,0,1,16000,6000,0,4,9),(125,'电商运营（B2B2C业务）','扎实的语言基础,熟练计算机底层,操作系统等知识','上海','13102204720','2020-01-01 00:00:00','2021-04-29 22:58:15',0,0,1,15000,7000,0,4,9),(126,'链家销售代表+5.5k底薪+提成c','扎实的语言基础,熟练计算机底层,操作系统等知识','东莞','13000352996','2020-01-01 00:00:00','2021-04-29 22:58:15',0,1,1,30000,7000,0,3,9),(127,'C++开发工程师','扎实的语言基础,熟练计算机底层,操作系统等知识','广州','15504671227','2020-01-01 00:00:00','2021-04-29 22:58:15',14,1,1,21000,5000,0,1,9),(128,'C#开发工程师','扎实的语言基础,熟练计算机底层,操作系统等知识','沈阳','15804816478','2020-01-01 00:00:00','2021-04-29 22:58:15',7,0,1,16000,7000,0,4,9),(129,'c#/.net高级开发工程师','扎实的语言基础,熟练计算机底层,操作系统等知识','长沙','13208465535','2020-01-01 00:00:00','2021-04-29 22:58:15',2,0,1,11000,6000,0,6,9),(130,'C/C++/C#开发工程师','扎实的语言基础,熟练计算机底层,操作系统等知识','南京','15206270865','2020-01-01 00:00:00','2021-04-29 22:58:15',6,0,1,16000,6000,0,4,9),(131,'C4D电商视觉设计师','扎实的语言基础,熟练计算机底层,操作系统等知识','深圳','15103831225','2020-01-01 00:00:00','2021-04-29 22:58:15',8,1,1,15000,7000,0,1,9),(132,'销售代表/五险3金c本科底薪5500/家门口上班','扎实的语言基础,熟练计算机底层,操作系统等知识','成都','15805088587','2020-01-01 00:00:00','2021-04-29 22:58:15',5,1,1,23000,9000,0,5,9),(133,'游戏C++工程师','扎实的语言基础,熟练计算机底层,操作系统等知识','上海','13207581606','2020-01-01 00:00:00','2021-04-29 22:58:15',9,1,1,30000,6000,0,3,9),(134,'C#软件开发工程师','扎实的语言基础,熟练计算机底层,操作系统等知识','广州','13206054512','2020-01-01 00:00:00','2021-04-29 22:58:16',3,0,1,21000,6000,0,6,9),(135,'c++开发工程师','扎实的语言基础,熟练计算机底层,操作系统等知识','南京','15908372830','2020-01-01 00:00:00','2021-04-29 22:58:16',3,1,1,15000,5000,0,3,9),(136,'C++开发工程师','扎实的语言基础,熟练计算机底层,操作系统等知识','广州','15504846937','2020-01-01 00:00:00','2021-04-29 22:58:16',7,0,1,21000,7000,0,4,9),(137,'外贸销售（B2C）','扎实的语言基础,熟练计算机底层,操作系统等知识','长沙','13108615546','2020-01-01 00:00:00','2021-04-29 22:58:16',13,0,1,15000,7000,0,4,9),(138,'C++软件开发工程师 (职位编号：001)','扎实的语言基础,熟练计算机底层,操作系统等知识','上海','15900174949','2020-01-01 00:00:00','2021-04-29 22:58:16',9,1,1,16000,6000,0,2,9),(139,'中高级C#开发工程师（双休，五险一金）','扎实的语言基础,熟练计算机底层,操作系统等知识','西安','13208655297','2020-01-01 00:00:00','2021-04-29 22:58:16',8,0,1,30000,6000,0,2,9),(140,'独立站推广主管（B2C）','扎实的语言基础,熟练计算机底层,操作系统等知识','深圳','13602935698','2020-01-01 00:00:00','2021-04-29 22:58:16',7,0,1,16000,9000,0,1,9),(141,'C++高级开发工程师','扎实的语言基础,熟练计算机底层,操作系统等知识','北京','15303168876','2020-01-01 00:00:00','2021-04-29 22:58:16',14,0,1,23000,7000,0,2,9),(142,'诚聘亚马逊精品运营（3C、家居）','扎实的语言基础,熟练计算机底层,操作系统等知识','深圳','15906885124','2020-01-01 00:00:00','2021-04-29 22:58:16',6,0,1,30000,5000,0,1,9),(143,'C#软件开发工程师（残疾人岗位）','扎实的语言基础,熟练计算机底层,操作系统等知识','上海','13208748703','2020-01-01 00:00:00','2021-04-29 22:58:16',15,1,1,30000,9000,0,6,9),(144,'C/C++开发工程师','扎实的语言基础,熟练计算机底层,操作系统等知识','南京','15702966436','2020-01-01 00:00:00','2021-04-29 22:58:17',15,1,1,23000,9000,0,6,9),(145,'播放器c开发工程师','扎实的语言基础,熟练计算机底层,操作系统等知识','上海','13301734258','2020-01-01 00:00:00','2021-04-29 22:58:17',5,0,1,16000,9000,0,4,9),(146,'C房产经纪人/可签三方/无责4.5k/五险二金','扎实的语言基础,熟练计算机底层,操作系统等知识','西安','15106233639','2020-01-01 00:00:00','2021-04-29 22:58:17',6,1,1,15000,8000,0,4,9),(147,'C4D设计师','扎实的语言基础,熟练计算机底层,操作系统等知识','杭州','13002687207','2020-01-01 00:00:00','2021-04-29 22:58:17',3,0,1,11000,9000,0,6,9),(148,'软件工程师(C++/MFC)','扎实的语言基础,熟练计算机底层,操作系统等知识','无锡','13604484355','2020-01-01 00:00:00','2021-04-29 22:58:17',4,1,1,15000,7000,0,2,9),(149,'C开发工程师','扎实的语言基础,熟练计算机底层,操作系统等知识','北京','13804485501','2020-01-01 00:00:00','2021-04-29 22:58:17',10,0,1,20000,5000,0,5,9),(150,'高级C/C++软件开发工程师','扎实的语言基础,熟练计算机底层,操作系统等知识','广州','15106054669','2020-01-01 00:00:00','2021-04-29 22:58:17',12,0,1,21000,9000,0,5,9),(151,'C++开发工程师','扎实的语言基础,熟练计算机底层,操作系统等知识','成都','13102860530','2020-01-01 00:00:00','2021-04-29 22:58:17',7,0,1,16000,9000,0,5,9),(152,'C#.net软件工程师 (职位编号：001)','扎实的语言基础,熟练计算机底层,操作系统等知识','岳阳','13702763924','2020-01-01 00:00:00','2021-04-29 22:58:17',7,0,1,15000,6000,0,6,9),(153,'C++开发工程师','扎实的语言基础,熟练计算机底层,操作系统等知识','成都','15108266171','2020-01-01 00:00:00','2021-04-29 22:58:17',3,0,1,21000,9000,0,2,9),(154,'C#/C++/C软件工程师','扎实的语言基础,熟练计算机底层,操作系统等知识','北京','13903294022','2020-01-01 00:00:00','2021-04-29 22:58:17',15,1,1,20000,9000,0,2,9),(155,'C++软件工程师','扎实的语言基础,熟练计算机底层,操作系统等知识','上海','15000270940','2020-01-01 00:00:00','2021-04-29 22:58:18',0,0,1,15000,8000,0,6,9),(156,'c++软件工程师','扎实的语言基础,熟练计算机底层,操作系统等知识','成都','15501633815','2020-01-01 00:00:00','2021-04-29 22:58:18',10,0,1,20000,6000,0,3,9),(157,'c++软件工程师（应届生）','扎实的语言基础,熟练计算机底层,操作系统等知识','武汉','13201218768','2020-01-01 00:00:00','2021-04-29 22:58:18',12,0,1,20000,5000,0,2,9),(158,'本科（实习）不限经验VIP销售顾问/就近分配C','扎实的语言基础,熟练计算机底层,操作系统等知识','成都','15905081400','2020-01-01 00:00:00','2021-04-29 22:58:18',3,1,1,15000,8000,0,1,9),(159,'C#程序员','扎实的语言基础,熟练计算机底层,操作系统等知识','上海','15603453849','2020-01-01 00:00:00','2021-04-29 22:58:18',8,1,1,21000,5000,0,4,9),(160,'月入过万交通银行客户经理五险一金C','扎实的语言基础,熟练计算机底层,操作系统等知识','合肥','13908361226','2020-01-01 00:00:00','2021-04-29 22:58:18',11,1,1,21000,9000,0,4,9),(161,'C/C++开发工程师','扎实的语言基础,熟练计算机底层,操作系统等知识','广州','13602701607','2020-01-01 00:00:00','2021-04-29 22:58:18',7,0,1,30000,6000,0,5,9),(162,'C# .Net 软件工程师/系统工程师','扎实的语言基础,熟练计算机底层,操作系统等知识','上海','13107407012','2020-01-01 00:00:00','2021-04-29 22:58:18',4,0,1,11000,9000,0,3,9),(163,'C++开发工程师','扎实的语言基础,熟练计算机底层,操作系统等知识','深圳','15900538518','2020-01-01 00:00:00','2021-04-29 22:58:18',10,0,1,11000,5000,0,1,9),(164,'C++高级开发工程师','扎实的语言基础,熟练计算机底层,操作系统等知识','南京','13106031915','2020-01-01 00:00:00','2021-04-29 22:58:18',2,0,1,23000,7000,0,6,9),(165,'C#开发工程师（Winform/CS）','扎实的语言基础,熟练计算机底层,操作系统等知识','深圳','13001926262','2020-01-01 00:00:00','2021-04-29 22:58:18',4,0,1,20000,5000,0,2,9),(166,'C++服务端','扎实的语言基础,熟练计算机底层,操作系统等知识','广州','15006741583','2020-01-01 00:00:00','2021-04-29 22:58:19',15,1,1,20000,7000,0,6,9),(167,'C++开发工程师','扎实的语言基础,熟练计算机底层,操作系统等知识','无锡','15608762386','2020-01-01 00:00:00','2021-04-29 22:58:19',12,1,1,16000,6000,0,4,9),(168,'C#开发工程师','扎实的语言基础,熟练计算机底层,操作系统等知识','上海','13305654117','2020-01-01 00:00:00','2021-04-29 22:58:19',0,0,1,16000,6000,0,3,9),(169,'C++开发工程师','扎实的语言基础,熟练计算机底层,操作系统等知识','上海','13603969022','2020-01-01 00:00:00','2021-04-29 22:58:19',10,1,1,30000,5000,0,3,9),(170,'C语言开发工程师','扎实的语言基础,熟练计算机底层,操作系统等知识','无锡','13204899003','2020-01-01 00:00:00','2021-04-29 22:58:19',5,1,1,16000,5000,0,3,9),(171,'亚马逊精品开发（家居、3c、LED、玩具）','扎实的语言基础,熟练计算机底层,操作系统等知识','深圳','13102764581','2020-01-01 00:00:00','2021-04-29 22:58:19',9,1,1,23000,9000,0,1,9),(172,'C#软件工程师','扎实的语言基础,熟练计算机底层,操作系统等知识','上海','15204786381','2020-01-01 00:00:00','2021-04-29 22:58:19',5,1,1,20000,7000,0,4,9),(173,'C++中级工程师 (职位编号：C)','扎实的语言基础,熟练计算机底层,操作系统等知识','成都','13301278406','2020-01-01 00:00:00','2021-04-29 22:58:19',10,1,1,15000,7000,0,1,9),(174,'.Net研发工程师C#工程师','扎实的语言基础,熟练计算机底层,操作系统等知识','成都','15702434089','2020-01-01 00:00:00','2021-04-29 22:58:19',14,1,1,11000,7000,0,5,9),(175,'C4D电商设计师','扎实的语言基础,熟练计算机底层,操作系统等知识','广州','13701320278','2020-01-01 00:00:00','2021-04-29 22:58:19',13,0,1,11000,5000,0,1,9),(176,'游戏服务器开发工程师（C++）','扎实的语言基础,熟练计算机底层,操作系统等知识','广州','13007997475','2020-01-01 00:00:00','2021-04-29 22:58:20',10,1,1,21000,5000,0,4,9),(177,'软件工程师-C++','扎实的语言基础,熟练计算机底层,操作系统等知识','上海','13608081289','2020-01-01 00:00:00','2021-04-29 22:58:20',15,1,1,16000,8000,0,5,9),(178,'C++高级开发工程师','扎实的语言基础,熟练计算机底层,操作系统等知识','广州','15202975780','2020-01-01 00:00:00','2021-04-29 22:58:20',15,1,1,20000,9000,0,6,9),(179,'外贸B2C ebay 运营销售专员 (职位编号：001)','扎实的语言基础,熟练计算机底层,操作系统等知识','成都','15206287033','2020-01-01 00:00:00','2021-04-29 22:58:20',8,1,1,16000,6000,0,5,9),(180,'C#开发工程师','扎实的语言基础,熟练计算机底层,操作系统等知识','青岛','15607252922','2020-01-01 00:00:00','2021-04-29 22:58:20',11,0,1,30000,6000,0,3,9),(181,'C++开发工程师（双休、五险一金）','扎实的语言基础,熟练计算机底层,操作系统等知识','杭州','15102583187','2020-01-01 00:00:00','2021-04-29 22:58:20',11,1,1,15000,8000,0,3,9),(182,'C#开发工程师','扎实的语言基础,熟练计算机底层,操作系统等知识','常州','15606175442','2020-01-01 00:00:00','2021-04-29 22:58:20',8,1,1,30000,5000,0,2,9),(183,'外贸跟单（西乡坪洲C出口附近）','扎实的语言基础,熟练计算机底层,操作系统等知识','深圳','15202234659','2020-01-01 00:00:00','2021-04-29 22:58:20',2,1,1,23000,6000,0,2,9),(184,'C#工程师','扎实的语言基础,熟练计算机底层,操作系统等知识','成都','13506360902','2020-01-01 00:00:00','2021-04-29 22:58:20',11,1,1,16000,7000,0,3,9),(185,'C++Qt中级工程师','扎实的语言基础,熟练计算机底层,操作系统等知识','石家庄','13303047157','2020-01-01 00:00:00','2021-04-29 22:58:20',9,1,1,23000,7000,0,3,9),(186,'C++开发工程师（上海证券交易所）','扎实的语言基础,熟练计算机底层,操作系统等知识','上海','13002677816','2020-01-01 00:00:00','2021-04-29 22:58:20',2,1,1,23000,9000,0,6,9),(187,'急招C1网约车司机+保底1万','扎实的语言基础,熟练计算机底层,操作系统等知识','上海','15103696181','2020-01-01 00:00:00','2021-04-29 22:58:21',6,0,1,20000,9000,0,4,9),(188,'软件开发工程师（C#方向）','扎实的语言基础,熟练计算机底层,操作系统等知识','青岛','13705247485','2020-01-01 00:00:00','2021-04-29 22:58:21',8,1,1,23000,7000,0,6,9),(189,'C++开发工程师','扎实的语言基础,熟练计算机底层,操作系统等知识','深圳','13807224151','2020-01-01 00:00:00','2021-04-29 22:58:21',2,1,1,23000,7000,0,3,9),(190,'软件开发工程师（熟悉C#、C++、C其中一项）','扎实的语言基础,熟练计算机底层,操作系统等知识','上海','15202067158','2020-01-01 00:00:00','2021-04-29 22:58:21',10,1,1,16000,8000,0,3,9),(191,'HR Officer, C&B','扎实的语言基础,熟练计算机底层,操作系统等知识','广州','15603301430','2020-01-01 00:00:00','2021-04-29 22:58:21',3,1,1,15000,5000,0,3,9),(192,'C++初级研发工程师','扎实的语言基础,熟练计算机底层,操作系统等知识','广州','13401733927','2020-01-01 00:00:00','2021-04-29 22:58:21',10,0,1,20000,9000,0,5,9),(193,'C++高级开发工程师','扎实的语言基础,熟练计算机底层,操作系统等知识','广州','13403655688','2020-01-01 00:00:00','2021-04-29 22:58:21',4,0,1,11000,6000,0,5,9),(194,'C#开发工程师','扎实的语言基础,熟练计算机底层,操作系统等知识','徐州','13400723242','2020-01-01 00:00:00','2021-04-29 22:58:21',13,0,1,21000,8000,0,2,9),(195,'C++开发工程师','扎实的语言基础,熟练计算机底层,操作系统等知识','厦门','15902925328','2020-01-01 00:00:00','2021-04-29 22:58:21',5,0,1,20000,9000,0,1,9),(196,'初级软件开发工程师（C\\C++）','扎实的语言基础,熟练计算机底层,操作系统等知识','武汉','13406432500','2020-01-01 00:00:00','2021-04-29 22:58:21',2,1,1,20000,8000,0,3,9),(197,'C++开发工程师','扎实的语言基础,熟练计算机底层,操作系统等知识','广州','13106060577','2020-01-01 00:00:00','2021-04-29 22:58:21',12,1,1,30000,5000,0,6,9),(198,'C++开发工程师(J10334)','扎实的语言基础,熟练计算机底层,操作系统等知识','南京','15000437145','2020-01-01 00:00:00','2021-04-29 22:58:22',10,1,1,21000,8000,0,5,9),(199,'C#工程师','扎实的语言基础,熟练计算机底层,操作系统等知识','东莞','15307986095','2020-01-01 00:00:00','2021-04-29 22:58:22',2,1,1,21000,6000,0,3,9),(200,'本科福利：底薪5500/销售/专员/店员/销售业务C','扎实的语言基础,熟练计算机底层,操作系统等知识','成都','15004093383','2020-01-01 00:00:00','2021-04-29 22:58:22',1,1,1,16000,5000,0,2,9),(201,'C++开发工程师','扎实的语言基础,熟练计算机底层,操作系统等知识','上海','13808644963','2020-01-01 00:00:00','2021-04-29 22:58:22',4,1,1,11000,7000,0,5,9),(202,'C语言开发工程师','扎实的语言基础,熟练计算机底层,操作系统等知识','杭州','15202384991','2020-01-01 00:00:00','2021-04-29 22:58:22',12,0,1,20000,7000,0,2,9),(203,'C#开发工程师(广州)','扎实的语言基础,熟练计算机底层,操作系统等知识','广州','13807099058','2020-01-01 00:00:00','2021-04-29 22:58:22',0,0,1,20000,8000,0,5,9),(204,'C#开发工程师','扎实的语言基础,熟练计算机底层,操作系统等知识','广州','15507892788','2020-01-01 00:00:00','2021-04-29 22:58:22',4,1,1,11000,6000,0,1,9),(205,'电商运营 B2C外贸专员 英语四级 无责任底薪','扎实的语言基础,熟练计算机底层,操作系统等知识','深圳','13108860922','2020-01-01 00:00:00','2021-04-29 22:58:22',6,1,1,11000,8000,0,4,9),(206,'C++软件开发工程师','扎实的语言基础,熟练计算机底层,操作系统等知识','大连','15207502488','2020-01-01 00:00:00','2021-04-29 22:58:22',2,0,1,23000,7000,0,4,9),(207,'C/C++工程师','扎实的语言基础,熟练计算机底层,操作系统等知识','西安','15203527681','2020-01-01 00:00:00','2021-04-29 22:58:22',9,1,1,23000,9000,0,2,9),(208,'C++/QT高级软件工程师 (职位编号：4)','扎实的语言基础,熟练计算机底层,操作系统等知识','珠海','15607062252','2020-01-01 00:00:00','2021-04-29 22:58:22',8,0,1,16000,5000,0,3,9),(209,'C语言开发工程师（停车场收费系统）','扎实的语言基础,熟练计算机底层,操作系统等知识','杭州','15504454772','2020-01-01 00:00:00','2021-04-29 22:58:23',14,0,1,11000,7000,0,3,9),(210,'五险一金+高薪 B2C外贸业务员 跨境电商运营','扎实的语言基础,熟练计算机底层,操作系统等知识','深圳','15101110115','2020-01-01 00:00:00','2021-04-29 22:58:23',8,1,1,15000,8000,0,6,9),(211,'C市场/渠道/销售/就近/地铁口/住宿','扎实的语言基础,熟练计算机底层,操作系统等知识','西安','15605534689','2020-01-01 00:00:00','2021-04-29 22:58:23',12,1,1,11000,5000,0,5,9),(212,'B2C跨境电商运营 速卖通运营','扎实的语言基础,熟练计算机底层,操作系统等知识','深圳','13607335452','2020-01-01 00:00:00','2021-04-29 22:58:23',14,1,1,30000,7000,0,1,9),(213,'B2C外贸业务员包吃住','扎实的语言基础,熟练计算机底层,操作系统等知识','深圳','13904655745','2020-01-01 00:00:00','2021-04-29 22:58:23',0,1,1,16000,7000,0,2,9),(214,'B2C外贸专员（接受实习生）','扎实的语言基础,熟练计算机底层,操作系统等知识','广州','13006083606','2020-01-01 00:00:00','2021-04-29 22:58:23',5,1,1,23000,7000,0,4,9),(215,'Linux C/C++研发工程师','扎实的语言基础,熟练计算机底层,操作系统等知识','徐州','15206305926','2020-01-01 00:00:00','2021-04-29 22:58:23',13,1,1,30000,8000,0,2,9),(216,'课程顾问B2C','扎实的语言基础,熟练计算机底层,操作系统等知识','上海','15500267096','2020-01-01 00:00:00','2021-04-29 22:58:23',5,1,1,11000,5000,0,3,9),(217,'人事主任管理师(C&B)','扎实的语言基础,熟练计算机底层,操作系统等知识','武汉','15706717069','2020-01-01 00:00:00','2021-04-29 22:58:23',4,1,1,21000,5000,0,6,9),(218,'C++开发工程师(JN)','扎实的语言基础,熟练计算机底层,操作系统等知识','武汉','15604791481','2020-01-01 00:00:00','2021-04-29 22:58:23',4,1,1,15000,8000,0,2,9),(219,'高级PHP开发工程师','掌握PHP语言,熟悉使用mysql数据库,熟悉前端应用','武汉','15802540597','2020-01-01 00:00:00','2021-04-29 22:58:24',11,1,1,23000,7000,0,5,10),(220,'PHP开发工程师','掌握PHP语言,熟悉使用mysql数据库,熟悉前端应用','上海','13507685736','2020-01-01 00:00:00','2021-04-29 22:58:24',12,1,1,15000,6000,0,1,10),(221,'PHP开发主管','掌握PHP语言,熟悉使用mysql数据库,熟悉前端应用','深圳','13104401105','2020-01-01 00:00:00','2021-04-29 22:58:24',12,0,1,11000,9000,0,3,10),(222,'集团事业部-PHP开发工程师','掌握PHP语言,熟悉使用mysql数据库,熟悉前端应用','深圳','15100695180','2020-01-01 00:00:00','2021-04-29 22:58:24',12,0,1,20000,5000,0,4,10),(223,'PHP高级开发工程师','掌握PHP语言,熟悉使用mysql数据库,熟悉前端应用','广州','15302905248','2020-01-01 00:00:00','2021-04-29 22:58:24',12,1,1,20000,6000,0,6,10),(224,'高级PHP开发工程师','掌握PHP语言,熟悉使用mysql数据库,熟悉前端应用','武汉','15301648654','2020-01-01 00:00:00','2021-04-29 22:58:24',1,0,1,23000,8000,0,1,10),(225,'PHP中级开发工程师','掌握PHP语言,熟悉使用mysql数据库,熟悉前端应用','佛山','15106251407','2020-01-01 00:00:00','2021-04-29 22:58:24',13,0,1,11000,7000,0,5,10),(226,'PHP开发工程师','掌握PHP语言,熟悉使用mysql数据库,熟悉前端应用','广州','13901981639','2020-01-01 00:00:00','2021-04-29 22:58:24',12,1,1,20000,5000,0,1,10),(227,'资深PHP工程师','掌握PHP语言,熟悉使用mysql数据库,熟悉前端应用','上海','13103863126','2020-01-01 00:00:00','2021-04-29 22:58:24',13,0,1,11000,5000,0,5,10),(228,'PHP开发工程师','掌握PHP语言,熟悉使用mysql数据库,熟悉前端应用','上海','13006136068','2020-01-01 00:00:00','2021-04-29 22:58:24',3,0,1,30000,7000,0,2,10),(229,'PHP程序员/PHP开发工程师（高薪急聘+五险一金） (职位编号：1)','掌握PHP语言,熟悉使用mysql数据库,熟悉前端应用','成都','15005868829','2020-01-01 00:00:00','2021-04-29 22:58:24',14,1,1,16000,7000,0,5,10),(230,'PHP开发工程师','掌握PHP语言,熟悉使用mysql数据库,熟悉前端应用','福州','13602724865','2020-01-01 00:00:00','2021-04-29 22:58:25',8,1,1,30000,9000,0,1,10),(231,'PHP开发工程师程序员','掌握PHP语言,熟悉使用mysql数据库,熟悉前端应用','惠州','15908781883','2020-01-01 00:00:00','2021-04-29 22:58:25',5,1,1,15000,6000,0,1,10),(232,'PHP开发工程师','掌握PHP语言,熟悉使用mysql数据库,熟悉前端应用','广州','13103231117','2020-01-01 00:00:00','2021-04-29 22:58:25',4,1,1,23000,6000,0,3,10),(233,'PHP开发工程师 (职位编号：03)','掌握PHP语言,熟悉使用mysql数据库,熟悉前端应用','杭州','13806227251','2020-01-01 00:00:00','2021-04-29 22:58:25',13,1,1,30000,7000,0,2,10),(234,'高级PHP研发工程师','掌握PHP语言,熟悉使用mysql数据库,熟悉前端应用','上海','13401541765','2020-01-01 00:00:00','2021-04-29 22:58:25',10,1,1,21000,5000,0,3,10),(235,'PHP开发工程师','掌握PHP语言,熟悉使用mysql数据库,熟悉前端应用','广州','15805524859','2020-01-01 00:00:00','2021-04-29 22:58:25',6,1,1,11000,8000,0,6,10),(236,'PHP开发工程师','掌握PHP语言,熟悉使用mysql数据库,熟悉前端应用','广州','15303200066','2020-01-01 00:00:00','2021-04-29 22:58:25',13,1,1,20000,6000,0,1,10),(237,'高级PHP开发工程师','掌握PHP语言,熟悉使用mysql数据库,熟悉前端应用','上海','15105152564','2020-01-01 00:00:00','2021-04-29 22:58:25',6,0,1,16000,5000,0,1,10),(238,'PHP开发工程师','掌握PHP语言,熟悉使用mysql数据库,熟悉前端应用','昆明','15700046066','2020-01-01 00:00:00','2021-04-29 22:58:25',12,0,1,23000,5000,0,4,10),(239,'PHP开发工程师','掌握PHP语言,熟悉使用mysql数据库,熟悉前端应用','苏州','15104930603','2020-01-01 00:00:00','2021-04-29 22:58:25',1,0,1,21000,7000,0,5,10),(240,'PHP开发工程师','掌握PHP语言,熟悉使用mysql数据库,熟悉前端应用','武汉','13107923682','2020-01-01 00:00:00','2021-04-29 22:58:25',14,1,1,21000,6000,0,4,10),(241,'PHP程序员','掌握PHP语言,熟悉使用mysql数据库,熟悉前端应用','佛山','15308020261','2020-01-01 00:00:00','2021-04-29 22:58:26',4,0,1,20000,6000,0,5,10),(242,'PHP开发工程师','掌握PHP语言,熟悉使用mysql数据库,熟悉前端应用','无锡','15903286485','2020-01-01 00:00:00','2021-04-29 22:58:26',7,1,1,16000,5000,0,5,10),(243,'PHP高级开发工程师','掌握PHP语言,熟悉使用mysql数据库,熟悉前端应用','上海','15802532479','2020-01-01 00:00:00','2021-04-29 22:58:26',11,0,1,15000,9000,0,2,10),(244,'PHP开发工程师','掌握PHP语言,熟悉使用mysql数据库,熟悉前端应用','武汉','15305044334','2020-01-01 00:00:00','2021-04-29 22:58:26',8,1,1,21000,8000,0,3,10),(245,'高级PHP研发工程师','掌握PHP语言,熟悉使用mysql数据库,熟悉前端应用','成都','13501588096','2020-01-01 00:00:00','2021-04-29 22:58:26',2,0,1,21000,6000,0,6,10),(246,'PHP开发工程师','掌握PHP语言,熟悉使用mysql数据库,熟悉前端应用','常熟','13708774799','2020-01-01 00:00:00','2021-04-29 22:58:26',13,0,1,16000,6000,0,4,10),(247,'PHP开发工程师','掌握PHP语言,熟悉使用mysql数据库,熟悉前端应用','天津','13800936406','2020-01-01 00:00:00','2021-04-29 22:58:26',1,0,1,11000,9000,0,5,10),(248,'后端开发（PHP/Java）工程师','掌握PHP语言,熟悉使用mysql数据库,熟悉前端应用','上海','15006322472','2020-01-01 00:00:00','2021-04-29 22:58:26',4,1,1,16000,5000,0,5,10),(249,'PHP开发工程师','掌握PHP语言,熟悉使用mysql数据库,熟悉前端应用','广州','15708414649','2020-01-01 00:00:00','2021-04-29 22:58:26',0,0,1,21000,8000,0,1,10),(250,'PHP开发工程师','掌握PHP语言,熟悉使用mysql数据库,熟悉前端应用','上海','15606502762','2020-01-01 00:00:00','2021-04-29 22:58:26',10,1,1,20000,8000,0,5,10),(251,'中级PHP工程师','掌握PHP语言,熟悉使用mysql数据库,熟悉前端应用','福州','15708767790','2020-01-01 00:00:00','2021-04-29 22:58:26',0,0,1,23000,6000,0,1,10),(252,'PHP（南京）','掌握PHP语言,熟悉使用mysql数据库,熟悉前端应用','南京','13401431518','2020-01-01 00:00:00','2021-04-29 22:58:27',7,1,1,15000,6000,0,1,10),(253,'PHP开发  (外派东莞虎门)','掌握PHP语言,熟悉使用mysql数据库,熟悉前端应用','东莞','13304755750','2020-01-01 00:00:00','2021-04-29 22:58:27',12,0,1,15000,7000,0,6,10),(254,'PHP开发工程师','掌握PHP语言,熟悉使用mysql数据库,熟悉前端应用','大连','15802956119','2020-01-01 00:00:00','2021-04-29 22:58:27',15,1,1,15000,9000,0,5,10),(255,'PHP高级开发工程师','掌握PHP语言,熟悉使用mysql数据库,熟悉前端应用','广州','15302690281','2020-01-01 00:00:00','2021-04-29 22:58:27',13,1,1,20000,9000,0,2,10),(256,'PHP开发工程师（电商erp）','掌握PHP语言,熟悉使用mysql数据库,熟悉前端应用','深圳','13700203940','2020-01-01 00:00:00','2021-04-29 22:58:27',15,0,1,30000,6000,0,5,10),(257,'PHP高级开发（15-25K汉口）','掌握PHP语言,熟悉使用mysql数据库,熟悉前端应用','武汉','15707745818','2020-01-01 00:00:00','2021-04-29 22:58:27',10,1,1,23000,6000,0,1,10),(258,'PHP工程师','掌握PHP语言,熟悉使用mysql数据库,熟悉前端应用','广州','13002884770','2020-01-01 00:00:00','2021-04-29 22:58:27',7,1,1,15000,8000,0,6,10),(259,'PHP开发工程师','掌握PHP语言,熟悉使用mysql数据库,熟悉前端应用','成都','13707986427','2020-01-01 00:00:00','2021-04-29 22:58:27',3,1,1,16000,8000,0,6,10),(260,'PHP软件开发工程师','掌握PHP语言,熟悉使用mysql数据库,熟悉前端应用','上海','15808113945','2020-01-01 00:00:00','2021-04-29 22:58:27',14,0,1,30000,8000,0,2,10),(261,'PHP开发工程师','掌握PHP语言,熟悉使用mysql数据库,熟悉前端应用','连云港','13008347957','2020-01-01 00:00:00','2021-04-29 22:58:27',4,0,1,23000,9000,0,1,10),(262,'PHP开发工程师','掌握PHP语言,熟悉使用mysql数据库,熟悉前端应用','大连','15006256429','2020-01-01 00:00:00','2021-04-29 22:58:28',2,0,1,20000,7000,0,3,10),(263,'PHP开发工程师','掌握PHP语言,熟悉使用mysql数据库,熟悉前端应用','武汉','15200108252','2020-01-01 00:00:00','2021-04-29 22:58:28',2,0,1,30000,9000,0,2,10),(264,'PHP高级研发工程师','掌握PHP语言,熟悉使用mysql数据库,熟悉前端应用','武汉','15801508643','2020-01-01 00:00:00','2021-04-29 22:58:28',1,1,1,11000,9000,0,4,10),(265,'PHP程序员','掌握PHP语言,熟悉使用mysql数据库,熟悉前端应用','广州','13402571767','2020-01-01 00:00:00','2021-04-29 22:58:28',12,1,1,20000,7000,0,6,10),(266,'php工程师','掌握PHP语言,熟悉使用mysql数据库,熟悉前端应用','苏州','15007190936','2020-01-01 00:00:00','2021-04-29 22:58:28',3,1,1,21000,5000,0,1,10),(267,'PHP开发工程师','掌握PHP语言,熟悉使用mysql数据库,熟悉前端应用','上海','13504770730','2020-01-01 00:00:00','2021-04-29 22:58:28',12,0,1,30000,8000,0,1,10),(268,'大数据产品部—PHP开发工程师','掌握PHP语言,熟悉使用mysql数据库,熟悉前端应用','北京','13004711240','2020-01-01 00:00:00','2021-04-29 22:58:28',15,1,1,11000,9000,0,1,10),(269,'PHP软件开发工程师（0023040202）','掌握PHP语言,熟悉使用mysql数据库,熟悉前端应用','上海','13201622609','2020-01-01 00:00:00','2021-04-29 22:58:28',6,0,1,30000,9000,0,4,10),(270,'PHP开发工程师（2020校招）','掌握PHP语言,熟悉使用mysql数据库,熟悉前端应用','广州','13808305360','2020-01-01 00:00:00','2021-04-29 22:58:28',1,0,1,21000,8000,0,5,10),(271,'PHP开发工程师','掌握PHP语言,熟悉使用mysql数据库,熟悉前端应用','北京','13901308889','2020-01-01 00:00:00','2021-04-29 22:58:28',5,1,1,20000,7000,0,1,10),(272,'PHP程序开发工程师','掌握PHP语言,熟悉使用mysql数据库,熟悉前端应用','成都','13207015494','2020-01-01 00:00:00','2021-04-29 22:58:28',15,0,1,11000,8000,0,5,10),(273,'PHP高级开发工程师（OMS）','掌握PHP语言,熟悉使用mysql数据库,熟悉前端应用','上海','15907182183','2020-01-01 00:00:00','2021-04-29 22:58:29',14,1,1,23000,7000,0,4,10),(274,'PHP开发工程师','掌握PHP语言,熟悉使用mysql数据库,熟悉前端应用','南京','13801343360','2020-01-01 00:00:00','2021-04-29 22:58:29',3,1,1,21000,6000,0,3,10),(275,'PHP高级开发工程师','掌握PHP语言,熟悉使用mysql数据库,熟悉前端应用','广州','13106620300','2020-01-01 00:00:00','2021-04-29 22:58:29',4,1,1,21000,6000,0,1,10),(276,'PHP开发工程师（校招）','掌握PHP语言,熟悉使用mysql数据库,熟悉前端应用','广州','15208221208','2020-01-01 00:00:00','2021-04-29 22:58:29',0,1,1,15000,7000,0,3,10),(277,'PHP开发工程师','掌握PHP语言,熟悉使用mysql数据库,熟悉前端应用','北京','15600987872','2020-01-01 00:00:00','2021-04-29 22:58:29',11,1,1,11000,5000,0,6,10),(278,'PHP开发工程师','掌握PHP语言,熟悉使用mysql数据库,熟悉前端应用','南京','15907631730','2020-01-01 00:00:00','2021-04-29 22:58:29',12,1,1,20000,5000,0,5,10),(279,'高级PHP开发工程师','掌握PHP语言,熟悉使用mysql数据库,熟悉前端应用','上海','13407006904','2020-01-01 00:00:00','2021-04-29 22:58:29',13,0,1,11000,7000,0,3,10),(280,'PHP开发工程师','掌握PHP语言,熟悉使用mysql数据库,熟悉前端应用','武汉','15301794684','2020-01-01 00:00:00','2021-04-29 22:58:29',2,0,1,30000,9000,0,5,10),(281,'PHP开发工程师','掌握PHP语言,熟悉使用mysql数据库,熟悉前端应用','上海','15706292490','2020-01-01 00:00:00','2021-04-29 22:58:29',4,0,1,11000,8000,0,6,10),(282,'PHP后端','掌握PHP语言,熟悉使用mysql数据库,熟悉前端应用','合肥','15905048509','2020-01-01 00:00:00','2021-04-29 22:58:29',13,1,1,30000,7000,0,2,10),(283,'PHP专业教师（周末双休有寒暑假）','掌握PHP语言,熟悉使用mysql数据库,熟悉前端应用','广州','13008295725','2020-01-01 00:00:00','2021-04-29 22:58:29',14,0,1,20000,8000,0,6,10),(284,'PHP开发工程师','掌握PHP语言,熟悉使用mysql数据库,熟悉前端应用','珠海','13806520203','2020-01-01 00:00:00','2021-04-29 22:58:30',8,0,1,30000,5000,0,6,10),(285,'PHP工程师','掌握PHP语言,熟悉使用mysql数据库,熟悉前端应用','北京','15303701892','2020-01-01 00:00:00','2021-04-29 22:58:30',9,1,1,20000,5000,0,3,10),(286,'PHP工程师','掌握PHP语言,熟悉使用mysql数据库,熟悉前端应用','上海','13903410872','2020-01-01 00:00:00','2021-04-29 22:58:30',11,1,1,30000,6000,0,2,10),(287,'PHP工程师(J10454)','掌握PHP语言,熟悉使用mysql数据库,熟悉前端应用','广州','13104868914','2020-01-01 00:00:00','2021-04-29 22:58:30',14,1,1,30000,7000,0,5,10),(288,'PHP实习生','掌握PHP语言,熟悉使用mysql数据库,熟悉前端应用','长春','13600410084','2020-01-01 00:00:00','2021-04-29 22:58:30',10,1,1,16000,6000,0,5,10),(289,'PHP开发工程师-上海嘉定-02005','掌握PHP语言,熟悉使用mysql数据库,熟悉前端应用','上海','13607655695','2020-01-01 00:00:00','2021-04-29 22:58:30',8,0,1,23000,9000,0,3,10),(290,'高级php程序员（合伙人）','掌握PHP语言,熟悉使用mysql数据库,熟悉前端应用','燕郊开发区','15006565685','2020-01-01 00:00:00','2021-04-29 22:58:30',3,1,1,30000,6000,0,2,10),(291,'PHP/MYSQL开发工程师','掌握PHP语言,熟悉使用mysql数据库,熟悉前端应用','上海','13904973686','2020-01-01 00:00:00','2021-04-29 22:58:30',6,1,1,11000,6000,0,6,10),(292,'PHP开发工程师','掌握PHP语言,熟悉使用mysql数据库,熟悉前端应用','北京','13900681259','2020-01-01 00:00:00','2021-04-29 22:58:30',2,0,1,23000,9000,0,1,10),(293,'PHP开发工程师','掌握PHP语言,熟悉使用mysql数据库,熟悉前端应用','上海','13606170361','2020-01-01 00:00:00','2021-04-29 22:58:30',6,1,1,30000,9000,0,4,10),(294,'PHP开发工程师','掌握PHP语言,熟悉使用mysql数据库,熟悉前端应用','广州','15507326043','2020-01-01 00:00:00','2021-04-29 22:58:30',11,1,1,23000,8000,0,1,10),(295,'PHP开发工程师','掌握PHP语言,熟悉使用mysql数据库,熟悉前端应用','上海','15701481483','2020-01-01 00:00:00','2021-04-29 22:58:31',14,1,1,20000,5000,0,1,10),(296,'PHP高级开发工程师','掌握PHP语言,熟悉使用mysql数据库,熟悉前端应用','广州','13901596722','2020-01-01 00:00:00','2021-04-29 22:58:31',9,1,1,30000,6000,0,4,10),(297,'PHP后端研发工程师','掌握PHP语言,熟悉使用mysql数据库,熟悉前端应用','深圳','15308050989','2020-01-01 00:00:00','2021-04-29 22:58:31',7,0,1,20000,5000,0,6,10),(298,'PHP开发工程师','掌握PHP语言,熟悉使用mysql数据库,熟悉前端应用','广州','15802315970','2020-01-01 00:00:00','2021-04-29 22:58:31',1,1,1,21000,9000,0,6,10),(299,'PHP开发工程师','掌握PHP语言,熟悉使用mysql数据库,熟悉前端应用','广州','15707740733','2020-01-01 00:00:00','2021-04-29 22:58:31',2,0,1,21000,8000,0,2,10),(300,'PHP开发工程师','掌握PHP语言,熟悉使用mysql数据库,熟悉前端应用','北京','15905157207','2020-01-01 00:00:00','2021-04-29 22:58:31',7,0,1,23000,8000,0,3,10),(301,'PHP工程师','掌握PHP语言,熟悉使用mysql数据库,熟悉前端应用','广州','15206518967','2020-01-01 00:00:00','2021-04-29 22:58:31',15,0,1,23000,8000,0,1,10),(302,'PHP开发经理','掌握PHP语言,熟悉使用mysql数据库,熟悉前端应用','广州','13304273004','2020-01-01 00:00:00','2021-04-29 22:58:31',10,0,1,20000,6000,0,2,10),(303,'PHP开发工程师','掌握PHP语言,熟悉使用mysql数据库,熟悉前端应用','上海','13003454237','2020-01-01 00:00:00','2021-04-29 22:58:31',10,0,1,21000,8000,0,6,10),(304,'PHP开发工程师','掌握PHP语言,熟悉使用mysql数据库,熟悉前端应用','上海','15507230431','2020-01-01 00:00:00','2021-04-29 22:58:31',0,1,1,23000,6000,0,3,10),(305,'PHP高级开发工程师','掌握PHP语言,熟悉使用mysql数据库,熟悉前端应用','广州','15205938336','2020-01-01 00:00:00','2021-04-29 22:58:31',15,1,1,11000,7000,0,4,10),(306,'PHP开发工程师','掌握PHP语言,熟悉使用mysql数据库,熟悉前端应用','广州','15303050644','2020-01-01 00:00:00','2021-04-29 22:58:32',10,1,1,30000,5000,0,3,10),(307,'PHP开发工程师','掌握PHP语言,熟悉使用mysql数据库,熟悉前端应用','北京','13307834742','2020-01-01 00:00:00','2021-04-29 22:58:32',14,0,1,30000,7000,0,6,10),(308,'PHP开发工程师','掌握PHP语言,熟悉使用mysql数据库,熟悉前端应用','佛山','13305686964','2020-01-01 00:00:00','2021-04-29 22:58:32',1,1,1,11000,7000,0,2,10),(309,'PHP开发工程师/PHP程序员（高级）','掌握PHP语言,熟悉使用mysql数据库,熟悉前端应用','广州','13300575415','2020-01-01 00:00:00','2021-04-29 22:58:32',0,1,1,30000,7000,0,3,10),(310,'PHP开发工程师','掌握PHP语言,熟悉使用mysql数据库,熟悉前端应用','北京','15604131479','2020-01-01 00:00:00','2021-04-29 22:58:32',8,1,1,11000,6000,0,6,10),(311,'PHP开发工程师','掌握PHP语言,熟悉使用mysql数据库,熟悉前端应用','广州','13000546955','2020-01-01 00:00:00','2021-04-29 22:58:32',5,0,1,20000,7000,0,6,10),(312,'《45万顶薪》PHP服务器主程 Topgames','掌握PHP语言,熟悉使用mysql数据库,熟悉前端应用','上海','15208095375','2020-01-01 00:00:00','2021-04-29 22:58:32',3,0,1,16000,6000,0,5,10),(313,'PHP高级开发工程师','掌握PHP语言,熟悉使用mysql数据库,熟悉前端应用','广州','13607417032','2020-01-01 00:00:00','2021-04-29 22:58:32',10,0,1,23000,7000,0,2,10),(314,'php高级开发工程师（管理方向）','掌握PHP语言,熟悉使用mysql数据库,熟悉前端应用','广州','15606873781','2020-01-01 00:00:00','2021-04-29 22:58:32',11,0,1,20000,9000,0,1,10),(315,'PHP全栈工程师 （偏向Web开发）','掌握PHP语言,熟悉使用mysql数据库,熟悉前端应用','北京','13605458637','2020-01-01 00:00:00','2021-04-29 22:58:32',4,1,1,20000,7000,0,6,10),(316,'PHP后台程序员','掌握PHP语言,熟悉使用mysql数据库,熟悉前端应用','广州','13908360492','2020-01-01 00:00:00','2021-04-29 22:58:33',15,0,1,30000,8000,0,5,10),(317,'PHP开发工程师','掌握PHP语言,熟悉使用mysql数据库,熟悉前端应用','广州','13706755624','2020-01-01 00:00:00','2021-04-29 22:58:33',8,1,1,11000,5000,0,3,10),(318,'PHP后端开发工程师','掌握PHP语言,熟悉使用mysql数据库,熟悉前端应用','广州','13306986084','2020-01-01 00:00:00','2021-04-29 22:58:33',11,0,1,23000,8000,0,1,10),(319,'.net 高级软件工程师','良好语言基础,具有团队合作能力,熟悉.net应用开发流程','北京','15504449035','2020-01-01 00:00:00','2021-04-29 22:58:33',2,0,1,16000,6000,0,6,11),(320,'.NET开发工程师','良好语言基础,具有团队合作能力,熟悉.net应用开发流程','无锡','13507281848','2020-01-01 00:00:00','2021-04-29 22:58:33',10,0,1,15000,5000,0,5,11),(321,'.NET开发工程师','良好语言基础,具有团队合作能力,熟悉.net应用开发流程','沈阳','15207813038','2020-01-01 00:00:00','2021-04-29 22:58:33',12,1,1,11000,5000,0,2,11),(322,'c#/.net高级开发工程师','良好语言基础,具有团队合作能力,熟悉.net应用开发流程','长沙','15500996117','2020-01-01 00:00:00','2021-04-29 22:58:33',9,1,1,21000,5000,0,4,11),(323,'.NET开发工程师（番禺上班）','良好语言基础,具有团队合作能力,熟悉.net应用开发流程','广州','13705163701','2020-01-01 00:00:00','2021-04-29 22:58:33',3,0,1,15000,7000,0,1,11),(324,'.NET开发工程师','良好语言基础,具有团队合作能力,熟悉.net应用开发流程','北京','15001977837','2020-01-01 00:00:00','2021-04-29 22:58:33',6,1,1,21000,7000,0,2,11),(325,'.NET开发工程师','良好语言基础,具有团队合作能力,熟悉.net应用开发流程','广州','13304324801','2020-01-01 00:00:00','2021-04-29 22:58:33',9,1,1,30000,6000,0,3,11),(326,'.NET开发工程师','良好语言基础,具有团队合作能力,熟悉.net应用开发流程','广州','13305977734','2020-01-01 00:00:00','2021-04-29 22:58:33',9,1,1,23000,7000,0,6,11),(327,'.Net 开发工程师','良好语言基础,具有团队合作能力,熟悉.net应用开发流程','上海','13100906639','2020-01-01 00:00:00','2021-04-29 22:58:34',6,1,1,21000,7000,0,5,11),(328,'.NET开发工程师','良好语言基础,具有团队合作能力,熟悉.net应用开发流程','上海','13601530153','2020-01-01 00:00:00','2021-04-29 22:58:34',2,0,1,21000,7000,0,2,11),(329,'.NET高级开发工程师','良好语言基础,具有团队合作能力,熟悉.net应用开发流程','宁波','15002037593','2020-01-01 00:00:00','2021-04-29 22:58:34',3,1,1,15000,5000,0,6,11),(330,'.NET高级开发工程师','良好语言基础,具有团队合作能力,熟悉.net应用开发流程','深圳','15201323992','2020-01-01 00:00:00','2021-04-29 22:58:34',9,0,1,11000,7000,0,2,11),(331,'C#.net软件工程师 (职位编号：001)','良好语言基础,具有团队合作能力,熟悉.net应用开发流程','岳阳','15904644249','2020-01-01 00:00:00','2021-04-29 22:58:34',6,1,1,20000,5000,0,5,11),(332,'.NET开发工程师','良好语言基础,具有团队合作能力,熟悉.net应用开发流程','天津','15902607645','2020-01-01 00:00:00','2021-04-29 22:58:34',11,1,1,11000,8000,0,4,11),(333,'.NET开发工程师','良好语言基础,具有团队合作能力,熟悉.net应用开发流程','西安','13107042687','2020-01-01 00:00:00','2021-04-29 22:58:34',12,1,1,21000,9000,0,2,11),(334,'.NET开发工程师','良好语言基础,具有团队合作能力,熟悉.net应用开发流程','上海','13701364625','2020-01-01 00:00:00','2021-04-29 22:58:34',6,1,1,11000,7000,0,2,11),(335,'C# .Net 软件工程师/系统工程师','良好语言基础,具有团队合作能力,熟悉.net应用开发流程','上海','15101740300','2020-01-01 00:00:00','2021-04-29 22:58:34',10,1,1,30000,8000,0,3,11),(336,'.NET软件工程师','良好语言基础,具有团队合作能力,熟悉.net应用开发流程','南京','13100197549','2020-01-01 00:00:00','2021-04-29 22:58:34',11,0,1,15000,5000,0,5,11),(337,'.Net研发工程师C#工程师','良好语言基础,具有团队合作能力,熟悉.net应用开发流程','成都','13706168994','2020-01-01 00:00:00','2021-04-29 22:58:34',13,1,1,30000,8000,0,6,11),(338,'.NET高级开发工程师','良好语言基础,具有团队合作能力,熟悉.net应用开发流程','天津','13905453272','2020-01-01 00:00:00','2021-04-29 22:58:35',6,1,1,20000,9000,0,6,11),(339,'.NET软件开发工程师','良好语言基础,具有团队合作能力,熟悉.net应用开发流程','无锡','13803481785','2020-01-01 00:00:00','2021-04-29 22:58:35',0,0,1,23000,8000,0,1,11),(340,'.net工程师','良好语言基础,具有团队合作能力,熟悉.net应用开发流程','广州','13702665344','2020-01-01 00:00:00','2021-04-29 22:58:35',1,1,1,21000,7000,0,5,11),(341,'.NET开发工程师','良好语言基础,具有团队合作能力,熟悉.net应用开发流程','大连','15105893777','2020-01-01 00:00:00','2021-04-29 22:58:35',11,0,1,21000,5000,0,2,11),(342,'.NET工程师','良好语言基础,具有团队合作能力,熟悉.net应用开发流程','广州','13207927293','2020-01-01 00:00:00','2021-04-29 22:58:35',11,1,1,30000,8000,0,5,11),(343,'高级.NET开发工程师','良好语言基础,具有团队合作能力,熟悉.net应用开发流程','上海','15701474821','2020-01-01 00:00:00','2021-04-29 22:58:35',9,1,1,20000,9000,0,4,11),(344,'.NET开发（实习生）','良好语言基础,具有团队合作能力,熟悉.net应用开发流程','广州','15502096576','2020-01-01 00:00:00','2021-04-29 22:58:35',3,0,1,16000,8000,0,1,11),(345,'.NET开发工程师','良好语言基础,具有团队合作能力,熟悉.net应用开发流程','广州','13801191262','2020-01-01 00:00:00','2021-04-29 22:58:35',5,1,1,15000,9000,0,5,11),(346,'ASP.NET高级软件开发工程师','良好语言基础,具有团队合作能力,熟悉.net应用开发流程','南京','15201067344','2020-01-01 00:00:00','2021-04-29 22:58:35',4,1,1,23000,6000,0,5,11),(347,'.NET开发工程师','良好语言基础,具有团队合作能力,熟悉.net应用开发流程','上海','13205223326','2020-01-01 00:00:00','2021-04-29 22:58:35',7,1,1,15000,7000,0,3,11),(348,'ASP.NET 软件工程师 (职位编号：103)','良好语言基础,具有团队合作能力,熟悉.net应用开发流程','西安','13902153511','2020-01-01 00:00:00','2021-04-29 22:58:35',5,0,1,23000,6000,0,3,11),(349,'高级.NET研发工程师','良好语言基础,具有团队合作能力,熟悉.net应用开发流程','重庆','13802831622','2020-01-01 00:00:00','2021-04-29 22:58:36',7,1,1,23000,9000,0,4,11),(350,'.NET高级开发工程师 (职位编号：kl-1703001)','良好语言基础,具有团队合作能力,熟悉.net应用开发流程','上海','15502280441','2020-01-01 00:00:00','2021-04-29 22:58:36',10,1,1,11000,9000,0,5,11),(351,'.NET软件工程师','良好语言基础,具有团队合作能力,熟悉.net应用开发流程','宁波','13007116837','2020-01-01 00:00:00','2021-04-29 22:58:36',3,0,1,21000,6000,0,1,11),(352,'.net软件工程师','良好语言基础,具有团队合作能力,熟悉.net应用开发流程','天津','15601248458','2020-01-01 00:00:00','2021-04-29 22:58:36',4,1,1,30000,8000,0,6,11),(353,'.net 开发工程师','良好语言基础,具有团队合作能力,熟悉.net应用开发流程','上海','15303455968','2020-01-01 00:00:00','2021-04-29 22:58:36',5,0,1,21000,6000,0,1,11),(354,'中级.NET工程师','良好语言基础,具有团队合作能力,熟悉.net应用开发流程','福州','15503347379','2020-01-01 00:00:00','2021-04-29 22:58:36',13,1,1,23000,5000,0,4,11),(355,'.NET开发工程师','良好语言基础,具有团队合作能力,熟悉.net应用开发流程','合肥','13603948310','2020-01-01 00:00:00','2021-04-29 22:58:36',11,1,1,30000,9000,0,1,11),(356,'项目经理（java/.net)','良好语言基础,具有团队合作能力,熟悉.net应用开发流程','福州','15606581811','2020-01-01 00:00:00','2021-04-29 22:58:36',1,1,1,15000,6000,0,4,11),(357,'.net','良好语言基础,具有团队合作能力,熟悉.net应用开发流程','深圳','15802281797','2020-01-01 00:00:00','2021-04-29 22:58:36',8,0,1,21000,9000,0,5,11),(358,'.NET高级开发工程师','良好语言基础,具有团队合作能力,熟悉.net应用开发流程','株洲','13605867146','2020-01-01 00:00:00','2021-04-29 22:58:36',12,1,1,11000,6000,0,6,11),(359,'.Net开发工程师','良好语言基础,具有团队合作能力,熟悉.net应用开发流程','上海','13508086559','2020-01-01 00:00:00','2021-04-29 22:58:36',11,0,1,30000,6000,0,1,11),(360,'.NET开发工程师','良好语言基础,具有团队合作能力,熟悉.net应用开发流程','珠海','13803598675','2020-01-01 00:00:00','2021-04-29 22:58:37',11,1,1,11000,8000,0,5,11),(361,'.NET开发工程师','良好语言基础,具有团队合作能力,熟悉.net应用开发流程','大连','15603935352','2020-01-01 00:00:00','2021-04-29 22:58:37',12,1,1,23000,5000,0,1,11),(362,'.NET高级开发工程师---城西','良好语言基础,具有团队合作能力,熟悉.net应用开发流程','杭州','13405672184','2020-01-01 00:00:00','2021-04-29 22:58:37',1,0,1,21000,7000,0,2,11),(363,'.net高级软件开发工程师','良好语言基础,具有团队合作能力,熟悉.net应用开发流程','成都','15808535974','2020-01-01 00:00:00','2021-04-29 22:58:37',10,1,1,30000,5000,0,2,11),(364,'.NET开发主管','良好语言基础,具有团队合作能力,熟悉.net应用开发流程','广州','15100508304','2020-01-01 00:00:00','2021-04-29 22:58:37',6,0,1,20000,7000,0,1,11),(365,'.NET开发工程师','良好语言基础,具有团队合作能力,熟悉.net应用开发流程','广州','15504931649','2020-01-01 00:00:00','2021-04-29 22:58:37',11,1,1,16000,9000,0,6,11),(366,'.net 开发工程师（在线教育集团）','良好语言基础,具有团队合作能力,熟悉.net应用开发流程','北京','15101140647','2020-01-01 00:00:00','2021-04-29 22:58:37',0,1,1,15000,8000,0,6,11),(367,'.NET高级开发工程师','良好语言基础,具有团队合作能力,熟悉.net应用开发流程','北京','13201627184','2020-01-01 00:00:00','2021-04-29 22:58:37',8,0,1,20000,8000,0,4,11),(368,'.Net高级软件开发工程师','良好语言基础,具有团队合作能力,熟悉.net应用开发流程','杭州','15801718518','2020-01-01 00:00:00','2021-04-29 22:58:37',10,1,1,23000,8000,0,1,11),(369,'.Net 中级开发工程师','良好语言基础,具有团队合作能力,熟悉.net应用开发流程','上海','15807585102','2020-01-01 00:00:00','2021-04-29 22:58:37',11,1,1,16000,6000,0,4,11),(370,'.NET高级开发工程师','良好语言基础,具有团队合作能力,熟悉.net应用开发流程','北京','13903672114','2020-01-01 00:00:00','2021-04-29 22:58:37',3,1,1,21000,9000,0,5,11),(371,'.NET开发工程师 (职位编号：10)','良好语言基础,具有团队合作能力,熟悉.net应用开发流程','上海','13807042301','2020-01-01 00:00:00','2021-04-29 22:58:38',2,1,1,11000,6000,0,5,11),(372,'.NET高级开发工程师','良好语言基础,具有团队合作能力,熟悉.net应用开发流程','武汉','13503097539','2020-01-01 00:00:00','2021-04-29 22:58:38',8,0,1,21000,5000,0,5,11),(373,'.NET开发工程师','良好语言基础,具有团队合作能力,熟悉.net应用开发流程','惠州','15903728722','2020-01-01 00:00:00','2021-04-29 22:58:38',14,1,1,21000,8000,0,4,11),(374,'.NET开发工程师','良好语言基础,具有团队合作能力,熟悉.net应用开发流程','深圳','13301200392','2020-01-01 00:00:00','2021-04-29 22:58:38',1,1,1,15000,6000,0,5,11),(375,'软件开发工程师（.net/Java） (职位编号：TJ-202001)','良好语言基础,具有团队合作能力,熟悉.net应用开发流程','天津','15802636595','2020-01-01 00:00:00','2021-04-29 22:58:38',0,0,1,30000,6000,0,4,11),(376,'软件工程师（C#、.net）','良好语言基础,具有团队合作能力,熟悉.net应用开发流程','成都','15804832508','2020-01-01 00:00:00','2021-04-29 22:58:38',9,1,1,16000,6000,0,4,11),(377,'.NET开发工程师','良好语言基础,具有团队合作能力,熟悉.net应用开发流程','成都','13303748414','2020-01-01 00:00:00','2021-04-29 22:58:38',2,1,1,11000,5000,0,2,11),(378,'.NET开发工程师','良好语言基础,具有团队合作能力,熟悉.net应用开发流程','乌鲁木齐','13503667970','2020-01-01 00:00:00','2021-04-29 22:58:38',3,0,1,16000,8000,0,3,11),(379,'.NET开发工程师','良好语言基础,具有团队合作能力,熟悉.net应用开发流程','佛山','13604303759','2020-01-01 00:00:00','2021-04-29 22:58:38',2,0,1,11000,8000,0,6,11),(380,'asp.net C#工程师 (职位编号：10)','良好语言基础,具有团队合作能力,熟悉.net应用开发流程','南京','13301773713','2020-01-01 00:00:00','2021-04-29 22:58:38',1,1,1,23000,8000,0,2,11),(381,'.NET开发工程师（后台）','良好语言基础,具有团队合作能力,熟悉.net应用开发流程','广州','15308686849','2020-01-01 00:00:00','2021-04-29 22:58:38',1,1,1,30000,6000,0,4,11),(382,'.NET工程师','良好语言基础,具有团队合作能力,熟悉.net应用开发流程','珠海','15106056576','2020-01-01 00:00:00','2021-04-29 22:58:39',0,1,1,16000,6000,0,4,11),(383,'.NET开发经理','良好语言基础,具有团队合作能力,熟悉.net应用开发流程','洛阳','15802510416','2020-01-01 00:00:00','2021-04-29 22:58:39',4,1,1,21000,9000,0,6,11),(384,'.NET开发工程师','良好语言基础,具有团队合作能力,熟悉.net应用开发流程','兰州','15600214502','2020-01-01 00:00:00','2021-04-29 22:58:39',12,1,1,20000,8000,0,6,11),(385,'.Net开发工程师','良好语言基础,具有团队合作能力,熟悉.net应用开发流程','西安','13001031429','2020-01-01 00:00:00','2021-04-29 22:58:39',2,0,1,20000,8000,0,2,11),(386,'软件工程师Java/.net方向 工业物联网软硬件配合 国企','良好语言基础,具有团队合作能力,熟悉.net应用开发流程','天津','13706721270','2020-01-01 00:00:00','2021-04-29 22:58:39',3,1,1,15000,5000,0,6,11),(387,'c#/.net高级开发工程师','良好语言基础,具有团队合作能力,熟悉.net应用开发流程','上海','13908463296','2020-01-01 00:00:00','2021-04-29 22:58:39',12,1,1,15000,8000,0,4,11),(388,'.Net高级软件工程师','良好语言基础,具有团队合作能力,熟悉.net应用开发流程','西安','13203362410','2020-01-01 00:00:00','2021-04-29 22:58:39',13,1,1,21000,6000,0,1,11),(389,'MES开发工程师（ASP.NET C#或JAVA）','良好语言基础,具有团队合作能力,熟悉.net应用开发流程','合肥','13802946429','2020-01-01 00:00:00','2021-04-29 22:58:39',10,1,1,11000,7000,0,1,11),(390,'.NET开发工程师','良好语言基础,具有团队合作能力,熟悉.net应用开发流程','杭州','15205520647','2020-01-01 00:00:00','2021-04-29 22:58:39',8,0,1,20000,6000,0,4,11),(391,'.NET高级开发工程师','良好语言基础,具有团队合作能力,熟悉.net应用开发流程','南昌','15501175562','2020-01-01 00:00:00','2021-04-29 22:58:39',8,0,1,15000,7000,0,1,11),(392,'.NET高级开发工程师','良好语言基础,具有团队合作能力,熟悉.net应用开发流程','深圳','15905423265','2020-01-01 00:00:00','2021-04-29 22:58:40',8,1,1,15000,8000,0,5,11),(393,'.NET开发工程师','良好语言基础,具有团队合作能力,熟悉.net应用开发流程','西安','13502164640','2020-01-01 00:00:00','2021-04-29 22:58:40',10,0,1,20000,5000,0,1,11),(394,'软件工程师(.net)','良好语言基础,具有团队合作能力,熟悉.net应用开发流程','上海','15603830485','2020-01-01 00:00:00','2021-04-29 22:58:40',2,1,1,23000,7000,0,2,11),(395,'.NET开发工程师','良好语言基础,具有团队合作能力,熟悉.net应用开发流程','上海','15802015020','2020-01-01 00:00:00','2021-04-29 22:58:40',5,0,1,15000,9000,0,6,11),(396,'.NET高级开发工程师','良好语言基础,具有团队合作能力,熟悉.net应用开发流程','大连','13207633713','2020-01-01 00:00:00','2021-04-29 22:58:40',12,1,1,30000,5000,0,3,11),(397,'.Net C#高级软件工程师','良好语言基础,具有团队合作能力,熟悉.net应用开发流程','大连','13007555973','2020-01-01 00:00:00','2021-04-29 22:58:40',13,0,1,11000,9000,0,4,11),(398,'初级.net开发工程师','良好语言基础,具有团队合作能力,熟悉.net应用开发流程','长沙','15102192686','2020-01-01 00:00:00','2021-04-29 22:58:40',5,1,1,23000,8000,0,4,11),(399,'.net开发工程师-合肥-01673','良好语言基础,具有团队合作能力,熟悉.net应用开发流程','合肥','15005804153','2020-01-01 00:00:00','2021-04-29 22:58:40',4,1,1,16000,5000,0,1,11),(400,'.NET开发工程师','良好语言基础,具有团队合作能力,熟悉.net应用开发流程','北京','15107432221','2020-01-01 00:00:00','2021-04-29 22:58:40',3,0,1,21000,9000,0,6,11),(401,'.NET开发工程师','良好语言基础,具有团队合作能力,熟悉.net应用开发流程','北京','13407788279','2020-01-01 00:00:00','2021-04-29 22:58:40',2,0,1,15000,9000,0,6,11),(402,'程序开发、编程、软件工程师C#  Java Web .Net (职位编号：1)','良好语言基础,具有团队合作能力,熟悉.net应用开发流程','东营','15508771268','2020-01-01 00:00:00','2021-04-29 22:58:40',13,1,1,16000,5000,0,5,11),(403,'.NET/C# 程序员/软件工程师','良好语言基础,具有团队合作能力,熟悉.net应用开发流程','广州','13303785656','2020-01-01 00:00:00','2021-04-29 22:58:41',5,0,1,20000,9000,0,3,11),(404,'.Net软件工程师','良好语言基础,具有团队合作能力,熟悉.net应用开发流程','上海','13100736695','2020-01-01 00:00:00','2021-04-29 22:58:41',3,1,1,16000,8000,0,1,11),(405,'.NET开发工程师','良好语言基础,具有团队合作能力,熟悉.net应用开发流程','上海','13206431423','2020-01-01 00:00:00','2021-04-29 22:58:41',3,1,1,21000,8000,0,5,11),(406,'.NET开发工程师','良好语言基础,具有团队合作能力,熟悉.net应用开发流程','深圳','13100973662','2020-01-01 00:00:00','2021-04-29 22:58:41',10,0,1,15000,7000,0,6,11),(407,'.NET开发工程师','良好语言基础,具有团队合作能力,熟悉.net应用开发流程','上海','15105247998','2020-01-01 00:00:00','2021-04-29 22:58:41',12,0,1,15000,5000,0,6,11),(408,'.NET程序员','良好语言基础,具有团队合作能力,熟悉.net应用开发流程','上海','15101646880','2020-01-01 00:00:00','2021-04-29 22:58:41',0,0,1,21000,9000,0,2,11),(409,'Asp.net、C#软件开发工程师','良好语言基础,具有团队合作能力,熟悉.net应用开发流程','广州','13904620974','2020-01-01 00:00:00','2021-04-29 22:58:41',4,0,1,23000,9000,0,3,11),(410,'.NET高级开发工程师','良好语言基础,具有团队合作能力,熟悉.net应用开发流程','北京','13904450841','2020-01-01 00:00:00','2021-04-29 22:58:41',5,1,1,15000,7000,0,5,11),(411,'.NET高级软件工程师','良好语言基础,具有团队合作能力,熟悉.net应用开发流程','上海','15900055571','2020-01-01 00:00:00','2021-04-29 22:58:41',14,1,1,11000,8000,0,4,11),(412,'.NET开发工程师','良好语言基础,具有团队合作能力,熟悉.net应用开发流程','上海','13904257076','2020-01-01 00:00:00','2021-04-29 22:58:41',6,1,1,20000,8000,0,1,11),(413,'.NET开发工程师','良好语言基础,具有团队合作能力,熟悉.net应用开发流程','上海','13006736853','2020-01-01 00:00:00','2021-04-29 22:58:41',4,1,1,11000,6000,0,1,11),(414,'ASP.NET软件开发工程师','良好语言基础,具有团队合作能力,熟悉.net应用开发流程','广州','13900940067','2020-01-01 00:00:00','2021-04-29 22:58:42',10,1,1,11000,5000,0,1,11),(415,'.NET开发工程师','良好语言基础,具有团队合作能力,熟悉.net应用开发流程','北京','13008687073','2020-01-01 00:00:00','2021-04-29 22:58:42',12,1,1,11000,8000,0,1,11),(416,'.NET开发工程师','良好语言基础,具有团队合作能力,熟悉.net应用开发流程','上海','13806415434','2020-01-01 00:00:00','2021-04-29 22:58:42',10,1,1,30000,8000,0,3,11),(417,'.net软件开发工程师','良好语言基础,具有团队合作能力,熟悉.net应用开发流程','广州','13300360689','2020-01-01 00:00:00','2021-04-29 22:58:42',10,0,1,20000,5000,0,5,11),(418,'.NET开发工程师','良好语言基础,具有团队合作能力,熟悉.net应用开发流程','北京','15606836467','2020-01-01 00:00:00','2021-04-29 22:58:42',0,1,1,15000,5000,0,1,11),(419,'Python开发工程师','熟练掌握python语言,了解使用python第三方类库,掌握常用数据分析能力','深圳','13202083879','2020-01-01 00:00:00','2021-04-29 22:58:42',3,0,1,11000,5000,0,4,12),(420,'Python开发工程师','熟练掌握python语言,了解使用python第三方类库,掌握常用数据分析能力','上海','13002056266','2020-01-01 00:00:00','2021-04-29 22:58:42',10,1,1,23000,6000,0,1,12),(421,'Python开发工程师','熟练掌握python语言,了解使用python第三方类库,掌握常用数据分析能力','上海','15803734640','2020-01-01 00:00:00','2021-04-29 22:58:42',3,1,1,16000,5000,0,2,12),(422,'Python开发工程师','熟练掌握python语言,了解使用python第三方类库,掌握常用数据分析能力','无锡','13307123521','2020-01-01 00:00:00','2021-04-29 22:58:42',1,1,1,20000,5000,0,5,12),(423,'Python中级工程师','熟练掌握python语言,了解使用python第三方类库,掌握常用数据分析能力','广州','13606682149','2020-01-01 00:00:00','2021-04-29 22:58:42',1,0,1,15000,5000,0,1,12),(424,'Python开发工程师','熟练掌握python语言,了解使用python第三方类库,掌握常用数据分析能力','石家庄','13700016238','2020-01-01 00:00:00','2021-04-29 22:58:42',6,1,1,21000,5000,0,3,12),(425,'Python爬虫工程师','熟练掌握python语言,了解使用python第三方类库,掌握常用数据分析能力','杭州','13507406025','2020-01-01 00:00:00','2021-04-29 22:58:43',7,1,1,15000,7000,0,5,12),(426,'Python/Java Software Engineer','熟练掌握python语言,了解使用python第三方类库,掌握常用数据分析能力','北京','13406850693','2020-01-01 00:00:00','2021-04-29 22:58:43',8,1,1,16000,9000,0,3,12),(427,'python开发工程师 (职位编号：kl-1602001)','熟练掌握python语言,了解使用python第三方类库,掌握常用数据分析能力','上海','13808274918','2020-01-01 00:00:00','2021-04-29 22:58:43',0,1,1,20000,5000,0,5,12),(428,'Python开发工程师','熟练掌握python语言,了解使用python第三方类库,掌握常用数据分析能力','福州','15202594476','2020-01-01 00:00:00','2021-04-29 22:58:43',2,1,1,21000,8000,0,5,12),(429,'Python 编程教师','熟练掌握python语言,了解使用python第三方类库,掌握常用数据分析能力','芜湖','15601247111','2020-01-01 00:00:00','2021-04-29 22:58:43',7,1,1,21000,7000,0,2,12),(430,'（外企）Python工程师','熟练掌握python语言,了解使用python第三方类库,掌握常用数据分析能力','广州','15900137154','2020-01-01 00:00:00','2021-04-29 22:58:43',8,1,1,30000,5000,0,4,12),(431,'python编程教师','熟练掌握python语言,了解使用python第三方类库,掌握常用数据分析能力','贵阳','13605443319','2020-01-01 00:00:00','2021-04-29 22:58:43',11,1,1,11000,9000,0,5,12),(432,'python后端工程师','熟练掌握python语言,了解使用python第三方类库,掌握常用数据分析能力','广州','15701704756','2020-01-01 00:00:00','2021-04-29 22:58:43',2,0,1,23000,5000,0,6,12),(433,'scratch/Python老师（罗湖翠竹洲际校区）','熟练掌握python语言,了解使用python第三方类库,掌握常用数据分析能力','深圳','13502214414','2020-01-01 00:00:00','2021-04-29 22:58:43',0,0,1,20000,8000,0,1,12),(434,'Python开发工程师','熟练掌握python语言,了解使用python第三方类库,掌握常用数据分析能力','广州','15103318969','2020-01-01 00:00:00','2021-04-29 22:58:43',14,0,1,16000,7000,0,6,12),(435,'python开发工程师','熟练掌握python语言,了解使用python第三方类库,掌握常用数据分析能力','广州','13204018804','2020-01-01 00:00:00','2021-04-29 22:58:43',11,1,1,16000,7000,0,1,12),(436,'Python开发工程师','熟练掌握python语言,了解使用python第三方类库,掌握常用数据分析能力','常州','15905775205','2020-01-01 00:00:00','2021-04-29 22:58:44',7,0,1,30000,9000,0,2,12),(437,'云方向-python开发工程师','熟练掌握python语言,了解使用python第三方类库,掌握常用数据分析能力','西安','13707602164','2020-01-01 00:00:00','2021-04-29 22:58:44',6,1,1,15000,9000,0,6,12),(438,'VC、Python程序员','熟练掌握python语言,了解使用python第三方类库,掌握常用数据分析能力','重庆','15105728861','2020-01-01 00:00:00','2021-04-29 22:58:44',1,1,1,21000,8000,0,3,12),(439,'Python开发  M','熟练掌握python语言,了解使用python第三方类库,掌握常用数据分析能力','广州','13801163483','2020-01-01 00:00:00','2021-04-29 22:58:44',6,1,1,16000,7000,0,5,12),(440,'软件开发工程师（Python方向） (职位编号：JD22-02)','熟练掌握python语言,了解使用python第三方类库,掌握常用数据分析能力','上海','13004277388','2020-01-01 00:00:00','2021-04-29 22:58:44',5,1,1,16000,7000,0,1,12),(441,'ScratchC++Python编程教师','熟练掌握python语言,了解使用python第三方类库,掌握常用数据分析能力','广州','13002340772','2020-01-01 00:00:00','2021-04-29 22:58:44',8,1,1,11000,8000,0,4,12),(442,'Python开发工程师','熟练掌握python语言,了解使用python第三方类库,掌握常用数据分析能力','上海','15502425744','2020-01-01 00:00:00','2021-04-29 22:58:44',14,0,1,11000,9000,0,4,12),(443,'Perl/Python开发工程师','熟练掌握python语言,了解使用python第三方类库,掌握常用数据分析能力','天津','13508214262','2020-01-01 00:00:00','2021-04-29 22:58:44',9,1,1,11000,7000,0,6,12),(444,'Python开发工程师（金蝶云苍穹）','熟练掌握python语言,了解使用python第三方类库,掌握常用数据分析能力','深圳','13407533804','2020-01-01 00:00:00','2021-04-29 22:58:44',2,0,1,30000,9000,0,2,12),(445,'python开发专业教师（周末双休有寒暑假）','熟练掌握python语言,了解使用python第三方类库,掌握常用数据分析能力','广州','13107231267','2020-01-01 00:00:00','2021-04-29 22:58:44',11,0,1,21000,6000,0,3,12),(446,'Python开发工程师','熟练掌握python语言,了解使用python第三方类库,掌握常用数据分析能力','长沙','15306610436','2020-01-01 00:00:00','2021-04-29 22:58:44',10,1,1,30000,6000,0,3,12),(447,'Python开发工程师 (MJ000145)','熟练掌握python语言,了解使用python第三方类库,掌握常用数据分析能力','上海','15301008712','2020-01-01 00:00:00','2021-04-29 22:58:45',7,1,1,20000,7000,0,3,12),(448,'金融教育信息研究中心—Python开发工程师','熟练掌握python语言,了解使用python第三方类库,掌握常用数据分析能力','北京','15906302969','2020-01-01 00:00:00','2021-04-29 22:58:45',14,1,1,11000,9000,0,2,12),(449,'Python开发工程师','熟练掌握python语言,了解使用python第三方类库,掌握常用数据分析能力','广州','15203612937','2020-01-01 00:00:00','2021-04-29 22:58:45',3,0,1,15000,8000,0,1,12),(450,'Python工程师','熟练掌握python语言,了解使用python第三方类库,掌握常用数据分析能力','广州','13701924832','2020-01-01 00:00:00','2021-04-29 22:58:45',13,0,1,21000,9000,0,6,12),(451,'Python开发工程师','熟练掌握python语言,了解使用python第三方类库,掌握常用数据分析能力','北京','15906520124','2020-01-01 00:00:00','2021-04-29 22:58:45',2,0,1,11000,7000,0,3,12),(452,'Python高级开发工程师','熟练掌握python语言,了解使用python第三方类库,掌握常用数据分析能力','重庆','13406645612','2020-01-01 00:00:00','2021-04-29 22:58:45',0,1,1,15000,8000,0,2,12),(453,'Python开发工程师','熟练掌握python语言,了解使用python第三方类库,掌握常用数据分析能力','杭州','15505487831','2020-01-01 00:00:00','2021-04-29 22:58:45',6,1,1,15000,9000,0,3,12),(454,'python后端开发工程师','熟练掌握python语言,了解使用python第三方类库,掌握常用数据分析能力','深圳','13707644474','2020-01-01 00:00:00','2021-04-29 22:58:45',15,1,1,21000,6000,0,2,12),(455,'Python高级开发工程师','熟练掌握python语言,了解使用python第三方类库,掌握常用数据分析能力','武汉','15201827197','2020-01-01 00:00:00','2021-04-29 22:58:45',0,1,1,20000,9000,0,4,12),(456,'Python开发工程师-机器人','熟练掌握python语言,了解使用python第三方类库,掌握常用数据分析能力','北京','15902350248','2020-01-01 00:00:00','2021-04-29 22:58:45',10,1,1,11000,7000,0,5,12),(457,'python教师','熟练掌握python语言,了解使用python第三方类库,掌握常用数据分析能力','广州','15908210276','2020-01-01 00:00:00','2021-04-29 22:58:45',8,0,1,20000,8000,0,2,12),(458,'Python中级开发工程师','熟练掌握python语言,了解使用python第三方类库,掌握常用数据分析能力','北京','15603926460','2020-01-01 00:00:00','2021-04-29 22:58:46',0,1,1,20000,5000,0,5,12),(459,'Python开发工程师(金融科技)','熟练掌握python语言,了解使用python第三方类库,掌握常用数据分析能力','上海','15002304513','2020-01-01 00:00:00','2021-04-29 22:58:46',2,1,1,23000,9000,0,4,12),(460,'Python软件开发工程师-WL','熟练掌握python语言,了解使用python第三方类库,掌握常用数据分析能力','深圳','13604870872','2020-01-01 00:00:00','2021-04-29 22:58:46',11,1,1,20000,8000,0,4,12),(461,'高级Python算法工程师','熟练掌握python语言,了解使用python第三方类库,掌握常用数据分析能力','上海','13504616052','2020-01-01 00:00:00','2021-04-29 22:58:46',0,1,1,11000,8000,0,4,12),(462,'Python开发工程师','熟练掌握python语言,了解使用python第三方类库,掌握常用数据分析能力','北京','13505364360','2020-01-01 00:00:00','2021-04-29 22:58:46',11,1,1,11000,8000,0,3,12),(463,'Python开发工程师','熟练掌握python语言,了解使用python第三方类库,掌握常用数据分析能力','郑州','13906764155','2020-01-01 00:00:00','2021-04-29 22:58:46',7,1,1,20000,8000,0,3,12),(464,'中高级Python开发工程师','熟练掌握python语言,了解使用python第三方类库,掌握常用数据分析能力','南京','15001973932','2020-01-01 00:00:00','2021-04-29 22:58:46',2,1,1,20000,7000,0,4,12),(465,'Python开发工程师','熟练掌握python语言,了解使用python第三方类库,掌握常用数据分析能力','上海','13401928274','2020-01-01 00:00:00','2021-04-29 22:58:46',14,1,1,20000,5000,0,6,12),(466,'软件开发(HTML5、.net、Python)','熟练掌握python语言,了解使用python第三方类库,掌握常用数据分析能力','无锡','13603471181','2020-01-01 00:00:00','2021-04-29 22:58:46',6,1,1,20000,6000,0,4,12),(467,'Python工程师 (职位编号：18580)','熟练掌握python语言,了解使用python第三方类库,掌握常用数据分析能力','北京','13207586293','2020-01-01 00:00:00','2021-04-29 22:58:46',8,1,1,15000,9000,0,3,12),(468,'python开发工程师','熟练掌握python语言,了解使用python第三方类库,掌握常用数据分析能力','广州','15000465616','2020-01-01 00:00:00','2021-04-29 22:58:47',11,0,1,11000,6000,0,6,12),(469,'python数据分析工程师','熟练掌握python语言,了解使用python第三方类库,掌握常用数据分析能力','上海','13908646640','2020-01-01 00:00:00','2021-04-29 22:58:47',9,1,1,20000,6000,0,3,12),(470,'python直播主管','熟练掌握python语言,了解使用python第三方类库,掌握常用数据分析能力','长沙','13404283919','2020-01-01 00:00:00','2021-04-29 22:58:47',8,1,1,21000,9000,0,5,12),(471,'C++/Python GUI 软件工程师 (职位编号：2)','熟练掌握python语言,了解使用python第三方类库,掌握常用数据分析能力','苏州','13208434428','2020-01-01 00:00:00','2021-04-29 22:58:47',15,0,1,11000,6000,0,4,12),(472,'Python高级开发工程师','熟练掌握python语言,了解使用python第三方类库,掌握常用数据分析能力','广州','15606552118','2020-01-01 00:00:00','2021-04-29 22:58:47',10,1,1,20000,5000,0,3,12),(473,'Python开发工程师','熟练掌握python语言,了解使用python第三方类库,掌握常用数据分析能力','广州','15904386188','2020-01-01 00:00:00','2021-04-29 22:58:47',15,1,1,23000,9000,0,1,12),(474,'Scratch/Python课程设计','熟练掌握python语言,了解使用python第三方类库,掌握常用数据分析能力','上海','13605833374','2020-01-01 00:00:00','2021-04-29 22:58:47',1,1,1,23000,9000,0,4,12),(475,'python爬虫工程师','熟练掌握python语言,了解使用python第三方类库,掌握常用数据分析能力','武汉','15000764299','2020-01-01 00:00:00','2021-04-29 22:58:47',11,0,1,30000,6000,0,2,12),(476,'python高级软件开发工程师','熟练掌握python语言,了解使用python第三方类库,掌握常用数据分析能力','上海','13901574727','2020-01-01 00:00:00','2021-04-29 22:58:47',10,1,1,16000,5000,0,3,12),(477,'Python中级开发工程师','熟练掌握python语言,了解使用python第三方类库,掌握常用数据分析能力','深圳','13303863811','2020-01-01 00:00:00','2021-04-29 22:58:47',14,0,1,15000,5000,0,5,12),(478,'Python开发工程师','熟练掌握python语言,了解使用python第三方类库,掌握常用数据分析能力','苏州','13708677449','2020-01-01 00:00:00','2021-04-29 22:58:47',6,1,1,30000,6000,0,4,12),(479,'Python开发工程师','熟练掌握python语言,了解使用python第三方类库,掌握常用数据分析能力','深圳','13900976444','2020-01-01 00:00:00','2021-04-29 22:58:48',13,1,1,11000,9000,0,5,12),(480,'Python数据分析讲师','熟练掌握python语言,了解使用python第三方类库,掌握常用数据分析能力','成都','15006131488','2020-01-01 00:00:00','2021-04-29 22:58:48',2,1,1,20000,9000,0,1,12),(481,'Python开发工程师','熟练掌握python语言,了解使用python第三方类库,掌握常用数据分析能力','深圳','15206324387','2020-01-01 00:00:00','2021-04-29 22:58:48',10,1,1,20000,7000,0,4,12),(482,'Python开发工程师','熟练掌握python语言,了解使用python第三方类库,掌握常用数据分析能力','上海','15701725110','2020-01-01 00:00:00','2021-04-29 22:58:48',4,1,1,30000,5000,0,2,12),(483,'Python开发工程师','熟练掌握python语言,了解使用python第三方类库,掌握常用数据分析能力','上海','13301972438','2020-01-01 00:00:00','2021-04-29 22:58:48',11,1,1,30000,5000,0,3,12),(484,'Python高级开发工程师','熟练掌握python语言,了解使用python第三方类库,掌握常用数据分析能力','深圳','15306506482','2020-01-01 00:00:00','2021-04-29 22:58:48',11,1,1,23000,9000,0,4,12),(485,'研发工程师（PHP&python）','熟练掌握python语言,了解使用python第三方类库,掌握常用数据分析能力','广州','13103567363','2020-01-01 00:00:00','2021-04-29 22:58:48',3,1,1,11000,8000,0,5,12),(486,'高级Python金融开发工程师','熟练掌握python语言,了解使用python第三方类库,掌握常用数据分析能力','深圳','15307782031','2020-01-01 00:00:00','2021-04-29 22:58:48',8,0,1,16000,5000,0,3,12),(487,'Python开发工程师','熟练掌握python语言,了解使用python第三方类库,掌握常用数据分析能力','广州','13703267562','2020-01-01 00:00:00','2021-04-29 22:58:48',6,1,1,16000,5000,0,6,12),(488,'Python高级开发工程师','熟练掌握python语言,了解使用python第三方类库,掌握常用数据分析能力','上海','13005051088','2020-01-01 00:00:00','2021-04-29 22:58:48',14,1,1,23000,9000,0,5,12),(489,'python开发工程师','熟练掌握python语言,了解使用python第三方类库,掌握常用数据分析能力','上海','13606574759','2020-01-01 00:00:00','2021-04-29 22:58:48',15,1,1,16000,8000,0,3,12),(490,'Python课程设计/教研老师','熟练掌握python语言,了解使用python第三方类库,掌握常用数据分析能力','福州','15006805098','2020-01-01 00:00:00','2021-04-29 22:58:49',14,1,1,11000,9000,0,1,12),(491,'Python开发工程师','熟练掌握python语言,了解使用python第三方类库,掌握常用数据分析能力','西安','13208577070','2020-01-01 00:00:00','2021-04-29 22:58:49',1,0,1,11000,8000,0,3,12),(492,'Python后端开发工程师','熟练掌握python语言,了解使用python第三方类库,掌握常用数据分析能力','广州','13003798358','2020-01-01 00:00:00','2021-04-29 22:58:49',13,1,1,20000,8000,0,3,12),(493,'Python后端开发工程师','熟练掌握python语言,了解使用python第三方类库,掌握常用数据分析能力','成都','15206384220','2020-01-01 00:00:00','2021-04-29 22:58:49',2,0,1,16000,5000,0,5,12),(494,'Python开发工程师（华贸能联）','熟练掌握python语言,了解使用python第三方类库,掌握常用数据分析能力','成都','13907555805','2020-01-01 00:00:00','2021-04-29 22:58:49',3,0,1,30000,9000,0,2,12),(495,'python后端开发工程师','熟练掌握python语言,了解使用python第三方类库,掌握常用数据分析能力','南京','15804412582','2020-01-01 00:00:00','2021-04-29 22:58:49',7,1,1,23000,7000,0,3,12),(496,'Python工程师(J12197)','熟练掌握python语言,了解使用python第三方类库,掌握常用数据分析能力','天津','15005504775','2020-01-01 00:00:00','2021-04-29 22:58:49',0,1,1,21000,5000,0,3,12),(497,'Python开发工程师','熟练掌握python语言,了解使用python第三方类库,掌握常用数据分析能力','太仓','13606968894','2020-01-01 00:00:00','2021-04-29 22:58:49',7,1,1,11000,5000,0,1,12),(498,'Python自动化测试','熟练掌握python语言,了解使用python第三方类库,掌握常用数据分析能力','西安','13405843501','2020-01-01 00:00:00','2021-04-29 22:58:49',12,1,1,23000,9000,0,1,12),(499,'Python开发工程师(SS)','熟练掌握python语言,了解使用python第三方类库,掌握常用数据分析能力','杭州','13903858463','2020-01-01 00:00:00','2021-04-29 22:58:49',5,1,1,16000,6000,0,4,12),(500,'Python开发工程师','熟练掌握python语言,了解使用python第三方类库,掌握常用数据分析能力','上海','15601251524','2020-01-01 00:00:00','2021-04-29 22:58:49',3,1,1,30000,8000,0,5,12),(501,'Python开发工程师','熟练掌握python语言,了解使用python第三方类库,掌握常用数据分析能力','郑州','15101094155','2020-01-01 00:00:00','2021-04-29 22:58:50',8,0,1,16000,6000,0,6,12),(502,'Python开发工程师','熟练掌握python语言,了解使用python第三方类库,掌握常用数据分析能力','广州','15102500231','2020-01-01 00:00:00','2021-04-29 22:58:50',10,1,1,21000,8000,0,6,12),(503,'Python全栈工程师','熟练掌握python语言,了解使用python第三方类库,掌握常用数据分析能力','上海','15200202743','2020-01-01 00:00:00','2021-04-29 22:58:50',12,0,1,16000,8000,0,2,12),(504,'Python开发工程师','熟练掌握python语言,了解使用python第三方类库,掌握常用数据分析能力','北京','15302088645','2020-01-01 00:00:00','2021-04-29 22:58:50',7,1,1,20000,8000,0,2,12),(505,'软件工程师（Python、C/C++）','熟练掌握python语言,了解使用python第三方类库,掌握常用数据分析能力','苏州','15900531249','2020-01-01 00:00:00','2021-04-29 22:58:50',1,0,1,15000,6000,0,2,12),(506,'Python高级开发工程师','熟练掌握python语言,了解使用python第三方类库,掌握常用数据分析能力','上海','13005528133','2020-01-01 00:00:00','2021-04-29 22:58:50',1,0,1,30000,7000,0,2,12),(507,'Python高级开发工程师','熟练掌握python语言,了解使用python第三方类库,掌握常用数据分析能力','上海','15503580916','2020-01-01 00:00:00','2021-04-29 22:58:50',1,1,1,15000,9000,0,4,12),(508,'Python开发实习生（创新中心）(J11913)','熟练掌握python语言,了解使用python第三方类库,掌握常用数据分析能力','西安','13003894903','2020-01-01 00:00:00','2021-04-29 22:58:50',12,1,1,23000,9000,0,1,12),(509,'Python开发工程师','熟练掌握python语言,了解使用python第三方类库,掌握常用数据分析能力','上海','15100355889','2020-01-01 00:00:00','2021-04-29 22:58:50',5,0,1,15000,8000,0,3,12),(510,'Python研发工程师','熟练掌握python语言,了解使用python第三方类库,掌握常用数据分析能力','珠海','15803071120','2020-01-01 00:00:00','2021-04-29 22:58:50',11,1,1,30000,9000,0,5,12),(511,'高级软件工程师(Python)','熟练掌握python语言,了解使用python第三方类库,掌握常用数据分析能力','深圳','15005232382','2020-01-01 00:00:00','2021-04-29 22:58:50',6,1,1,16000,7000,0,1,12),(512,'VBA/Python项目开发工程师','熟练掌握python语言,了解使用python第三方类库,掌握常用数据分析能力','北京','15105278934','2020-01-01 00:00:00','2021-04-29 22:58:51',6,1,1,20000,5000,0,3,12),(513,'Python开发工程师','熟练掌握python语言,了解使用python第三方类库,掌握常用数据分析能力','杭州','15906367376','2020-01-01 00:00:00','2021-04-29 22:58:51',1,1,1,15000,9000,0,3,12),(514,'Python WEB开发主管','熟练掌握python语言,了解使用python第三方类库,掌握常用数据分析能力','杭州','15200766526','2020-01-01 00:00:00','2021-04-29 22:58:51',11,1,1,16000,8000,0,2,12),(515,'web/PHP/Java/Python工程师','熟练掌握python语言,了解使用python第三方类库,掌握常用数据分析能力','苏州','13206985167','2020-01-01 00:00:00','2021-04-29 22:58:51',1,1,1,16000,6000,0,2,12),(516,'python开发工程师','熟练掌握python语言,了解使用python第三方类库,掌握常用数据分析能力','合肥','15203001411','2020-01-01 00:00:00','2021-04-29 22:58:51',12,0,1,30000,5000,0,4,12),(517,'Python机器学习工程师','熟练掌握python语言,了解使用python第三方类库,掌握常用数据分析能力','广州','15705621861','2020-01-01 00:00:00','2021-04-29 22:58:51',2,1,1,30000,9000,0,6,12),(518,'python开发工程师-A0122','熟练掌握python语言,了解使用python第三方类库,掌握常用数据分析能力','上海','15203004537','2020-01-01 00:00:00','2021-04-29 22:58:51',3,1,1,16000,6000,0,1,12),(519,'呼叫中心客服-数据挖掘渠道 ID-40282','熟悉Hadoop、Hive、Spark、流式计算、实时计算等大数据相关技术者优先，熟悉时序挖掘、文本挖掘、网络挖掘等优先','广州','15605022481','2020-01-01 00:00:00','2021-04-29 22:58:51',1,1,1,23000,8000,0,2,13),(520,'高级数据挖掘工程师','熟悉Hadoop、Hive、Spark、流式计算、实时计算等大数据相关技术者优先，熟悉时序挖掘、文本挖掘、网络挖掘等优先','北京','13204943088','2020-01-01 00:00:00','2021-04-29 22:58:51',12,0,1,16000,8000,0,3,13),(521,'数据分析师（数据挖掘工程师）(研发中心)','熟悉Hadoop、Hive、Spark、流式计算、实时计算等大数据相关技术者优先，熟悉时序挖掘、文本挖掘、网络挖掘等优先','成都','13200068837','2020-01-01 00:00:00','2021-04-29 22:58:51',14,0,1,21000,9000,0,2,13),(522,'数据挖掘工程师','熟悉Hadoop、Hive、Spark、流式计算、实时计算等大数据相关技术者优先，熟悉时序挖掘、文本挖掘、网络挖掘等优先','上海','13005393976','2020-01-01 00:00:00','2021-04-29 22:58:51',2,0,1,15000,8000,0,5,13),(523,'数据挖掘工程师','熟悉Hadoop、Hive、Spark、流式计算、实时计算等大数据相关技术者优先，熟悉时序挖掘、文本挖掘、网络挖掘等优先','天津','13103332068','2020-01-01 00:00:00','2021-04-29 22:58:52',10,1,1,23000,9000,0,2,13),(524,'SAS数据挖掘顾问 (职位编号：00409)','熟悉Hadoop、Hive、Spark、流式计算、实时计算等大数据相关技术者优先，熟悉时序挖掘、文本挖掘、网络挖掘等优先','广州','13202883865','2020-01-01 00:00:00','2021-04-29 22:58:52',7,0,1,30000,9000,0,4,13),(525,'数据挖掘工程师','熟悉Hadoop、Hive、Spark、流式计算、实时计算等大数据相关技术者优先，熟悉时序挖掘、文本挖掘、网络挖掘等优先','武汉','13600913475','2020-01-01 00:00:00','2021-04-29 22:58:52',12,0,1,15000,7000,0,1,13),(526,'数据挖掘工程师-NLP','熟悉Hadoop、Hive、Spark、流式计算、实时计算等大数据相关技术者优先，熟悉时序挖掘、文本挖掘、网络挖掘等优先','深圳','15102257786','2020-01-01 00:00:00','2021-04-29 22:58:52',12,0,1,20000,5000,0,4,13),(527,'数据挖掘','熟悉Hadoop、Hive、Spark、流式计算、实时计算等大数据相关技术者优先，熟悉时序挖掘、文本挖掘、网络挖掘等优先','深圳','15508070080','2020-01-01 00:00:00','2021-04-29 22:58:52',2,1,1,15000,7000,0,3,13),(528,'高级数据挖掘工程师','熟悉Hadoop、Hive、Spark、流式计算、实时计算等大数据相关技术者优先，熟悉时序挖掘、文本挖掘、网络挖掘等优先','武汉','13807142221','2020-01-01 00:00:00','2021-04-29 22:58:52',6,1,1,11000,8000,0,3,13),(529,'数据挖掘实习生','熟悉Hadoop、Hive、Spark、流式计算、实时计算等大数据相关技术者优先，熟悉时序挖掘、文本挖掘、网络挖掘等优先','深圳','15906345986','2020-01-01 00:00:00','2021-04-29 22:58:52',15,1,1,23000,5000,0,3,13),(530,'数据挖掘实习生（毕业可转正）2020届','熟悉Hadoop、Hive、Spark、流式计算、实时计算等大数据相关技术者优先，熟悉时序挖掘、文本挖掘、网络挖掘等优先','郑州','15805130160','2020-01-01 00:00:00','2021-04-29 22:58:52',6,1,1,21000,7000,0,6,13),(531,'数据挖掘工程师(J10027)','熟悉Hadoop、Hive、Spark、流式计算、实时计算等大数据相关技术者优先，熟悉时序挖掘、文本挖掘、网络挖掘等优先','珠海','13907275044','2020-01-01 00:00:00','2021-04-29 22:58:52',12,0,1,11000,9000,0,2,13),(532,'数据挖掘工程师','熟悉Hadoop、Hive、Spark、流式计算、实时计算等大数据相关技术者优先，熟悉时序挖掘、文本挖掘、网络挖掘等优先','南京','15005534877','2020-01-01 00:00:00','2021-04-29 22:58:52',0,0,1,30000,9000,0,5,13),(533,'数据挖掘工程师','熟悉Hadoop、Hive、Spark、流式计算、实时计算等大数据相关技术者优先，熟悉时序挖掘、文本挖掘、网络挖掘等优先','深圳','15302064926','2020-01-01 00:00:00','2021-04-29 22:58:52',5,0,1,23000,8000,0,2,13),(534,'资深数据挖掘（AI）','熟悉Hadoop、Hive、Spark、流式计算、实时计算等大数据相关技术者优先，熟悉时序挖掘、文本挖掘、网络挖掘等优先','上海','13805485367','2020-01-01 00:00:00','2021-04-29 22:58:53',5,1,1,11000,6000,0,1,13),(535,'数据挖掘工程师','熟悉Hadoop、Hive、Spark、流式计算、实时计算等大数据相关技术者优先，熟悉时序挖掘、文本挖掘、网络挖掘等优先','广州','13602427266','2020-01-01 00:00:00','2021-04-29 22:58:53',7,1,1,20000,5000,0,5,13),(536,'高级数据挖掘工程师 (职位编号：zhaolian000830)','熟悉Hadoop、Hive、Spark、流式计算、实时计算等大数据相关技术者优先，熟悉时序挖掘、文本挖掘、网络挖掘等优先','深圳','13902030332','2020-01-01 00:00:00','2021-04-29 22:58:53',10,1,1,20000,7000,0,3,13),(537,'数据挖掘经理（金融科技）','熟悉Hadoop、Hive、Spark、流式计算、实时计算等大数据相关技术者优先，熟悉时序挖掘、文本挖掘、网络挖掘等优先','上海','15907291130','2020-01-01 00:00:00','2021-04-29 22:58:53',11,1,1,23000,6000,0,3,13),(538,'数据挖掘师—北京分公司','熟悉Hadoop、Hive、Spark、流式计算、实时计算等大数据相关技术者优先，熟悉时序挖掘、文本挖掘、网络挖掘等优先','北京','15501554431','2020-01-01 00:00:00','2021-04-29 22:58:53',8,1,1,16000,7000,0,1,13),(539,'数据挖掘专家','熟悉Hadoop、Hive、Spark、流式计算、实时计算等大数据相关技术者优先，熟悉时序挖掘、文本挖掘、网络挖掘等优先','广州','13107677414','2020-01-01 00:00:00','2021-04-29 22:58:53',2,0,1,20000,9000,0,2,13),(540,'数据挖掘工程师','熟悉Hadoop、Hive、Spark、流式计算、实时计算等大数据相关技术者优先，熟悉时序挖掘、文本挖掘、网络挖掘等优先','上海','13906281814','2020-01-01 00:00:00','2021-04-29 22:58:53',4,0,1,30000,8000,0,5,13),(541,'29912-高级数据挖掘工程师 (职位编号：57705)','熟悉Hadoop、Hive、Spark、流式计算、实时计算等大数据相关技术者优先，熟悉时序挖掘、文本挖掘、网络挖掘等优先','深圳','15001653891','2020-01-01 00:00:00','2021-04-29 22:58:53',1,1,1,16000,5000,0,3,13),(542,'数据挖掘工程师','熟悉Hadoop、Hive、Spark、流式计算、实时计算等大数据相关技术者优先，熟悉时序挖掘、文本挖掘、网络挖掘等优先','西安','13304985404','2020-01-01 00:00:00','2021-04-29 22:58:53',0,1,1,11000,7000,0,6,13),(543,'数据挖掘专家','熟悉Hadoop、Hive、Spark、流式计算、实时计算等大数据相关技术者优先，熟悉时序挖掘、文本挖掘、网络挖掘等优先','深圳','15803258743','2020-01-01 00:00:00','2021-04-29 22:58:53',4,0,1,15000,5000,0,2,13),(544,'电商数据挖掘工程师','熟悉Hadoop、Hive、Spark、流式计算、实时计算等大数据相关技术者优先，熟悉时序挖掘、文本挖掘、网络挖掘等优先','上海','15105150413','2020-01-01 00:00:00','2021-04-29 22:58:54',4,1,1,20000,7000,0,6,13),(545,'数据挖掘工程师','熟悉Hadoop、Hive、Spark、流式计算、实时计算等大数据相关技术者优先，熟悉时序挖掘、文本挖掘、网络挖掘等优先','上海','13203882161','2020-01-01 00:00:00','2021-04-29 22:58:54',7,1,1,11000,6000,0,4,13),(546,'算法工程师/用户数据挖掘工程师','熟悉Hadoop、Hive、Spark、流式计算、实时计算等大数据相关技术者优先，熟悉时序挖掘、文本挖掘、网络挖掘等优先','广州','13205037888','2020-01-01 00:00:00','2021-04-29 22:58:54',15,0,1,16000,9000,0,1,13),(547,'数据挖掘工程师','熟悉Hadoop、Hive、Spark、流式计算、实时计算等大数据相关技术者优先，熟悉时序挖掘、文本挖掘、网络挖掘等优先','南京','13607444801','2020-01-01 00:00:00','2021-04-29 22:58:54',6,1,1,30000,7000,0,5,13),(548,'数据分析师、数据挖掘工程师(000643)（绵阳） (职位编号：000643)','熟悉Hadoop、Hive、Spark、流式计算、实时计算等大数据相关技术者优先，熟悉时序挖掘、文本挖掘、网络挖掘等优先','绵阳','13600635834','2020-01-01 00:00:00','2021-04-29 22:58:54',7,1,1,23000,8000,0,2,13),(549,'数据挖掘工程师(000396)（重庆） (职位编号：000396)','熟悉Hadoop、Hive、Spark、流式计算、实时计算等大数据相关技术者优先，熟悉时序挖掘、文本挖掘、网络挖掘等优先','重庆','13404956306','2020-01-01 00:00:00','2021-04-29 22:58:54',0,1,1,16000,7000,0,6,13),(550,'数据挖掘与分析师','熟悉Hadoop、Hive、Spark、流式计算、实时计算等大数据相关技术者优先，熟悉时序挖掘、文本挖掘、网络挖掘等优先','成都','13601362856','2020-01-01 00:00:00','2021-04-29 22:58:54',3,1,1,23000,7000,0,1,13),(551,'高级数据挖掘工程师','熟悉Hadoop、Hive、Spark、流式计算、实时计算等大数据相关技术者优先，熟悉时序挖掘、文本挖掘、网络挖掘等优先','北京','13705063571','2020-01-01 00:00:00','2021-04-29 22:58:54',12,0,1,23000,6000,0,3,13),(552,'数据挖掘工程师','熟悉Hadoop、Hive、Spark、流式计算、实时计算等大数据相关技术者优先，熟悉时序挖掘、文本挖掘、网络挖掘等优先','福州','15003116420','2020-01-01 00:00:00','2021-04-29 22:58:54',9,0,1,30000,7000,0,3,13),(553,'大数据挖掘建模工程师','熟悉Hadoop、Hive、Spark、流式计算、实时计算等大数据相关技术者优先，熟悉时序挖掘、文本挖掘、网络挖掘等优先','乌鲁木齐','13808571172','2020-01-01 00:00:00','2021-04-29 22:58:54',8,0,1,30000,8000,0,3,13),(554,'数据挖掘工程师(006508) (职位编号：vivo006508)','熟悉Hadoop、Hive、Spark、流式计算、实时计算等大数据相关技术者优先，熟悉时序挖掘、文本挖掘、网络挖掘等优先','杭州','15903283219','2020-01-01 00:00:00','2021-04-29 22:58:54',10,0,1,20000,7000,0,2,13),(555,'数据挖掘实习生','熟悉Hadoop、Hive、Spark、流式计算、实时计算等大数据相关技术者优先，熟悉时序挖掘、文本挖掘、网络挖掘等优先','广州','15903431604','2020-01-01 00:00:00','2021-04-29 22:58:55',14,1,1,16000,7000,0,3,13),(556,'数据挖掘工程师','熟悉Hadoop、Hive、Spark、流式计算、实时计算等大数据相关技术者优先，熟悉时序挖掘、文本挖掘、网络挖掘等优先','成都','13802177702','2020-01-01 00:00:00','2021-04-29 22:58:55',12,1,1,30000,7000,0,4,13),(557,'数据挖掘工程师','熟悉Hadoop、Hive、Spark、流式计算、实时计算等大数据相关技术者优先，熟悉时序挖掘、文本挖掘、网络挖掘等优先','武汉','13305936113','2020-01-01 00:00:00','2021-04-29 22:58:55',2,1,1,16000,9000,0,6,13),(558,'数据挖掘顾问（Customer Service）','熟悉Hadoop、Hive、Spark、流式计算、实时计算等大数据相关技术者优先，熟悉时序挖掘、文本挖掘、网络挖掘等优先','上海','13508720494','2020-01-01 00:00:00','2021-04-29 22:58:55',3,1,1,23000,5000,0,2,13),(559,'数据挖掘工程师','熟悉Hadoop、Hive、Spark、流式计算、实时计算等大数据相关技术者优先，熟悉时序挖掘、文本挖掘、网络挖掘等优先','西安','15207013680','2020-01-01 00:00:00','2021-04-29 22:58:55',8,1,1,20000,6000,0,1,13),(560,'大数据挖掘工程师','熟悉Hadoop、Hive、Spark、流式计算、实时计算等大数据相关技术者优先，熟悉时序挖掘、文本挖掘、网络挖掘等优先','南京','13108198422','2020-01-01 00:00:00','2021-04-29 22:58:55',5,0,1,21000,7000,0,4,13),(561,'数据挖掘工程师','熟悉Hadoop、Hive、Spark、流式计算、实时计算等大数据相关技术者优先，熟悉时序挖掘、文本挖掘、网络挖掘等优先','中山','15704700832','2020-01-01 00:00:00','2021-04-29 22:58:55',9,1,1,23000,6000,0,6,13),(562,'数据挖掘工程师','熟悉Hadoop、Hive、Spark、流式计算、实时计算等大数据相关技术者优先，熟悉时序挖掘、文本挖掘、网络挖掘等优先','上海','13503076819','2020-01-01 00:00:00','2021-04-29 22:58:55',0,1,1,11000,8000,0,6,13),(563,'数据挖掘工程师','熟悉Hadoop、Hive、Spark、流式计算、实时计算等大数据相关技术者优先，熟悉时序挖掘、文本挖掘、网络挖掘等优先','沈阳','13604031559','2020-01-01 00:00:00','2021-04-29 22:58:55',12,1,1,21000,7000,0,5,13),(564,'算法工程师/数据挖掘','熟悉Hadoop、Hive、Spark、流式计算、实时计算等大数据相关技术者优先，熟悉时序挖掘、文本挖掘、网络挖掘等优先','广州','13600510475','2020-01-01 00:00:00','2021-04-29 22:58:55',10,1,1,15000,5000,0,3,13),(565,'数据挖掘实习','熟悉Hadoop、Hive、Spark、流式计算、实时计算等大数据相关技术者优先，熟悉时序挖掘、文本挖掘、网络挖掘等优先','上海','15101013677','2020-01-01 00:00:00','2021-04-29 22:58:55',3,1,1,20000,5000,0,5,13),(566,'医药数据挖掘与分析师','熟悉Hadoop、Hive、Spark、流式计算、实时计算等大数据相关技术者优先，熟悉时序挖掘、文本挖掘、网络挖掘等优先','成都','15308684862','2020-01-01 00:00:00','2021-04-29 22:58:56',4,1,1,15000,9000,0,5,13),(567,'大数据挖掘高级工程师','熟悉Hadoop、Hive、Spark、流式计算、实时计算等大数据相关技术者优先，熟悉时序挖掘、文本挖掘、网络挖掘等优先','珠海','15705067366','2020-01-01 00:00:00','2021-04-29 22:58:56',2,1,1,20000,5000,0,4,13),(568,'数据挖掘分析（出差东莞）','熟悉Hadoop、Hive、Spark、流式计算、实时计算等大数据相关技术者优先，熟悉时序挖掘、文本挖掘、网络挖掘等优先','东莞','15808496431','2020-01-01 00:00:00','2021-04-29 22:58:56',1,1,1,16000,7000,0,4,13),(569,'数据挖掘工程师','熟悉Hadoop、Hive、Spark、流式计算、实时计算等大数据相关技术者优先，熟悉时序挖掘、文本挖掘、网络挖掘等优先','广州','15805746654','2020-01-01 00:00:00','2021-04-29 22:58:56',4,1,1,21000,5000,0,4,13),(570,'BI数据挖掘工程师','熟悉Hadoop、Hive、Spark、流式计算、实时计算等大数据相关技术者优先，熟悉时序挖掘、文本挖掘、网络挖掘等优先','上海','15303241285','2020-01-01 00:00:00','2021-04-29 22:58:56',3,0,1,11000,5000,0,5,13),(571,'数据挖掘工程师','熟悉Hadoop、Hive、Spark、流式计算、实时计算等大数据相关技术者优先，熟悉时序挖掘、文本挖掘、网络挖掘等优先','广州','15604670561','2020-01-01 00:00:00','2021-04-29 22:58:56',4,1,1,11000,8000,0,4,13),(572,'数据挖掘工程师','熟悉Hadoop、Hive、Spark、流式计算、实时计算等大数据相关技术者优先，熟悉时序挖掘、文本挖掘、网络挖掘等优先','杭州','15601444469','2020-01-01 00:00:00','2021-04-29 22:58:56',12,0,1,21000,6000,0,5,13),(573,'数据挖掘和分析工程师','熟悉Hadoop、Hive、Spark、流式计算、实时计算等大数据相关技术者优先，熟悉时序挖掘、文本挖掘、网络挖掘等优先','深圳','15204998291','2020-01-01 00:00:00','2021-04-29 22:58:56',2,1,1,20000,9000,0,3,13),(574,'高级数据挖掘工程师 (职位编号：J192718)','熟悉Hadoop、Hive、Spark、流式计算、实时计算等大数据相关技术者优先，熟悉时序挖掘、文本挖掘、网络挖掘等优先','杭州','13604396303','2020-01-01 00:00:00','2021-04-29 22:58:56',3,1,1,15000,5000,0,3,13),(575,'数据挖掘工程师','熟悉Hadoop、Hive、Spark、流式计算、实时计算等大数据相关技术者优先，熟悉时序挖掘、文本挖掘、网络挖掘等优先','广州','15004042350','2020-01-01 00:00:00','2021-04-29 22:58:56',7,1,1,30000,8000,0,4,13),(576,'数据挖掘（开发工程师）','熟悉Hadoop、Hive、Spark、流式计算、实时计算等大数据相关技术者优先，熟悉时序挖掘、文本挖掘、网络挖掘等优先','上海','15200300097','2020-01-01 00:00:00','2021-04-29 22:58:56',8,1,1,16000,7000,0,2,13),(577,'数据挖掘工程师','熟悉Hadoop、Hive、Spark、流式计算、实时计算等大数据相关技术者优先，熟悉时序挖掘、文本挖掘、网络挖掘等优先','上海','15101343327','2020-01-01 00:00:00','2021-04-29 22:58:57',0,1,1,11000,9000,0,6,13),(578,'数据挖掘工程师','熟悉Hadoop、Hive、Spark、流式计算、实时计算等大数据相关技术者优先，熟悉时序挖掘、文本挖掘、网络挖掘等优先','深圳','15705347588','2020-01-01 00:00:00','2021-04-29 22:58:57',2,0,1,20000,6000,0,3,13),(579,'数据挖掘分析师','熟悉Hadoop、Hive、Spark、流式计算、实时计算等大数据相关技术者优先，熟悉时序挖掘、文本挖掘、网络挖掘等优先','深圳','15300979070','2020-01-01 00:00:00','2021-04-29 22:58:57',10,1,1,16000,5000,0,1,13),(580,'数据挖掘工程师','熟悉Hadoop、Hive、Spark、流式计算、实时计算等大数据相关技术者优先，熟悉时序挖掘、文本挖掘、网络挖掘等优先','深圳','15107053489','2020-01-01 00:00:00','2021-04-29 22:58:57',11,0,1,16000,5000,0,4,13),(581,'数据挖掘工程师','熟悉Hadoop、Hive、Spark、流式计算、实时计算等大数据相关技术者优先，熟悉时序挖掘、文本挖掘、网络挖掘等优先','北京','15807146543','2020-01-01 00:00:00','2021-04-29 22:58:57',0,1,1,15000,8000,0,6,13),(582,'数据挖掘工程师','熟悉Hadoop、Hive、Spark、流式计算、实时计算等大数据相关技术者优先，熟悉时序挖掘、文本挖掘、网络挖掘等优先','苏州','13005716774','2020-01-01 00:00:00','2021-04-29 22:58:57',6,1,1,30000,5000,0,4,13),(583,'数据挖掘工程师','熟悉Hadoop、Hive、Spark、流式计算、实时计算等大数据相关技术者优先，熟悉时序挖掘、文本挖掘、网络挖掘等优先','广州','13205317525','2020-01-01 00:00:00','2021-04-29 22:58:57',4,1,1,30000,9000,0,2,13),(584,'大数据挖掘工程师','熟悉Hadoop、Hive、Spark、流式计算、实时计算等大数据相关技术者优先，熟悉时序挖掘、文本挖掘、网络挖掘等优先','厦门','13104887990','2020-01-01 00:00:00','2021-04-29 22:58:57',5,1,1,21000,6000,0,2,13),(585,'数据挖掘工程师','熟悉Hadoop、Hive、Spark、流式计算、实时计算等大数据相关技术者优先，熟悉时序挖掘、文本挖掘、网络挖掘等优先','重庆','13303216123','2020-01-01 00:00:00','2021-04-29 22:58:57',5,1,1,16000,8000,0,5,13),(586,'数据挖掘（01）','熟悉Hadoop、Hive、Spark、流式计算、实时计算等大数据相关技术者优先，熟悉时序挖掘、文本挖掘、网络挖掘等优先','上海','15108834811','2020-01-01 00:00:00','2021-04-29 22:58:57',7,0,1,20000,8000,0,4,13),(587,'数据挖掘与分析工程师','熟悉Hadoop、Hive、Spark、流式计算、实时计算等大数据相关技术者优先，熟悉时序挖掘、文本挖掘、网络挖掘等优先','北京','13504153991','2020-01-01 00:00:00','2021-04-29 22:58:57',3,0,1,11000,6000,0,2,13),(588,'消费者数据挖掘经理','熟悉Hadoop、Hive、Spark、流式计算、实时计算等大数据相关技术者优先，熟悉时序挖掘、文本挖掘、网络挖掘等优先','广州','15507011653','2020-01-01 00:00:00','2021-04-29 22:58:58',2,1,1,11000,5000,0,4,13),(589,'数据挖掘工程师','熟悉Hadoop、Hive、Spark、流式计算、实时计算等大数据相关技术者优先，熟悉时序挖掘、文本挖掘、网络挖掘等优先','长沙','15200415762','2020-01-01 00:00:00','2021-04-29 22:58:58',10,1,1,30000,5000,0,5,13),(590,'数据挖掘工程师','熟悉Hadoop、Hive、Spark、流式计算、实时计算等大数据相关技术者优先，熟悉时序挖掘、文本挖掘、网络挖掘等优先','深圳','15907694416','2020-01-01 00:00:00','2021-04-29 22:58:58',3,0,1,30000,8000,0,5,13),(591,'数据挖掘工程师（电商数据）','熟悉Hadoop、Hive、Spark、流式计算、实时计算等大数据相关技术者优先，熟悉时序挖掘、文本挖掘、网络挖掘等优先','上海','13605527770','2020-01-01 00:00:00','2021-04-29 22:58:58',5,1,1,16000,5000,0,2,13),(592,'大数据挖掘/人工智能首席架构师','熟悉Hadoop、Hive、Spark、流式计算、实时计算等大数据相关技术者优先，熟悉时序挖掘、文本挖掘、网络挖掘等优先','上海','13007557243','2020-01-01 00:00:00','2021-04-29 22:58:58',4,1,1,23000,8000,0,3,13),(593,'高级算法/数据挖掘/机器学习专家','熟悉Hadoop、Hive、Spark、流式计算、实时计算等大数据相关技术者优先，熟悉时序挖掘、文本挖掘、网络挖掘等优先','广州','13104535388','2020-01-01 00:00:00','2021-04-29 22:58:58',4,0,1,15000,8000,0,6,13),(594,'数据挖掘工程师','熟悉Hadoop、Hive、Spark、流式计算、实时计算等大数据相关技术者优先，熟悉时序挖掘、文本挖掘、网络挖掘等优先','深圳','15208406873','2020-01-01 00:00:00','2021-04-29 22:58:58',14,0,1,21000,9000,0,1,13),(595,'机器学习/数据挖掘工程师','熟悉Hadoop、Hive、Spark、流式计算、实时计算等大数据相关技术者优先，熟悉时序挖掘、文本挖掘、网络挖掘等优先','北京','15905401122','2020-01-01 00:00:00','2021-04-29 22:58:58',0,0,1,23000,8000,0,1,13),(596,'数据挖掘工程师','熟悉Hadoop、Hive、Spark、流式计算、实时计算等大数据相关技术者优先，熟悉时序挖掘、文本挖掘、网络挖掘等优先','广州','13407600568','2020-01-01 00:00:00','2021-04-29 22:58:58',0,1,1,30000,5000,0,1,13),(597,'数据挖掘工程师','熟悉Hadoop、Hive、Spark、流式计算、实时计算等大数据相关技术者优先，熟悉时序挖掘、文本挖掘、网络挖掘等优先','广州','13604116945','2020-01-01 00:00:00','2021-04-29 22:58:58',12,1,1,30000,5000,0,4,13),(598,'数据挖掘师','熟悉Hadoop、Hive、Spark、流式计算、实时计算等大数据相关技术者优先，熟悉时序挖掘、文本挖掘、网络挖掘等优先','东莞','15306797723','2020-01-01 00:00:00','2021-04-29 22:58:58',2,1,1,15000,5000,0,3,13),(599,'中级数据挖掘工程师','熟悉Hadoop、Hive、Spark、流式计算、实时计算等大数据相关技术者优先，熟悉时序挖掘、文本挖掘、网络挖掘等优先','重庆','13006480238','2020-01-01 00:00:00','2021-04-29 22:58:59',3,1,1,11000,8000,0,6,13),(600,'数据分析工程师（数据挖掘）','熟悉Hadoop、Hive、Spark、流式计算、实时计算等大数据相关技术者优先，熟悉时序挖掘、文本挖掘、网络挖掘等优先','佛山','15605602880','2020-01-01 00:00:00','2021-04-29 22:58:59',8,1,1,23000,9000,0,5,13),(601,'数据挖掘工程师','熟悉Hadoop、Hive、Spark、流式计算、实时计算等大数据相关技术者优先，熟悉时序挖掘、文本挖掘、网络挖掘等优先','深圳','15203674293','2020-01-01 00:00:00','2021-04-29 22:58:59',13,1,1,30000,9000,0,4,13),(602,'SCADA数据挖掘工程师','熟悉Hadoop、Hive、Spark、流式计算、实时计算等大数据相关技术者优先，熟悉时序挖掘、文本挖掘、网络挖掘等优先','北京','15002495020','2020-01-01 00:00:00','2021-04-29 22:58:59',12,1,1,21000,8000,0,3,13),(603,'数据挖掘工程师','熟悉Hadoop、Hive、Spark、流式计算、实时计算等大数据相关技术者优先，熟悉时序挖掘、文本挖掘、网络挖掘等优先','成都','15304622490','2020-01-01 00:00:00','2021-04-29 22:58:59',8,0,1,16000,5000,0,4,13),(604,'数据挖掘工程师','熟悉Hadoop、Hive、Spark、流式计算、实时计算等大数据相关技术者优先，熟悉时序挖掘、文本挖掘、网络挖掘等优先','广州','15200746101','2020-01-01 00:00:00','2021-04-29 22:58:59',9,1,1,23000,8000,0,6,13),(605,'数据挖掘算法工程师','熟悉Hadoop、Hive、Spark、流式计算、实时计算等大数据相关技术者优先，熟悉时序挖掘、文本挖掘、网络挖掘等优先','嘉兴','15808817252','2020-01-01 00:00:00','2021-04-29 22:58:59',10,1,1,16000,8000,0,2,13),(606,'数据挖掘工程师','熟悉Hadoop、Hive、Spark、流式计算、实时计算等大数据相关技术者优先，熟悉时序挖掘、文本挖掘、网络挖掘等优先','杭州','13401656464','2020-01-01 00:00:00','2021-04-29 22:58:59',10,1,1,30000,8000,0,3,13),(607,'数据挖掘工程师','熟悉Hadoop、Hive、Spark、流式计算、实时计算等大数据相关技术者优先，熟悉时序挖掘、文本挖掘、网络挖掘等优先','广州','13300556527','2020-01-01 00:00:00','2021-04-29 22:58:59',7,0,1,21000,5000,0,1,13),(608,'数据挖掘工程师','熟悉Hadoop、Hive、Spark、流式计算、实时计算等大数据相关技术者优先，熟悉时序挖掘、文本挖掘、网络挖掘等优先','南京','15205068420','2020-01-01 00:00:00','2021-04-29 22:58:59',6,1,1,11000,8000,0,4,13),(609,'经营分析经理（数据挖掘方向）','熟悉Hadoop、Hive、Spark、流式计算、实时计算等大数据相关技术者优先，熟悉时序挖掘、文本挖掘、网络挖掘等优先','广州','15003494276','2020-01-01 00:00:00','2021-04-29 22:59:00',11,1,1,23000,5000,0,5,13),(610,'数据挖掘工程师','熟悉Hadoop、Hive、Spark、流式计算、实时计算等大数据相关技术者优先，熟悉时序挖掘、文本挖掘、网络挖掘等优先','马鞍山','15503953598','2020-01-01 00:00:00','2021-04-29 22:59:00',13,1,1,20000,5000,0,5,13),(611,'数据挖掘工程师','熟悉Hadoop、Hive、Spark、流式计算、实时计算等大数据相关技术者优先，熟悉时序挖掘、文本挖掘、网络挖掘等优先','杭州','13905800549','2020-01-01 00:00:00','2021-04-29 22:59:00',5,1,1,30000,6000,0,3,13),(612,'数据挖掘算法工程师','熟悉Hadoop、Hive、Spark、流式计算、实时计算等大数据相关技术者优先，熟悉时序挖掘、文本挖掘、网络挖掘等优先','杭州','15206371015','2020-01-01 00:00:00','2021-04-29 22:59:00',14,0,1,21000,9000,0,4,13),(613,'数据挖掘经理 (职位编号：purcotton001274)','熟悉Hadoop、Hive、Spark、流式计算、实时计算等大数据相关技术者优先，熟悉时序挖掘、文本挖掘、网络挖掘等优先','深圳','13403424775','2020-01-01 00:00:00','2021-04-29 22:59:00',14,1,1,16000,7000,0,2,13),(614,'数据挖掘算法工程师','熟悉Hadoop、Hive、Spark、流式计算、实时计算等大数据相关技术者优先，熟悉时序挖掘、文本挖掘、网络挖掘等优先','北京','13704838594','2020-01-01 00:00:00','2021-04-29 22:59:00',4,1,1,23000,8000,0,2,13),(615,'大数据挖掘工程师','熟悉Hadoop、Hive、Spark、流式计算、实时计算等大数据相关技术者优先，熟悉时序挖掘、文本挖掘、网络挖掘等优先','佛山','15702795218','2020-01-01 00:00:00','2021-04-29 22:59:00',8,1,1,23000,9000,0,3,13),(616,'菜鸟-数据挖掘/算法专家 (职位编号：GP033439)','熟悉Hadoop、Hive、Spark、流式计算、实时计算等大数据相关技术者优先，熟悉时序挖掘、文本挖掘、网络挖掘等优先','北京','13302041447','2020-01-01 00:00:00','2021-04-29 22:59:00',12,1,1,21000,6000,0,2,13),(617,'网络安全工程师','具备一定网络知识,了解使用网络安全工具,具备较强的编程能力','苏州','15304011849','2020-01-01 00:00:00','2021-04-29 22:59:00',8,1,1,20000,9000,0,3,14),(618,'网络安全工程师','具备一定网络知识,了解使用网络安全工具,具备较强的编程能力','郑州','15908593492','2020-01-01 00:00:00','2021-04-29 22:59:00',9,1,1,30000,8000,0,3,14),(619,'网络/网络安全工程师','具备一定网络知识,了解使用网络安全工具,具备较强的编程能力','昆明','15305842858','2020-01-01 00:00:00','2021-04-29 22:59:00',6,1,1,30000,7000,0,1,14),(620,'厂商专职网络安全技术工程师（舟山定海）','具备一定网络知识,了解使用网络安全工具,具备较强的编程能力','舟山','13701481778','2020-01-01 00:00:00','2021-04-29 22:59:01',8,0,1,20000,5000,0,1,14),(621,'网络安全工程师','具备一定网络知识,了解使用网络安全工具,具备较强的编程能力','深圳','13504465590','2020-01-01 00:00:00','2021-04-29 22:59:01',5,1,1,30000,9000,0,6,14),(622,'网络安全工程师','具备一定网络知识,了解使用网络安全工具,具备较强的编程能力','深圳','13203566634','2020-01-01 00:00:00','2021-04-29 22:59:01',0,1,1,30000,6000,0,5,14),(623,'网络安全专员','具备一定网络知识,了解使用网络安全工具,具备较强的编程能力','杭州','13205233189','2020-01-01 00:00:00','2021-04-29 22:59:01',1,1,1,23000,9000,0,5,14),(624,'项目经理（网络安全）','具备一定网络知识,了解使用网络安全工具,具备较强的编程能力','广州','13601688862','2020-01-01 00:00:00','2021-04-29 22:59:01',1,0,1,11000,7000,0,6,14),(625,'网络安全工程师','具备一定网络知识,了解使用网络安全工具,具备较强的编程能力','厦门','13806185883','2020-01-01 00:00:00','2021-04-29 22:59:01',10,1,1,11000,5000,0,3,14),(626,'驻场网络安全工程师','具备一定网络知识,了解使用网络安全工具,具备较强的编程能力','广州','15101366048','2020-01-01 00:00:00','2021-04-29 22:59:01',4,1,1,15000,8000,0,3,14),(627,'网络安全工程师（DSP）','具备一定网络知识,了解使用网络安全工具,具备较强的编程能力','武汉','13403284440','2020-01-01 00:00:00','2021-04-29 22:59:01',6,1,1,30000,6000,0,6,14),(628,'网络安全工程师','具备一定网络知识,了解使用网络安全工具,具备较强的编程能力','深圳','15502498456','2020-01-01 00:00:00','2021-04-29 22:59:01',13,1,1,23000,8000,0,4,14),(629,'网络安全工程师','具备一定网络知识,了解使用网络安全工具,具备较强的编程能力','重庆','13207645778','2020-01-01 00:00:00','2021-04-29 22:59:01',15,1,1,16000,6000,0,5,14),(630,'网络安全工程师','具备一定网络知识,了解使用网络安全工具,具备较强的编程能力','北京','13902660929','2020-01-01 00:00:00','2021-04-29 22:59:01',14,1,1,23000,5000,0,3,14),(631,'网络安全工程师','具备一定网络知识,了解使用网络安全工具,具备较强的编程能力','沈阳','15004560010','2020-01-01 00:00:00','2021-04-29 22:59:02',13,1,1,30000,8000,0,4,14),(632,'中电上海研发中心网络安全研究员','具备一定网络知识,了解使用网络安全工具,具备较强的编程能力','上海','15903913310','2020-01-01 00:00:00','2021-04-29 22:59:02',4,1,1,16000,9000,0,1,14),(633,'网络安全工程师','具备一定网络知识,了解使用网络安全工具,具备较强的编程能力','上海','13000042565','2020-01-01 00:00:00','2021-04-29 22:59:02',6,1,1,15000,7000,0,4,14),(634,'网络安全工程师','具备一定网络知识,了解使用网络安全工具,具备较强的编程能力','广州','13800441067','2020-01-01 00:00:00','2021-04-29 22:59:02',7,0,1,15000,9000,0,4,14),(635,'网络安全销售','具备一定网络知识,了解使用网络安全工具,具备较强的编程能力','北京','13900397903','2020-01-01 00:00:00','2021-04-29 22:59:02',13,1,1,20000,8000,0,2,14),(636,'网络安全工程师','具备一定网络知识,了解使用网络安全工具,具备较强的编程能力','广州','13107582373','2020-01-01 00:00:00','2021-04-29 22:59:02',3,1,1,16000,8000,0,3,14),(637,'网络安全工程师（偏售前）','具备一定网络知识,了解使用网络安全工具,具备较强的编程能力','广州','13303853018','2020-01-01 00:00:00','2021-04-29 22:59:02',9,0,1,21000,9000,0,4,14),(638,'网络安全工程师（等级保护）','具备一定网络知识,了解使用网络安全工具,具备较强的编程能力','东莞','13007466978','2020-01-01 00:00:00','2021-04-29 22:59:02',5,1,1,23000,9000,0,3,14),(639,'网络安全运维经理','具备一定网络知识,了解使用网络安全工具,具备较强的编程能力','北京','15005270107','2020-01-01 00:00:00','2021-04-29 22:59:02',4,0,1,23000,7000,0,1,14),(640,'网络安全和技术支持工程师 (职位编号：1)','具备一定网络知识,了解使用网络安全工具,具备较强的编程能力','北京','15500262079','2020-01-01 00:00:00','2021-04-29 22:59:02',11,1,1,16000,9000,0,4,14),(641,'网络安全运维工程师(集成2027)','具备一定网络知识,了解使用网络安全工具,具备较强的编程能力','北京','13208504538','2020-01-01 00:00:00','2021-04-29 22:59:02',2,1,1,30000,7000,0,1,14),(642,'网络安全管理工程师','具备一定网络知识,了解使用网络安全工具,具备较强的编程能力','上海','13505702574','2020-01-01 00:00:00','2021-04-29 22:59:03',12,1,1,20000,5000,0,1,14),(643,'外企网络安全信息安全岗','具备一定网络知识,了解使用网络安全工具,具备较强的编程能力','北京','13307490350','2020-01-01 00:00:00','2021-04-29 22:59:03',2,1,1,15000,7000,0,3,14),(644,'售前工程师-网络安全-EDR','具备一定网络知识,了解使用网络安全工具,具备较强的编程能力','北京','13703600650','2020-01-01 00:00:00','2021-04-29 22:59:03',6,1,1,15000,9000,0,2,14),(645,'网络安全工程师','具备一定网络知识,了解使用网络安全工具,具备较强的编程能力','南京','15506201367','2020-01-01 00:00:00','2021-04-29 22:59:03',11,1,1,16000,9000,0,6,14),(646,'网络安全工程师（金融科技）','具备一定网络知识,了解使用网络安全工具,具备较强的编程能力','上海','13500051342','2020-01-01 00:00:00','2021-04-29 22:59:03',6,0,1,21000,8000,0,1,14),(647,'信息安全-网络安全运维工程师-XX5001','具备一定网络知识,了解使用网络安全工具,具备较强的编程能力','北京','13907359002','2020-01-01 00:00:00','2021-04-29 22:59:03',2,0,1,23000,7000,0,3,14),(648,'网络安全研究员','具备一定网络知识,了解使用网络安全工具,具备较强的编程能力','武汉','13408404475','2020-01-01 00:00:00','2021-04-29 22:59:03',3,1,1,16000,9000,0,6,14),(649,'网络安全（2020届校招）','具备一定网络知识,了解使用网络安全工具,具备较强的编程能力','广州','13500022206','2020-01-01 00:00:00','2021-04-29 22:59:03',14,1,1,11000,9000,0,3,14),(650,'网络安全工程师','具备一定网络知识,了解使用网络安全工具,具备较强的编程能力','成都','13902754960','2020-01-01 00:00:00','2021-04-29 22:59:03',3,1,1,11000,6000,0,3,14),(651,'网络安全产品销售','具备一定网络知识,了解使用网络安全工具,具备较强的编程能力','上海','15005055353','2020-01-01 00:00:00','2021-04-29 22:59:03',3,1,1,11000,9000,0,6,14),(652,'信息/网络安全标准工程师 (职位编号：19508)','具备一定网络知识,了解使用网络安全工具,具备较强的编程能力','北京','13801653814','2020-01-01 00:00:00','2021-04-29 22:59:03',9,1,1,15000,9000,0,4,14),(653,'网络安全产品销售助理','具备一定网络知识,了解使用网络安全工具,具备较强的编程能力','成都','13508300098','2020-01-01 00:00:00','2021-04-29 22:59:04',15,1,1,21000,7000,0,6,14),(654,'网络安全工程师','具备一定网络知识,了解使用网络安全工具,具备较强的编程能力','上海','15306656323','2020-01-01 00:00:00','2021-04-29 22:59:04',6,0,1,30000,5000,0,5,14),(655,'销售经理(网络安全产品）','具备一定网络知识,了解使用网络安全工具,具备较强的编程能力','上海','13205054532','2020-01-01 00:00:00','2021-04-29 22:59:04',13,1,1,15000,5000,0,3,14),(656,'网络安全工程师','具备一定网络知识,了解使用网络安全工具,具备较强的编程能力','成都','13902394271','2020-01-01 00:00:00','2021-04-29 22:59:04',14,1,1,21000,5000,0,5,14),(657,'网络安全工程师','具备一定网络知识,了解使用网络安全工具,具备较强的编程能力','成都','15607868319','2020-01-01 00:00:00','2021-04-29 22:59:04',6,1,1,30000,5000,0,1,14),(658,'计算机网络安全管理员','具备一定网络知识,了解使用网络安全工具,具备较强的编程能力','上海','13704735104','2020-01-01 00:00:00','2021-04-29 22:59:04',9,1,1,30000,9000,0,1,14),(659,'高级网络安全解决方案工程师','具备一定网络知识,了解使用网络安全工具,具备较强的编程能力','成都','13805760709','2020-01-01 00:00:00','2021-04-29 22:59:04',11,1,1,20000,6000,0,6,14),(660,'网络安全讲师','具备一定网络知识,了解使用网络安全工具,具备较强的编程能力','福州','13203970293','2020-01-01 00:00:00','2021-04-29 22:59:04',3,1,1,11000,5000,0,2,14),(661,'主机安全测评师（网络安全）','具备一定网络知识,了解使用网络安全工具,具备较强的编程能力','武汉','15506833030','2020-01-01 00:00:00','2021-04-29 22:59:04',9,0,1,16000,6000,0,6,14),(662,'网络安全工程师','具备一定网络知识,了解使用网络安全工具,具备较强的编程能力','苏州','15507244025','2020-01-01 00:00:00','2021-04-29 22:59:04',15,1,1,16000,8000,0,1,14),(663,'高级网络安全工程师','具备一定网络知识,了解使用网络安全工具,具备较强的编程能力','北京','15605601336','2020-01-01 00:00:00','2021-04-29 22:59:04',6,1,1,30000,7000,0,2,14),(664,'网络安全技术岗','具备一定网络知识,了解使用网络安全工具,具备较强的编程能力','上海','13104924437','2020-01-01 00:00:00','2021-04-29 22:59:05',2,1,1,15000,7000,0,2,14),(665,'网络安全产品销售代表','具备一定网络知识,了解使用网络安全工具,具备较强的编程能力','南京','15902814739','2020-01-01 00:00:00','2021-04-29 22:59:05',8,1,1,21000,6000,0,1,14),(666,'网络安全高级工程师','具备一定网络知识,了解使用网络安全工具,具备较强的编程能力','深圳','13207488566','2020-01-01 00:00:00','2021-04-29 22:59:05',9,0,1,11000,9000,0,2,14),(667,'网络安全工程师','具备一定网络知识,了解使用网络安全工具,具备较强的编程能力','上海','15603312267','2020-01-01 00:00:00','2021-04-29 22:59:05',6,0,1,16000,8000,0,5,14),(668,'网络安全工程师','具备一定网络知识,了解使用网络安全工具,具备较强的编程能力','淄博','15508520472','2020-01-01 00:00:00','2021-04-29 22:59:05',10,1,1,23000,9000,0,2,14),(669,'网络安全工程师（***也可）','具备一定网络知识,了解使用网络安全工具,具备较强的编程能力','广州','13308662822','2020-01-01 00:00:00','2021-04-29 22:59:05',7,0,1,30000,5000,0,3,14),(670,'网络安全工程师（可接受实习生）','具备一定网络知识,了解使用网络安全工具,具备较强的编程能力','长沙','15307317380','2020-01-01 00:00:00','2021-04-29 22:59:05',11,1,1,15000,8000,0,4,14),(671,'网络安全系统工程师','具备一定网络知识,了解使用网络安全工具,具备较强的编程能力','北京','15705768422','2020-01-01 00:00:00','2021-04-29 22:59:05',10,1,1,21000,8000,0,1,14),(672,'网络安全分析专家（态势感知产品/SOC产品）','具备一定网络知识,了解使用网络安全工具,具备较强的编程能力','杭州','13004256836','2020-01-01 00:00:00','2021-04-29 22:59:05',9,1,1,11000,8000,0,5,14),(673,'网络安全的实施、售后服务工程师 (职位编号：001)','具备一定网络知识,了解使用网络安全工具,具备较强的编程能力','广州','15007950663','2020-01-01 00:00:00','2021-04-29 22:59:05',9,1,1,21000,5000,0,4,14),(674,'网络安全产品销售','具备一定网络知识,了解使用网络安全工具,具备较强的编程能力','南京','13200241654','2020-01-01 00:00:00','2021-04-29 22:59:05',14,1,1,20000,6000,0,2,14),(675,'网络安全工程师','具备一定网络知识,了解使用网络安全工具,具备较强的编程能力','江门','15503354430','2020-01-01 00:00:00','2021-04-29 22:59:06',13,1,1,21000,6000,0,4,14),(676,'网络安全工程师','具备一定网络知识,了解使用网络安全工具,具备较强的编程能力','广州','13906900234','2020-01-01 00:00:00','2021-04-29 22:59:06',13,1,1,23000,8000,0,6,14),(677,'网络安全工程师','具备一定网络知识,了解使用网络安全工具,具备较强的编程能力','深圳','15604653943','2020-01-01 00:00:00','2021-04-29 22:59:06',3,1,1,11000,9000,0,4,14),(678,'网络安全工程师','具备一定网络知识,了解使用网络安全工具,具备较强的编程能力','南京','13505296060','2020-01-01 00:00:00','2021-04-29 22:59:06',5,1,1,15000,8000,0,5,14),(679,'网络安全产品（运营总监）','具备一定网络知识,了解使用网络安全工具,具备较强的编程能力','西安','13706187211','2020-01-01 00:00:00','2021-04-29 22:59:06',12,1,1,16000,6000,0,3,14),(680,'网络安全工程师','具备一定网络知识,了解使用网络安全工具,具备较强的编程能力','苏州','15306484198','2020-01-01 00:00:00','2021-04-29 22:59:06',1,0,1,16000,8000,0,4,14),(681,'网络安全运维（驻黄埔）','具备一定网络知识,了解使用网络安全工具,具备较强的编程能力','广州','15902542145','2020-01-01 00:00:00','2021-04-29 22:59:06',8,0,1,15000,7000,0,5,14),(682,'网络安全管理员','具备一定网络知识,了解使用网络安全工具,具备较强的编程能力','长沙','13405227671','2020-01-01 00:00:00','2021-04-29 22:59:06',4,1,1,11000,6000,0,1,14),(683,'网络安全产品销售经理','具备一定网络知识,了解使用网络安全工具,具备较强的编程能力','广州','15203404839','2020-01-01 00:00:00','2021-04-29 22:59:06',15,1,1,11000,8000,0,1,14),(684,'网络安全架构师','具备一定网络知识,了解使用网络安全工具,具备较强的编程能力','武汉','13002291373','2020-01-01 00:00:00','2021-04-29 22:59:06',0,0,1,11000,8000,0,3,14),(685,'销售顾问（网络安全线产品）','具备一定网络知识,了解使用网络安全工具,具备较强的编程能力','成都','15107782423','2020-01-01 00:00:00','2021-04-29 22:59:07',11,0,1,16000,5000,0,2,14),(686,'网络安全工程师','具备一定网络知识,了解使用网络安全工具,具备较强的编程能力','广州','13506545654','2020-01-01 00:00:00','2021-04-29 22:59:07',14,1,1,16000,7000,0,5,14),(687,'网络安全工程师 (职位编号：（代新潮招聘）)','具备一定网络知识,了解使用网络安全工具,具备较强的编程能力','广州','15601194649','2020-01-01 00:00:00','2021-04-29 22:59:07',5,1,1,16000,9000,0,3,14),(688,'网络安全工程师','具备一定网络知识,了解使用网络安全工具,具备较强的编程能力','武汉','15101311677','2020-01-01 00:00:00','2021-04-29 22:59:07',11,0,1,30000,5000,0,2,14),(689,'Cyber Security Engineer 网络安全工程师 (职位编号：000778)','具备一定网络知识,了解使用网络安全工具,具备较强的编程能力','上海','13805652072','2020-01-01 00:00:00','2021-04-29 22:59:07',12,1,1,15000,6000,0,3,14),(690,'网络安全工程师','具备一定网络知识,了解使用网络安全工具,具备较强的编程能力','成都','15503908933','2020-01-01 00:00:00','2021-04-29 22:59:07',13,1,1,30000,5000,0,6,14),(691,'计算机网络安全管理专员','具备一定网络知识,了解使用网络安全工具,具备较强的编程能力','成都','15101574020','2020-01-01 00:00:00','2021-04-29 22:59:07',7,1,1,15000,5000,0,1,14),(692,'网络安全专员','具备一定网络知识,了解使用网络安全工具,具备较强的编程能力','成都','13802896981','2020-01-01 00:00:00','2021-04-29 22:59:07',0,1,1,20000,9000,0,6,14),(693,'网络安全工程师','具备一定网络知识,了解使用网络安全工具,具备较强的编程能力','上海','15504764272','2020-01-01 00:00:00','2021-04-29 22:59:07',14,0,1,23000,5000,0,5,14),(694,'网络安全工程师','具备一定网络知识,了解使用网络安全工具,具备较强的编程能力','成都','15004095428','2020-01-01 00:00:00','2021-04-29 22:59:07',9,1,1,20000,9000,0,1,14),(695,'（子公司）网络安全解决方案工程师','具备一定网络知识,了解使用网络安全工具,具备较强的编程能力','三门峡','13806526700','2020-01-01 00:00:00','2021-04-29 22:59:07',12,1,1,11000,5000,0,4,14),(696,'网络安全工程师','具备一定网络知识,了解使用网络安全工具,具备较强的编程能力','深圳','13901064268','2020-01-01 00:00:00','2021-04-29 22:59:08',15,1,1,20000,6000,0,2,14),(697,'网络安全（等级保护）业务总监','具备一定网络知识,了解使用网络安全工具,具备较强的编程能力','上海','15502248828','2020-01-01 00:00:00','2021-04-29 22:59:08',8,1,1,30000,5000,0,6,14),(698,'某银行-网络安全工程师','具备一定网络知识,了解使用网络安全工具,具备较强的编程能力','成都','13407697562','2020-01-01 00:00:00','2021-04-29 22:59:08',15,1,1,11000,6000,0,6,14),(699,'网络安全工程师/网络安全专家','具备一定网络知识,了解使用网络安全工具,具备较强的编程能力','广州','15707527315','2020-01-01 00:00:00','2021-04-29 22:59:08',14,1,1,15000,8000,0,1,14),(700,'网络安全产品经理','具备一定网络知识,了解使用网络安全工具,具备较强的编程能力','北京','15108760909','2020-01-01 00:00:00','2021-04-29 22:59:08',7,1,1,30000,6000,0,2,14),(701,'网络安全工程师','具备一定网络知识,了解使用网络安全工具,具备较强的编程能力','北京','13907480681','2020-01-01 00:00:00','2021-04-29 22:59:08',1,0,1,30000,5000,0,4,14),(702,'网络安全工程师','具备一定网络知识,了解使用网络安全工具,具备较强的编程能力','重庆','13605975652','2020-01-01 00:00:00','2021-04-29 22:59:08',12,0,1,30000,6000,0,3,14),(703,'网络安全工程师','具备一定网络知识,了解使用网络安全工具,具备较强的编程能力','上海','13600243212','2020-01-01 00:00:00','2021-04-29 22:59:08',6,1,1,30000,8000,0,3,14),(704,'网络安全开发工程师','具备一定网络知识,了解使用网络安全工具,具备较强的编程能力','重庆','13101926515','2020-01-01 00:00:00','2021-04-29 22:59:08',7,1,1,11000,8000,0,6,14),(705,'网络安全工程师（东莞）','具备一定网络知识,了解使用网络安全工具,具备较强的编程能力','东莞','13404634426','2020-01-01 00:00:00','2021-04-29 22:59:08',3,1,1,30000,7000,0,3,14),(706,'网络安全工程师（发展前景好+专业培训）','具备一定网络知识,了解使用网络安全工具,具备较强的编程能力','深圳','13006446657','2020-01-01 00:00:00','2021-04-29 22:59:08',15,1,1,15000,5000,0,3,14),(707,'网络安全测试工程师','具备一定网络知识,了解使用网络安全工具,具备较强的编程能力','武汉','13202421787','2020-01-01 00:00:00','2021-04-29 22:59:09',12,1,1,16000,6000,0,1,14),(708,'网络安全专家 (职位编号：uniview002175)','具备一定网络知识,了解使用网络安全工具,具备较强的编程能力','杭州','13700902309','2020-01-01 00:00:00','2021-04-29 22:59:09',7,1,1,21000,6000,0,6,14),(709,'网络安全','具备一定网络知识,了解使用网络安全工具,具备较强的编程能力','北京','15900220089','2020-01-01 00:00:00','2021-04-29 22:59:09',3,1,1,11000,8000,0,5,14),(710,'反黑客网络安全工程师','具备一定网络知识,了解使用网络安全工具,具备较强的编程能力','惠州','13702638114','2020-01-01 00:00:00','2021-04-29 22:59:09',9,1,1,23000,7000,0,3,14),(711,'网络安全工程师','具备一定网络知识,了解使用网络安全工具,具备较强的编程能力','杭州','13808170555','2020-01-01 00:00:00','2021-04-29 22:59:09',3,1,1,21000,8000,0,5,14),(712,'网络安全工程师','具备一定网络知识,了解使用网络安全工具,具备较强的编程能力','深圳','15200802680','2020-01-01 00:00:00','2021-04-29 22:59:09',2,1,1,16000,7000,0,6,14),(713,'网络安全政策研究员','具备一定网络知识,了解使用网络安全工具,具备较强的编程能力','重庆','15900765020','2020-01-01 00:00:00','2021-04-29 22:59:09',8,1,1,15000,6000,0,5,14),(714,'网络安全工程师（日语流利）','具备一定网络知识,了解使用网络安全工具,具备较强的编程能力','大连','13008022836','2020-01-01 00:00:00','2021-04-29 22:59:09',6,1,1,15000,5000,0,1,14),(715,'机器学习算法专家','熟悉常用机器学习算法,熟悉神经网络,良好python基础','成都','15507598196','2020-01-01 00:00:00','2021-04-29 22:59:09',3,1,1,23000,7000,0,4,15),(716,'机器学习/深度学习/算法工程师','熟悉常用机器学习算法,熟悉神经网络,良好python基础','福州','13803534144','2020-01-01 00:00:00','2021-04-29 22:59:09',1,0,1,30000,7000,0,5,15),(717,'机器学习工程师','熟悉常用机器学习算法,熟悉神经网络,良好python基础','武汉','13204387936','2020-01-01 00:00:00','2021-04-29 22:59:09',9,1,1,16000,6000,0,3,15),(718,'机器学习系统专家','熟悉常用机器学习算法,熟悉神经网络,良好python基础','广州','13007600694','2020-01-01 00:00:00','2021-04-29 22:59:10',15,1,1,23000,7000,0,4,15),(719,'算法工程师（机器学习自然语言处理）','熟悉常用机器学习算法,熟悉神经网络,良好python基础','上海','13404951943','2020-01-01 00:00:00','2021-04-29 22:59:10',6,0,1,30000,8000,0,1,15),(720,'数据建模师（机器学习） (MJ000272)','熟悉常用机器学习算法,熟悉神经网络,良好python基础','上海','15605418297','2020-01-01 00:00:00','2021-04-29 22:59:10',1,1,1,11000,8000,0,4,15),(721,'机器学习工程师（金融科技）','熟悉常用机器学习算法,熟悉神经网络,良好python基础','上海','15302345389','2020-01-01 00:00:00','2021-04-29 22:59:10',12,1,1,21000,7000,0,3,15),(722,'数据分析工程师 （大数据分析挖掘/机器学习）','熟悉常用机器学习算法,熟悉神经网络,良好python基础','北京','13500158357','2020-01-01 00:00:00','2021-04-29 22:59:10',11,1,1,15000,8000,0,2,15),(723,'机器学习/算法-风险策略方向','熟悉常用机器学习算法,熟悉神经网络,良好python基础','广州','13804497853','2020-01-01 00:00:00','2021-04-29 22:59:10',9,1,1,21000,5000,0,3,15),(724,'CSIG16-地图检索机器学习算法高级研发工程师（北京） (职位编号：57728)','熟悉常用机器学习算法,熟悉神经网络,良好python基础','北京','13306534975','2020-01-01 00:00:00','2021-04-29 22:59:10',11,1,1,15000,7000,0,2,15),(725,'人工智能研发工程师（算法/开发/机器学习）（广州）','熟悉常用机器学习算法,熟悉神经网络,良好python基础','广州','15103488680','2020-01-01 00:00:00','2021-04-29 22:59:10',5,0,1,23000,5000,0,2,15),(726,'算法工程师（机器学习方向）','熟悉常用机器学习算法,熟悉神经网络,良好python基础','北京','15102667924','2020-01-01 00:00:00','2021-04-29 22:59:10',7,0,1,30000,6000,0,4,15),(727,'人工智能、机器学习、算法讲师','熟悉常用机器学习算法,熟悉神经网络,良好python基础','成都','13303788217','2020-01-01 00:00:00','2021-04-29 22:59:10',11,1,1,15000,5000,0,1,15),(728,'机器学习算法工程师','熟悉常用机器学习算法,熟悉神经网络,良好python基础','北京','15302282096','2020-01-01 00:00:00','2021-04-29 22:59:10',7,1,1,30000,5000,0,3,15),(729,'机器学习算法工程师','熟悉常用机器学习算法,熟悉神经网络,良好python基础','杭州','13506417595','2020-01-01 00:00:00','2021-04-29 22:59:11',8,1,1,15000,8000,0,4,15),(730,'机器学习工程师','熟悉常用机器学习算法,熟悉神经网络,良好python基础','上海','13403272709','2020-01-01 00:00:00','2021-04-29 22:59:11',9,1,1,30000,9000,0,3,15),(731,'2621YV-机器学习及大数据算法工程师 (职位编号：2621YV)','熟悉常用机器学习算法,熟悉神经网络,良好python基础','上海','13107828250','2020-01-01 00:00:00','2021-04-29 22:59:11',3,1,1,30000,9000,0,2,15),(732,'Python机器学习工程师','熟悉常用机器学习算法,熟悉神经网络,良好python基础','广州','15805576625','2020-01-01 00:00:00','2021-04-29 22:59:11',8,0,1,23000,6000,0,3,15),(733,'AI机器学习算法工程师','熟悉常用机器学习算法,熟悉神经网络,良好python基础','深圳','13603504696','2020-01-01 00:00:00','2021-04-29 22:59:11',4,1,1,20000,5000,0,6,15),(734,'机器学习研发工程师（Python）','熟悉常用机器学习算法,熟悉神经网络,良好python基础','广州','13800757320','2020-01-01 00:00:00','2021-04-29 22:59:11',8,0,1,23000,6000,0,2,15),(735,'机器学习&自然语言处理研发工程师','熟悉常用机器学习算法,熟悉神经网络,良好python基础','南京','15506402719','2020-01-01 00:00:00','2021-04-29 22:59:11',15,1,1,20000,8000,0,5,15),(736,'算法工程师/机器学习工程师','熟悉常用机器学习算法,熟悉神经网络,良好python基础','上海','13906796705','2020-01-01 00:00:00','2021-04-29 22:59:11',6,0,1,15000,9000,0,5,15),(737,'机器学习工程师','熟悉常用机器学习算法,熟悉神经网络,良好python基础','广州','15003586422','2020-01-01 00:00:00','2021-04-29 22:59:11',14,1,1,16000,5000,0,6,15),(738,'机器学习算法高级工程师','熟悉常用机器学习算法,熟悉神经网络,良好python基础','深圳','13101344786','2020-01-01 00:00:00','2021-04-29 22:59:11',0,1,1,21000,6000,0,1,15),(739,'机器学习算法工程师','熟悉常用机器学习算法,熟悉神经网络,良好python基础','北京','13007681760','2020-01-01 00:00:00','2021-04-29 22:59:11',2,1,1,20000,7000,0,5,15),(740,'机器学习工程师','熟悉常用机器学习算法,熟悉神经网络,良好python基础','广州','15300015018','2020-01-01 00:00:00','2021-04-29 22:59:12',6,1,1,21000,5000,0,2,15),(741,'机器学习工程师','熟悉常用机器学习算法,熟悉神经网络,良好python基础','上海','13406662851','2020-01-01 00:00:00','2021-04-29 22:59:12',0,1,1,30000,6000,0,5,15),(742,'机器学习工程师','熟悉常用机器学习算法,熟悉神经网络,良好python基础','上海','13004462687','2020-01-01 00:00:00','2021-04-29 22:59:12',2,0,1,11000,8000,0,2,15),(743,'高级算法/数据挖掘/机器学习专家','熟悉常用机器学习算法,熟悉神经网络,良好python基础','广州','13008442126','2020-01-01 00:00:00','2021-04-29 22:59:12',3,1,1,15000,5000,0,2,15),(744,'机器学习算法工程师（应届毕业生）','熟悉常用机器学习算法,熟悉神经网络,良好python基础','武汉','13700127821','2020-01-01 00:00:00','2021-04-29 22:59:12',13,1,1,23000,7000,0,2,15),(745,'机器学习/数据挖掘工程师','熟悉常用机器学习算法,熟悉神经网络,良好python基础','北京','13106144379','2020-01-01 00:00:00','2021-04-29 22:59:12',5,0,1,16000,9000,0,3,15),(746,'机器学习工程师（双休+五险一金）','熟悉常用机器学习算法,熟悉神经网络,良好python基础','长沙','13008001726','2020-01-01 00:00:00','2021-04-29 22:59:12',14,1,1,16000,6000,0,5,15),(747,'机器学习实习生','熟悉常用机器学习算法,熟悉神经网络,良好python基础','北京','13702748521','2020-01-01 00:00:00','2021-04-29 22:59:12',15,0,1,20000,8000,0,4,15),(748,'机器学习工程师','熟悉常用机器学习算法,熟悉神经网络,良好python基础','上海','13202471491','2020-01-01 00:00:00','2021-04-29 22:59:12',9,1,1,15000,6000,0,1,15),(749,'机器学习工程师','熟悉常用机器学习算法,熟悉神经网络,良好python基础','成都','13105213347','2020-01-01 00:00:00','2021-04-29 22:59:12',2,1,1,16000,5000,0,6,15),(750,'算法（图像算法、深度学习、机器学习均有需求）','熟悉常用机器学习算法,熟悉神经网络,良好python基础','杭州','13202328702','2020-01-01 00:00:00','2021-04-29 22:59:12',5,0,1,21000,7000,0,1,15),(751,'机器学习算法工程师','熟悉常用机器学习算法,熟悉神经网络,良好python基础','武汉','13007140371','2020-01-01 00:00:00','2021-04-29 22:59:13',8,1,1,20000,8000,0,2,15),(752,'机器学习工程师','熟悉常用机器学习算法,熟悉神经网络,良好python基础','西安','13601483065','2020-01-01 00:00:00','2021-04-29 22:59:13',3,1,1,11000,9000,0,5,15),(753,'算法工程师\\机器学习','熟悉常用机器学习算法,熟悉神经网络,良好python基础','南京','13007481690','2020-01-01 00:00:00','2021-04-29 22:59:13',0,0,1,20000,7000,0,5,15),(754,'资深机器学习工程师/技术专家','熟悉常用机器学习算法,熟悉神经网络,良好python基础','北京','13901797432','2020-01-01 00:00:00','2021-04-29 22:59:13',11,0,1,30000,9000,0,1,15),(755,'达摩院-机器学习算法专家-数据决策 (职位编号：GP564513)','熟悉常用机器学习算法,熟悉神经网络,良好python基础','杭州','15300113282','2020-01-01 00:00:00','2021-04-29 22:59:13',12,1,1,20000,7000,0,3,15),(756,'机器学习工程师','熟悉常用机器学习算法,熟悉神经网络,良好python基础','广州','13203137280','2020-01-01 00:00:00','2021-04-29 22:59:13',12,0,1,23000,9000,0,1,15),(757,'算法工程师（机器学习方向）','熟悉常用机器学习算法,熟悉神经网络,良好python基础','成都','13704039043','2020-01-01 00:00:00','2021-04-29 22:59:13',12,1,1,20000,7000,0,6,15),(758,'机器学习（开发）工程师','熟悉常用机器学习算法,熟悉神经网络,良好python基础','烟台','15002751369','2020-01-01 00:00:00','2021-04-29 22:59:13',15,1,1,23000,9000,0,4,15),(759,'机器学习工程师/实习生','熟悉常用机器学习算法,熟悉神经网络,良好python基础','南京','13402255830','2020-01-01 00:00:00','2021-04-29 22:59:13',1,1,1,11000,8000,0,6,15),(760,'机器学习工程师(上海 深圳)','熟悉常用机器学习算法,熟悉神经网络,良好python基础','上海','13200607605','2020-01-01 00:00:00','2021-04-29 22:59:13',6,0,1,20000,5000,0,3,15),(761,'机器学习算法工程师 (职位编号：52794)','熟悉常用机器学习算法,熟悉神经网络,良好python基础','深圳','13905766753','2020-01-01 00:00:00','2021-04-29 22:59:13',13,1,1,11000,9000,0,5,15),(762,'垂类-B2B业务部_机器学习/数据挖掘工程师','熟悉常用机器学习算法,熟悉神经网络,良好python基础','北京','15505685069','2020-01-01 00:00:00','2021-04-29 22:59:14',0,1,1,11000,7000,0,6,15),(763,'高薪聘机器学习工程师','熟悉常用机器学习算法,熟悉神经网络,良好python基础','西安','15908558338','2020-01-01 00:00:00','2021-04-29 22:59:14',11,1,1,21000,6000,0,1,15),(764,'机器学习算法工程师','熟悉常用机器学习算法,熟悉神经网络,良好python基础','南京','13305984784','2020-01-01 00:00:00','2021-04-29 22:59:14',0,0,1,23000,8000,0,6,15),(765,'机器学习算法开发-f (职位编号：000916)','熟悉常用机器学习算法,熟悉神经网络,良好python基础','深圳','13001080658','2020-01-01 00:00:00','2021-04-29 22:59:14',12,1,1,23000,6000,0,3,15),(766,'机器学习实训师','熟悉常用机器学习算法,熟悉神经网络,良好python基础','苏州','15808207253','2020-01-01 00:00:00','2021-04-29 22:59:14',3,1,1,30000,5000,0,1,15),(767,'机器学习算法工程师','熟悉常用机器学习算法,熟悉神经网络,良好python基础','北京','13308167991','2020-01-01 00:00:00','2021-04-29 22:59:14',12,0,1,23000,5000,0,4,15),(768,'机器学习算法工程师（2年以上机器视觉相关经验）','熟悉常用机器学习算法,熟悉神经网络,良好python基础','上海','15007787457','2020-01-01 00:00:00','2021-04-29 22:59:14',0,1,1,21000,5000,0,4,15),(769,'机器学习高级研究员','熟悉常用机器学习算法,熟悉神经网络,良好python基础','苏州','13503303372','2020-01-01 00:00:00','2021-04-29 22:59:14',12,1,1,15000,9000,0,2,15),(770,'初级量化研究员-机器学习2018-2020届','熟悉常用机器学习算法,熟悉神经网络,良好python基础','上海','15300091026','2020-01-01 00:00:00','2021-04-29 22:59:14',2,0,1,23000,6000,0,6,15),(771,'机器学习工程师（可视化）','熟悉常用机器学习算法,熟悉神经网络,良好python基础','长春','13907266731','2020-01-01 00:00:00','2021-04-29 22:59:14',15,1,1,15000,5000,0,1,15),(772,'人工智能/机器学习工程师 (职位编号：WH08)','熟悉常用机器学习算法,熟悉神经网络,良好python基础','武汉','13104012105','2020-01-01 00:00:00','2021-04-29 22:59:15',14,1,1,16000,8000,0,5,15),(773,'机器学习算法开发工程师','熟悉常用机器学习算法,熟悉神经网络,良好python基础','长沙','13105615235','2020-01-01 00:00:00','2021-04-29 22:59:15',1,1,1,16000,9000,0,5,15),(774,'机器学习工程师','熟悉常用机器学习算法,熟悉神经网络,良好python基础','广州','13800233882','2020-01-01 00:00:00','2021-04-29 22:59:15',15,0,1,11000,5000,0,4,15),(775,'机器学习开发工程师 (职位编号：WL702)','熟悉常用机器学习算法,熟悉神经网络,良好python基础','南京','15506050994','2020-01-01 00:00:00','2021-04-29 22:59:15',15,0,1,23000,5000,0,5,15),(776,'机器学习算法工程师','熟悉常用机器学习算法,熟悉神经网络,良好python基础','北京','13108576061','2020-01-01 00:00:00','2021-04-29 22:59:15',8,1,1,15000,7000,0,1,15),(777,'机器学习工程师','熟悉常用机器学习算法,熟悉神经网络,良好python基础','上海','15108042170','2020-01-01 00:00:00','2021-04-29 22:59:15',0,0,1,20000,8000,0,2,15),(778,'AI人工智能工程师/ 机器学习','熟悉常用机器学习算法,熟悉神经网络,良好python基础','广州','13206778367','2020-01-01 00:00:00','2021-04-29 22:59:15',9,1,1,23000,9000,0,4,15),(779,'机器学习工程师','熟悉常用机器学习算法,熟悉神经网络,良好python基础','广州','15705693327','2020-01-01 00:00:00','2021-04-29 22:59:15',11,0,1,15000,8000,0,1,15),(780,'机器学习&算法工程师','熟悉常用机器学习算法,熟悉神经网络,良好python基础','上海','13308437956','2020-01-01 00:00:00','2021-04-29 22:59:15',4,0,1,20000,9000,0,4,15),(781,'机器学习工程师','熟悉常用机器学习算法,熟悉神经网络,良好python基础','苏州','15805243097','2020-01-01 00:00:00','2021-04-29 22:59:15',3,1,1,15000,8000,0,2,15),(782,'机器学习算法工程师(TA0001)','熟悉常用机器学习算法,熟悉神经网络,良好python基础','上海','15306894434','2020-01-01 00:00:00','2021-04-29 22:59:15',15,1,1,20000,5000,0,2,15),(783,'数据分析师（机器学习方向）','熟悉常用机器学习算法,熟悉神经网络,良好python基础','深圳','15704760345','2020-01-01 00:00:00','2021-04-29 22:59:16',10,1,1,30000,5000,0,3,15),(784,'量化研究员--机器学习方向','熟悉常用机器学习算法,熟悉神经网络,良好python基础','上海','15300530327','2020-01-01 00:00:00','2021-04-29 22:59:16',4,1,1,21000,8000,0,4,15),(785,'机器学习工程师','熟悉常用机器学习算法,熟悉神经网络,良好python基础','上海','13001833270','2020-01-01 00:00:00','2021-04-29 22:59:16',6,1,1,20000,6000,0,4,15),(786,'图像处理与机器学习工程师','熟悉常用机器学习算法,熟悉神经网络,良好python基础','杭州','15806375248','2020-01-01 00:00:00','2021-04-29 22:59:16',8,1,1,21000,5000,0,3,15),(787,'机器学习工程师（大数据）','熟悉常用机器学习算法,熟悉神经网络,良好python基础','广州','13807906270','2020-01-01 00:00:00','2021-04-29 22:59:16',9,0,1,16000,7000,0,4,15),(788,'机器学习算法工程师','熟悉常用机器学习算法,熟悉神经网络,良好python基础','广州','15606238853','2020-01-01 00:00:00','2021-04-29 22:59:16',10,1,1,11000,7000,0,3,15),(789,'机器学习(算法)工程师','熟悉常用机器学习算法,熟悉神经网络,良好python基础','深圳','15606380860','2020-01-01 00:00:00','2021-04-29 22:59:16',10,1,1,30000,9000,0,1,15),(790,'机器学习算法研究员','熟悉常用机器学习算法,熟悉神经网络,良好python基础','北京','15103448190','2020-01-01 00:00:00','2021-04-29 22:59:16',10,1,1,20000,6000,0,6,15),(791,'机器学习平台架构师','熟悉常用机器学习算法,熟悉神经网络,良好python基础','广州','15106297310','2020-01-01 00:00:00','2021-04-29 22:59:16',8,1,1,11000,8000,0,2,15),(792,'机器学习算法工程师（模型训练方向）','熟悉常用机器学习算法,熟悉神经网络,良好python基础','南京','13305594466','2020-01-01 00:00:00','2021-04-29 22:59:16',11,0,1,23000,6000,0,3,15),(793,'机器学习工程师','熟悉常用机器学习算法,熟悉神经网络,良好python基础','西安','15708536759','2020-01-01 00:00:00','2021-04-29 22:59:16',12,1,1,11000,7000,0,4,15),(794,'机器学习工程师','熟悉常用机器学习算法,熟悉神经网络,良好python基础','北京','13700084809','2020-01-01 00:00:00','2021-04-29 22:59:17',12,1,1,11000,9000,0,2,15),(795,'机器学习算法研发工程师（机器人自编程项目组）','熟悉常用机器学习算法,熟悉神经网络,良好python基础','佛山','13705741615','2020-01-01 00:00:00','2021-04-29 22:59:17',11,0,1,20000,7000,0,5,15),(796,'机器学习技术专家','熟悉常用机器学习算法,熟悉神经网络,良好python基础','上海','13100203178','2020-01-01 00:00:00','2021-04-29 22:59:17',3,1,1,20000,9000,0,3,15),(797,'研发工程师 （机器学习平台）','熟悉常用机器学习算法,熟悉神经网络,良好python基础','天津','15705796637','2020-01-01 00:00:00','2021-04-29 22:59:17',4,0,1,21000,5000,0,6,15),(798,'机器学习工程师(J10038)','熟悉常用机器学习算法,熟悉神经网络,良好python基础','广州','15001957867','2020-01-01 00:00:00','2021-04-29 22:59:17',3,1,1,16000,5000,0,6,15),(799,'算法工程师（大数据、机器学习）','熟悉常用机器学习算法,熟悉神经网络,良好python基础','广州','15600092879','2020-01-01 00:00:00','2021-04-29 22:59:17',3,1,1,21000,8000,0,5,15),(800,'机器学习工程师（Machine Learning Developer）','熟悉常用机器学习算法,熟悉神经网络,良好python基础','上海','15204693289','2020-01-01 00:00:00','2021-04-29 22:59:17',15,1,1,16000,7000,0,1,15),(801,'机器学习算法工程师','熟悉常用机器学习算法,熟悉神经网络,良好python基础','深圳','15704567219','2020-01-01 00:00:00','2021-04-29 22:59:17',7,1,1,15000,5000,0,1,15),(802,'机器学习工程师/算法工程师','熟悉常用机器学习算法,熟悉神经网络,良好python基础','上海','13202639043','2020-01-01 00:00:00','2021-04-29 22:59:17',10,0,1,16000,6000,0,2,15),(803,'高级机器学习/数据挖掘工程师','熟悉常用机器学习算法,熟悉神经网络,良好python基础','南京','15000963022','2020-01-01 00:00:00','2021-04-29 22:59:17',4,0,1,15000,7000,0,4,15),(804,'机器学习算法研究员','熟悉常用机器学习算法,熟悉神经网络,良好python基础','北京','15306921112','2020-01-01 00:00:00','2021-04-29 22:59:17',7,1,1,30000,7000,0,6,15),(805,'机器学习工程师','熟悉常用机器学习算法,熟悉神经网络,良好python基础','武汉','13108747508','2020-01-01 00:00:00','2021-04-29 22:59:18',11,1,1,20000,7000,0,4,15),(806,'机器学习实习生','熟悉常用机器学习算法,熟悉神经网络,良好python基础','广州','15500848323','2020-01-01 00:00:00','2021-04-29 22:59:18',14,1,1,11000,8000,0,6,15),(807,'安卓机器学习工程师','熟悉常用机器学习算法,熟悉神经网络,良好python基础','扬州','13404057707','2020-01-01 00:00:00','2021-04-29 22:59:18',2,1,1,30000,7000,0,5,15),(808,'机器学习算法工程师','熟悉常用机器学习算法,熟悉神经网络,良好python基础','武汉','15007877878','2020-01-01 00:00:00','2021-04-29 22:59:18',10,1,1,15000,6000,0,1,15),(809,'机器学习算法研发工程师','熟悉常用机器学习算法,熟悉神经网络,良好python基础','北京','15800318738','2020-01-01 00:00:00','2021-04-29 22:59:18',14,1,1,20000,5000,0,4,15),(810,'视觉算法工程师（机器学习方向）','熟悉常用机器学习算法,熟悉神经网络,良好python基础','苏州','13801901345','2020-01-01 00:00:00','2021-04-29 22:59:18',14,1,1,15000,6000,0,5,15),(811,'机器学习与AI服务开发（信息技术中心）','熟悉常用机器学习算法,熟悉神经网络,良好python基础','上海','13302833644','2020-01-01 00:00:00','2021-04-29 22:59:18',10,1,1,20000,8000,0,2,15),(812,'机器学习工程师 (MJ000348)','熟悉常用机器学习算法,熟悉神经网络,良好python基础','广州','15803588654','2020-01-01 00:00:00','2021-04-29 22:59:18',12,1,1,30000,5000,0,6,15),(813,'机器学习工程师','熟悉常用机器学习算法,熟悉神经网络,良好python基础','深圳','15205073866','2020-01-01 00:00:00','2021-04-29 22:59:18',11,0,1,20000,5000,0,1,15),(814,'机器学习工程师','熟悉常用机器学习算法,熟悉神经网络,良好python基础','石家庄','15807862041','2020-01-01 00:00:00','2021-04-29 22:59:18',13,1,1,21000,8000,0,6,15),(815,'大数据开发工程师（中国联通网络AI中心）','熟悉Hadoop、Hive、Spark、流式计算、实时计算等大数据相关技术者优先,熟练使用linux操作系统','南京','15901037830','2020-01-01 00:00:00','2021-04-29 22:59:18',12,1,1,21000,6000,0,6,16),(816,'大数据开发工程师','熟悉Hadoop、Hive、Spark、流式计算、实时计算等大数据相关技术者优先,熟练使用linux操作系统','南京','13402284342','2020-01-01 00:00:00','2021-04-29 22:59:19',4,0,1,16000,5000,0,2,16),(817,'高级大数据开发工程师','熟悉Hadoop、Hive、Spark、流式计算、实时计算等大数据相关技术者优先,熟练使用linux操作系统','武汉','13908415795','2020-01-01 00:00:00','2021-04-29 22:59:19',5,1,1,20000,5000,0,1,16),(818,'科技金融岗（大数据开发方向-成都）','熟悉Hadoop、Hive、Spark、流式计算、实时计算等大数据相关技术者优先,熟练使用linux操作系统','成都','15900705025','2020-01-01 00:00:00','2021-04-29 22:59:19',0,1,1,20000,9000,0,2,16),(819,'大数据开发工程师','熟悉Hadoop、Hive、Spark、流式计算、实时计算等大数据相关技术者优先,熟练使用linux操作系统','上海','13701383075','2020-01-01 00:00:00','2021-04-29 22:59:19',7,1,1,20000,5000,0,6,16),(820,'大数据开发工程师','熟悉Hadoop、Hive、Spark、流式计算、实时计算等大数据相关技术者优先,熟练使用linux操作系统','上海','13101444802','2020-01-01 00:00:00','2021-04-29 22:59:19',12,1,1,11000,7000,0,2,16),(821,'大数据开发工程师','熟悉Hadoop、Hive、Spark、流式计算、实时计算等大数据相关技术者优先,熟练使用linux操作系统','济南','13700610541','2020-01-01 00:00:00','2021-04-29 22:59:19',9,0,1,23000,6000,0,5,16),(822,'大数据开发工程师','熟悉Hadoop、Hive、Spark、流式计算、实时计算等大数据相关技术者优先,熟练使用linux操作系统','深圳','15203021482','2020-01-01 00:00:00','2021-04-29 22:59:19',6,1,1,21000,7000,0,4,16),(823,'大数据开发工程师','熟悉Hadoop、Hive、Spark、流式计算、实时计算等大数据相关技术者优先,熟练使用linux操作系统','北京','13802060958','2020-01-01 00:00:00','2021-04-29 22:59:19',3,1,1,30000,6000,0,6,16),(824,'大数据开发工程师','熟悉Hadoop、Hive、Spark、流式计算、实时计算等大数据相关技术者优先,熟练使用linux操作系统','南京','13708874940','2020-01-01 00:00:00','2021-04-29 22:59:19',5,0,1,15000,6000,0,6,16),(825,'大数据开发工程师','熟悉Hadoop、Hive、Spark、流式计算、实时计算等大数据相关技术者优先,熟练使用linux操作系统','济南','15305292820','2020-01-01 00:00:00','2021-04-29 22:59:19',4,1,1,16000,5000,0,3,16),(826,'大数据开发工程师','熟悉Hadoop、Hive、Spark、流式计算、实时计算等大数据相关技术者优先,熟练使用linux操作系统','南京','13507487605','2020-01-01 00:00:00','2021-04-29 22:59:19',11,1,1,20000,9000,0,4,16),(827,'大数据开发工程师','熟悉Hadoop、Hive、Spark、流式计算、实时计算等大数据相关技术者优先,熟练使用linux操作系统','上海','13505000180','2020-01-01 00:00:00','2021-04-29 22:59:20',14,1,1,20000,5000,0,6,16),(828,'大数据开发/可带薪实习+住宿双休','熟悉Hadoop、Hive、Spark、流式计算、实时计算等大数据相关技术者优先,熟练使用linux操作系统','青岛','15705962924','2020-01-01 00:00:00','2021-04-29 22:59:20',4,1,1,11000,7000,0,2,16),(829,'大数据高级开发工程师/大数据开发','熟悉Hadoop、Hive、Spark、流式计算、实时计算等大数据相关技术者优先,熟练使用linux操作系统','武汉','15706600195','2020-01-01 00:00:00','2021-04-29 22:59:20',15,1,1,23000,7000,0,3,16),(830,'大数据开发工程师（JAVA方向）','熟悉Hadoop、Hive、Spark、流式计算、实时计算等大数据相关技术者优先,熟练使用linux操作系统','济南','15301470922','2020-01-01 00:00:00','2021-04-29 22:59:20',2,1,1,21000,6000,0,6,16),(831,'大数据开发','熟悉Hadoop、Hive、Spark、流式计算、实时计算等大数据相关技术者优先,熟练使用linux操作系统','济南','13005118638','2020-01-01 00:00:00','2021-04-29 22:59:20',12,0,1,15000,8000,0,6,16),(832,'大数据开发工程师','熟悉Hadoop、Hive、Spark、流式计算、实时计算等大数据相关技术者优先,熟练使用linux操作系统','福州','15608231378','2020-01-01 00:00:00','2021-04-29 22:59:20',2,1,1,21000,5000,0,6,16),(833,'大数据开发工程师-GZ','熟悉Hadoop、Hive、Spark、流式计算、实时计算等大数据相关技术者优先,熟练使用linux操作系统','广州','13901568727','2020-01-01 00:00:00','2021-04-29 22:59:20',7,0,1,20000,9000,0,1,16),(834,'大数据开发工程师','熟悉Hadoop、Hive、Spark、流式计算、实时计算等大数据相关技术者优先,熟练使用linux操作系统','杭州','15902615688','2020-01-01 00:00:00','2021-04-29 22:59:20',13,1,1,11000,7000,0,3,16),(835,'大数据开发工程师','熟悉Hadoop、Hive、Spark、流式计算、实时计算等大数据相关技术者优先,熟练使用linux操作系统','大连','13000376397','2020-01-01 00:00:00','2021-04-29 22:59:20',15,0,1,21000,9000,0,1,16),(836,'大数据开发工程师','熟悉Hadoop、Hive、Spark、流式计算、实时计算等大数据相关技术者优先,熟练使用linux操作系统','上海','13705905188','2020-01-01 00:00:00','2021-04-29 22:59:20',9,1,1,21000,7000,0,6,16),(837,'大数据开发工程师','熟悉Hadoop、Hive、Spark、流式计算、实时计算等大数据相关技术者优先,熟练使用linux操作系统','深圳','15804528097','2020-01-01 00:00:00','2021-04-29 22:59:20',7,1,1,30000,5000,0,4,16),(838,'大数据开发工程师','熟悉Hadoop、Hive、Spark、流式计算、实时计算等大数据相关技术者优先,熟练使用linux操作系统','成都','13103094253','2020-01-01 00:00:00','2021-04-29 22:59:21',0,1,1,30000,9000,0,5,16),(839,'大数据开发工程师','熟悉Hadoop、Hive、Spark、流式计算、实时计算等大数据相关技术者优先,熟练使用linux操作系统','成都','15500538794','2020-01-01 00:00:00','2021-04-29 22:59:21',14,1,1,16000,9000,0,1,16),(840,'大数据开发工程师','熟悉Hadoop、Hive、Spark、流式计算、实时计算等大数据相关技术者优先,熟练使用linux操作系统','广州','15101752290','2020-01-01 00:00:00','2021-04-29 22:59:21',7,1,1,15000,7000,0,1,16),(841,'大数据开发工程师','熟悉Hadoop、Hive、Spark、流式计算、实时计算等大数据相关技术者优先,熟练使用linux操作系统','天津','13307976426','2020-01-01 00:00:00','2021-04-29 22:59:21',10,1,1,20000,9000,0,6,16),(842,'大数据开发工程师','熟悉Hadoop、Hive、Spark、流式计算、实时计算等大数据相关技术者优先,熟练使用linux操作系统','武汉','15504606601','2020-01-01 00:00:00','2021-04-29 22:59:21',4,1,1,11000,6000,0,4,16),(843,'大数据开发工程师（研发中心）','熟悉Hadoop、Hive、Spark、流式计算、实时计算等大数据相关技术者优先,熟练使用linux操作系统','南京','13203396719','2020-01-01 00:00:00','2021-04-29 22:59:21',2,1,1,15000,8000,0,5,16),(844,'大数据开发工程师','熟悉Hadoop、Hive、Spark、流式计算、实时计算等大数据相关技术者优先,熟练使用linux操作系统','南京','15100064779','2020-01-01 00:00:00','2021-04-29 22:59:21',10,1,1,16000,8000,0,1,16),(845,'大数据开发工程师','熟悉Hadoop、Hive、Spark、流式计算、实时计算等大数据相关技术者优先,熟练使用linux操作系统','上海','13702052768','2020-01-01 00:00:00','2021-04-29 22:59:21',15,1,1,20000,9000,0,1,16),(846,'大数据开发工程师（工业能源领域） (职位编号：116336880)','熟悉Hadoop、Hive、Spark、流式计算、实时计算等大数据相关技术者优先,熟练使用linux操作系统','上海','13706590467','2020-01-01 00:00:00','2021-04-29 22:59:21',4,1,1,20000,8000,0,2,16),(847,'大数据开发工程师','熟悉Hadoop、Hive、Spark、流式计算、实时计算等大数据相关技术者优先,熟练使用linux操作系统','上海','15205297048','2020-01-01 00:00:00','2021-04-29 22:59:21',4,1,1,16000,5000,0,3,16),(848,'大数据开发工程师 (职位编号：TCL001098)','熟悉Hadoop、Hive、Spark、流式计算、实时计算等大数据相关技术者优先,熟练使用linux操作系统','惠州','15004010186','2020-01-01 00:00:00','2021-04-29 22:59:21',5,1,1,16000,8000,0,4,16),(849,'25664-大数据开发工程师（腾讯云全资子公司）','熟悉Hadoop、Hive、Spark、流式计算、实时计算等大数据相关技术者优先,熟练使用linux操作系统','西安','15503706505','2020-01-01 00:00:00','2021-04-29 22:59:22',14,0,1,15000,7000,0,4,16),(850,'大数据开发工程师','熟悉Hadoop、Hive、Spark、流式计算、实时计算等大数据相关技术者优先,熟练使用linux操作系统','深圳','15305265015','2020-01-01 00:00:00','2021-04-29 22:59:22',1,1,1,15000,9000,0,3,16),(851,'大数据开发工程师','熟悉Hadoop、Hive、Spark、流式计算、实时计算等大数据相关技术者优先,熟练使用linux操作系统','上海','15005744843','2020-01-01 00:00:00','2021-04-29 22:59:22',8,0,1,15000,8000,0,1,16),(852,'大数据开发工程师','熟悉Hadoop、Hive、Spark、流式计算、实时计算等大数据相关技术者优先,熟练使用linux操作系统','厦门','15308578586','2020-01-01 00:00:00','2021-04-29 22:59:22',4,1,1,16000,5000,0,3,16),(853,'大数据开发工程师-上海-01803','熟悉Hadoop、Hive、Spark、流式计算、实时计算等大数据相关技术者优先,熟练使用linux操作系统','上海','13202419004','2020-01-01 00:00:00','2021-04-29 22:59:22',0,1,1,15000,7000,0,2,16),(854,'大数据开发工程师','熟悉Hadoop、Hive、Spark、流式计算、实时计算等大数据相关技术者优先,熟练使用linux操作系统','北京','15107935111','2020-01-01 00:00:00','2021-04-29 22:59:22',5,0,1,30000,5000,0,4,16),(855,'大数据开发工程师','熟悉Hadoop、Hive、Spark、流式计算、实时计算等大数据相关技术者优先,熟练使用linux操作系统','广州','15201861106','2020-01-01 00:00:00','2021-04-29 22:59:22',3,1,1,16000,6000,0,6,16),(856,'大数据开发工程师','熟悉Hadoop、Hive、Spark、流式计算、实时计算等大数据相关技术者优先,熟练使用linux操作系统','广州','13001864374','2020-01-01 00:00:00','2021-04-29 22:59:22',3,1,1,11000,9000,0,5,16),(857,'大数据开发运维工程师','熟悉Hadoop、Hive、Spark、流式计算、实时计算等大数据相关技术者优先,熟练使用linux操作系统','上海','15304463091','2020-01-01 00:00:00','2021-04-29 22:59:22',5,1,1,30000,8000,0,3,16),(858,'大数据开发工程师','熟悉Hadoop、Hive、Spark、流式计算、实时计算等大数据相关技术者优先,熟练使用linux操作系统','广州','13804907340','2020-01-01 00:00:00','2021-04-29 22:59:22',3,1,1,30000,7000,0,3,16),(859,'大数据开发工程师','熟悉Hadoop、Hive、Spark、流式计算、实时计算等大数据相关技术者优先,熟练使用linux操作系统','深圳','13003646902','2020-01-01 00:00:00','2021-04-29 22:59:22',10,1,1,30000,5000,0,3,16),(860,'大数据开发工程师','熟悉Hadoop、Hive、Spark、流式计算、实时计算等大数据相关技术者优先,熟练使用linux操作系统','上海','15206407565','2020-01-01 00:00:00','2021-04-29 22:59:23',7,1,1,15000,8000,0,1,16),(861,'高级大数据开发工程师','熟悉Hadoop、Hive、Spark、流式计算、实时计算等大数据相关技术者优先,熟练使用linux操作系统','北京','15502570274','2020-01-01 00:00:00','2021-04-29 22:59:23',0,0,1,23000,8000,0,6,16),(862,'初中级大数据开发工程师','熟悉Hadoop、Hive、Spark、流式计算、实时计算等大数据相关技术者优先,熟练使用linux操作系统','广州','15601073924','2020-01-01 00:00:00','2021-04-29 22:59:23',10,0,1,15000,7000,0,3,16),(863,'高级大数据开发工程师(000771) (职位编号：UEC000771)','熟悉Hadoop、Hive、Spark、流式计算、实时计算等大数据相关技术者优先,熟练使用linux操作系统','北京','15003502027','2020-01-01 00:00:00','2021-04-29 22:59:23',1,0,1,20000,7000,0,2,16),(864,'大数据开发工程师','熟悉Hadoop、Hive、Spark、流式计算、实时计算等大数据相关技术者优先,熟练使用linux操作系统','珠海','15104513367','2020-01-01 00:00:00','2021-04-29 22:59:23',7,0,1,23000,5000,0,6,16),(865,'大数据开发工程师','熟悉Hadoop、Hive、Spark、流式计算、实时计算等大数据相关技术者优先,熟练使用linux操作系统','广州','15208564787','2020-01-01 00:00:00','2021-04-29 22:59:23',0,0,1,20000,8000,0,6,16),(866,'大数据开发工程师','熟悉Hadoop、Hive、Spark、流式计算、实时计算等大数据相关技术者优先,熟练使用linux操作系统','深圳','13605163791','2020-01-01 00:00:00','2021-04-29 22:59:23',4,1,1,15000,7000,0,2,16),(867,'高级大数据开发工程师','熟悉Hadoop、Hive、Spark、流式计算、实时计算等大数据相关技术者优先,熟练使用linux操作系统','广州','15602147464','2020-01-01 00:00:00','2021-04-29 22:59:23',0,1,1,30000,7000,0,3,16),(868,'大数据开发工程师','熟悉Hadoop、Hive、Spark、流式计算、实时计算等大数据相关技术者优先,熟练使用linux操作系统','北京','15801243977','2020-01-01 00:00:00','2021-04-29 22:59:23',1,1,1,23000,5000,0,4,16),(869,'大数据开发工程师','熟悉Hadoop、Hive、Spark、流式计算、实时计算等大数据相关技术者优先,熟练使用linux操作系统','北京','15202543589','2020-01-01 00:00:00','2021-04-29 22:59:23',0,0,1,30000,7000,0,4,16),(870,'大数据开发工程师（金融科技）','熟悉Hadoop、Hive、Spark、流式计算、实时计算等大数据相关技术者优先,熟练使用linux操作系统','上海','15207497935','2020-01-01 00:00:00','2021-04-29 22:59:23',0,1,1,20000,6000,0,1,16),(871,'大数据开发工程师','熟悉Hadoop、Hive、Spark、流式计算、实时计算等大数据相关技术者优先,熟练使用linux操作系统','上海','13206473162','2020-01-01 00:00:00','2021-04-29 22:59:24',15,1,1,15000,6000,0,5,16),(872,'信息安全-大数据开发工程师-XX6002','熟悉Hadoop、Hive、Spark、流式计算、实时计算等大数据相关技术者优先,熟练使用linux操作系统','北京','13407062352','2020-01-01 00:00:00','2021-04-29 22:59:24',5,1,1,30000,8000,0,1,16),(873,'大数据开发工程师-武汉-01121','熟悉Hadoop、Hive、Spark、流式计算、实时计算等大数据相关技术者优先,熟练使用linux操作系统','武汉','15507284176','2020-01-01 00:00:00','2021-04-29 22:59:24',6,0,1,20000,7000,0,3,16),(874,'大数据开发工程师(广告)-WLW','熟悉Hadoop、Hive、Spark、流式计算、实时计算等大数据相关技术者优先,熟练使用linux操作系统','深圳','15904246434','2020-01-01 00:00:00','2021-04-29 22:59:24',15,1,1,11000,6000,0,2,16),(875,'大数据开发（集团）','熟悉Hadoop、Hive、Spark、流式计算、实时计算等大数据相关技术者优先,熟练使用linux操作系统','广州','13103915116','2020-01-01 00:00:00','2021-04-29 22:59:24',2,1,1,16000,7000,0,6,16),(876,'大数据开发工程师','熟悉Hadoop、Hive、Spark、流式计算、实时计算等大数据相关技术者优先,熟练使用linux操作系统','深圳','13806994499','2020-01-01 00:00:00','2021-04-29 22:59:24',15,1,1,20000,8000,0,5,16),(877,'大数据开发工程师','熟悉Hadoop、Hive、Spark、流式计算、实时计算等大数据相关技术者优先,熟练使用linux操作系统','深圳','15808036452','2020-01-01 00:00:00','2021-04-29 22:59:24',8,1,1,30000,6000,0,4,16),(878,'大数据开发工程师','熟悉Hadoop、Hive、Spark、流式计算、实时计算等大数据相关技术者优先,熟练使用linux操作系统','北京','13801431652','2020-01-01 00:00:00','2021-04-29 22:59:24',5,0,1,16000,9000,0,2,16),(879,'大数据开发工程师','熟悉Hadoop、Hive、Spark、流式计算、实时计算等大数据相关技术者优先,熟练使用linux操作系统','武汉','13206495971','2020-01-01 00:00:00','2021-04-29 22:59:24',1,0,1,11000,7000,0,1,16),(880,'大数据开发工程师','熟悉Hadoop、Hive、Spark、流式计算、实时计算等大数据相关技术者优先,熟练使用linux操作系统','上海','15500618343','2020-01-01 00:00:00','2021-04-29 22:59:24',2,1,1,16000,6000,0,2,16),(881,'大数据开发工程师','熟悉Hadoop、Hive、Spark、流式计算、实时计算等大数据相关技术者优先,熟练使用linux操作系统','郑州','15006434212','2020-01-01 00:00:00','2021-04-29 22:59:25',12,0,1,30000,5000,0,4,16),(882,'大数据开发运营可实习','熟悉Hadoop、Hive、Spark、流式计算、实时计算等大数据相关技术者优先,熟练使用linux操作系统','上海','13203137605','2020-01-01 00:00:00','2021-04-29 22:59:25',14,0,1,20000,7000,0,1,16),(883,'大数据开发工程师','熟悉Hadoop、Hive、Spark、流式计算、实时计算等大数据相关技术者优先,熟练使用linux操作系统','深圳','15600212115','2020-01-01 00:00:00','2021-04-29 22:59:25',14,1,1,23000,9000,0,4,16),(884,'大数据开发工程师','熟悉Hadoop、Hive、Spark、流式计算、实时计算等大数据相关技术者优先,熟练使用linux操作系统','娄底','15801726514','2020-01-01 00:00:00','2021-04-29 22:59:25',9,1,1,11000,9000,0,4,16),(885,'大数据开发工程师','熟悉Hadoop、Hive、Spark、流式计算、实时计算等大数据相关技术者优先,熟练使用linux操作系统','沈阳','15208672582','2020-01-01 00:00:00','2021-04-29 22:59:25',12,1,1,16000,5000,0,4,16),(886,'大数据开发工程师','熟悉Hadoop、Hive、Spark、流式计算、实时计算等大数据相关技术者优先,熟练使用linux操作系统','济南','15506082713','2020-01-01 00:00:00','2021-04-29 22:59:25',2,0,1,11000,5000,0,3,16),(887,'大数据开发人员（上海）','熟悉Hadoop、Hive、Spark、流式计算、实时计算等大数据相关技术者优先,熟练使用linux操作系统','上海','15908642613','2020-01-01 00:00:00','2021-04-29 22:59:25',9,1,1,11000,6000,0,5,16),(888,'资深大数据开发工程师（车联网方向）','熟悉Hadoop、Hive、Spark、流式计算、实时计算等大数据相关技术者优先,熟练使用linux操作系统','上海','15502418507','2020-01-01 00:00:00','2021-04-29 22:59:25',12,1,1,30000,9000,0,1,16),(889,'LLZ-024-大数据开发','熟悉Hadoop、Hive、Spark、流式计算、实时计算等大数据相关技术者优先,熟练使用linux操作系统','杭州','13505641375','2020-01-01 00:00:00','2021-04-29 22:59:25',8,0,1,30000,7000,0,4,16),(890,'29912-微视大数据开发工程师 (职位编号：57711)','熟悉Hadoop、Hive、Spark、流式计算、实时计算等大数据相关技术者优先,熟练使用linux操作系统','深圳','15105184305','2020-01-01 00:00:00','2021-04-29 22:59:25',12,1,1,16000,6000,0,6,16),(891,'大数据开发工程师 (职位编号：19841)','熟悉Hadoop、Hive、Spark、流式计算、实时计算等大数据相关技术者优先,熟练使用linux操作系统','北京','13408526314','2020-01-01 00:00:00','2021-04-29 22:59:25',9,1,1,21000,8000,0,1,16),(892,'大数据开发工程师','熟悉Hadoop、Hive、Spark、流式计算、实时计算等大数据相关技术者优先,熟练使用linux操作系统','南昌','13803324871','2020-01-01 00:00:00','2021-04-29 22:59:26',1,0,1,20000,8000,0,6,16),(893,'大数据开发','熟悉Hadoop、Hive、Spark、流式计算、实时计算等大数据相关技术者优先,熟练使用linux操作系统','广州','15602833505','2020-01-01 00:00:00','2021-04-29 22:59:26',15,1,1,15000,8000,0,3,16),(894,'高级大数据开发（研究开发部）','熟悉Hadoop、Hive、Spark、流式计算、实时计算等大数据相关技术者优先,熟练使用linux操作系统','深圳','15205415522','2020-01-01 00:00:00','2021-04-29 22:59:26',1,1,1,21000,8000,0,3,16),(895,'大数据开发工程师','熟悉Hadoop、Hive、Spark、流式计算、实时计算等大数据相关技术者优先,熟练使用linux操作系统','南京','15903916312','2020-01-01 00:00:00','2021-04-29 22:59:26',7,1,1,20000,8000,0,3,16),(896,'大数据开发工程师（2020校招岗位）','熟悉Hadoop、Hive、Spark、流式计算、实时计算等大数据相关技术者优先,熟练使用linux操作系统','广州','15708275363','2020-01-01 00:00:00','2021-04-29 22:59:26',6,1,1,16000,5000,0,1,16),(897,'大数据开发工程师','熟悉Hadoop、Hive、Spark、流式计算、实时计算等大数据相关技术者优先,熟练使用linux操作系统','深圳','15706607508','2020-01-01 00:00:00','2021-04-29 22:59:26',9,1,1,30000,5000,0,4,16),(898,'大数据开发工程师-成都','熟悉Hadoop、Hive、Spark、流式计算、实时计算等大数据相关技术者优先,熟练使用linux操作系统','成都','13800176667','2020-01-01 00:00:00','2021-04-29 22:59:26',9,1,1,20000,6000,0,1,16),(899,'大数据开发工程师','熟悉Hadoop、Hive、Spark、流式计算、实时计算等大数据相关技术者优先,熟练使用linux操作系统','上海','13005788069','2020-01-01 00:00:00','2021-04-29 22:59:26',13,1,1,20000,8000,0,6,16),(900,'大数据开发工程师','熟悉Hadoop、Hive、Spark、流式计算、实时计算等大数据相关技术者优先,熟练使用linux操作系统','北京','13405250929','2020-01-01 00:00:00','2021-04-29 22:59:26',12,1,1,21000,5000,0,1,16),(901,'大数据开发工程师','熟悉Hadoop、Hive、Spark、流式计算、实时计算等大数据相关技术者优先,熟练使用linux操作系统','昆明','13406976932','2020-01-01 00:00:00','2021-04-29 22:59:26',2,0,1,11000,5000,0,4,16),(902,'大数据开发工程师','熟悉Hadoop、Hive、Spark、流式计算、实时计算等大数据相关技术者优先,熟练使用linux操作系统','北京','15300479052','2020-01-01 00:00:00','2021-04-29 22:59:26',1,1,1,21000,8000,0,4,16),(903,'大数据开发工程师','熟悉Hadoop、Hive、Spark、流式计算、实时计算等大数据相关技术者优先,熟练使用linux操作系统','深圳','15701252099','2020-01-01 00:00:00','2021-04-29 22:59:27',6,1,1,11000,5000,0,2,16),(904,'大数据开发工程师','熟悉Hadoop、Hive、Spark、流式计算、实时计算等大数据相关技术者优先,熟练使用linux操作系统','佛山','13900468758','2020-01-01 00:00:00','2021-04-29 22:59:27',5,1,1,30000,6000,0,4,16),(905,'大数据开发实习生 (职位编号：01)','熟悉Hadoop、Hive、Spark、流式计算、实时计算等大数据相关技术者优先,熟练使用linux操作系统','北京','13805671127','2020-01-01 00:00:00','2021-04-29 22:59:27',10,0,1,21000,6000,0,2,16),(906,'大数据开发工程师','熟悉Hadoop、Hive、Spark、流式计算、实时计算等大数据相关技术者优先,熟练使用linux操作系统','长沙','13703893200','2020-01-01 00:00:00','2021-04-29 22:59:27',5,0,1,16000,8000,0,5,16),(907,'大数据开发工程师 (职位编号：机票)','熟悉Hadoop、Hive、Spark、流式计算、实时计算等大数据相关技术者优先,熟练使用linux操作系统','苏州','15806004916','2020-01-01 00:00:00','2021-04-29 22:59:27',0,1,1,11000,5000,0,2,16),(908,'大数据开发','熟悉Hadoop、Hive、Spark、流式计算、实时计算等大数据相关技术者优先,熟练使用linux操作系统','上海','15603324760','2020-01-01 00:00:00','2021-04-29 22:59:27',10,1,1,11000,6000,0,6,16),(909,'java大数据开发助理岗','熟悉Hadoop、Hive、Spark、流式计算、实时计算等大数据相关技术者优先,熟练使用linux操作系统','武汉','15605003804','2020-01-01 00:00:00','2021-04-29 22:59:27',3,0,1,16000,5000,0,4,16),(910,'大数据开发工程师','熟悉Hadoop、Hive、Spark、流式计算、实时计算等大数据相关技术者优先,熟练使用linux操作系统','深圳','15905561431','2020-01-01 00:00:00','2021-04-29 22:59:27',9,1,1,16000,7000,0,2,16),(911,'大数据开发工程师','熟悉Hadoop、Hive、Spark、流式计算、实时计算等大数据相关技术者优先,熟练使用linux操作系统','广州','15908589029','2020-01-01 00:00:00','2021-04-29 22:59:27',6,1,1,23000,5000,0,6,16),(912,'大数据开发工程师（金融国企）','熟悉Hadoop、Hive、Spark、流式计算、实时计算等大数据相关技术者优先,熟练使用linux操作系统','南京','13002272815','2020-01-01 00:00:00','2021-04-29 22:59:27',10,0,1,16000,9000,0,3,16),(913,'大数据开发工程师','熟悉Hadoop、Hive、Spark、流式计算、实时计算等大数据相关技术者优先,熟练使用linux操作系统','杭州','13406568402','2020-01-01 00:00:00','2021-04-29 22:59:27',7,0,1,21000,9000,0,1,16),(914,'大数据开发工程师','熟悉Hadoop、Hive、Spark、流式计算、实时计算等大数据相关技术者优先,熟练使用linux操作系统','成都','15502161111','2020-01-01 00:00:00','2021-04-29 22:59:28',3,1,1,11000,9000,0,1,16),(915,'区块链开发工程师','良好的c/c++语言基础，熟悉区块链技术','深圳','13806811222','2020-01-01 00:00:00','2021-04-29 22:59:28',7,0,1,20000,7000,0,3,17),(916,'区块链开发工程师','良好的c/c++语言基础，熟悉区块链技术','广州','13006983246','2020-01-01 00:00:00','2021-04-29 22:59:28',5,1,1,11000,8000,0,4,17),(917,'三级等保　互联网医院　区块链软件服务平台','良好的c/c++语言基础，熟悉区块链技术','上海','13506365814','2020-01-01 00:00:00','2021-04-29 22:59:28',1,0,1,11000,9000,0,5,17),(918,'品牌公关总监（区块链）','良好的c/c++语言基础，熟悉区块链技术','上海','13602381392','2020-01-01 00:00:00','2021-04-29 22:59:28',3,1,1,21000,5000,0,1,17),(919,'区块链高级研发工程师','良好的c/c++语言基础，熟悉区块链技术','北京','15507128167','2020-01-01 00:00:00','2021-04-29 22:59:28',12,1,1,16000,8000,0,5,17),(920,'区块链开发工程师','良好的c/c++语言基础，熟悉区块链技术','上海','15701536164','2020-01-01 00:00:00','2021-04-29 22:59:28',10,1,1,16000,8000,0,4,17),(921,'CVL - （区块链）媒体实习生','良好的c/c++语言基础，熟悉区块链技术','上海','13408524422','2020-01-01 00:00:00','2021-04-29 22:59:28',9,1,1,23000,7000,0,2,17),(922,'《25万顶薪》区块链运营专员 Topgames互联网游戏公司','良好的c/c++语言基础，熟悉区块链技术','广州','13703795197','2020-01-01 00:00:00','2021-04-29 22:59:28',6,1,1,23000,8000,0,2,17),(923,'区块链解决方案经理','良好的c/c++语言基础，熟悉区块链技术','深圳','15300471020','2020-01-01 00:00:00','2021-04-29 22:59:28',1,1,1,21000,6000,0,4,17),(924,'区块链技术专家','良好的c/c++语言基础，熟悉区块链技术','深圳','15308323238','2020-01-01 00:00:00','2021-04-29 22:59:28',6,1,1,16000,8000,0,5,17),(925,'键盘侠+区块链/纯线上文字销售（无责5.5K）','良好的c/c++语言基础，熟悉区块链技术','上海','15108802403','2020-01-01 00:00:00','2021-04-29 22:59:29',0,0,1,20000,8000,0,6,17),(926,'区块链项目经理','良好的c/c++语言基础，熟悉区块链技术','广州','13902851910','2020-01-01 00:00:00','2021-04-29 22:59:29',7,0,1,20000,9000,0,4,17),(927,'Go语言研发实习生(区块链方向)','良好的c/c++语言基础，熟悉区块链技术','北京','13807870259','2020-01-01 00:00:00','2021-04-29 22:59:29',1,1,1,30000,6000,0,4,17),(928,'区块链应用工程师','良好的c/c++语言基础，熟悉区块链技术','深圳','13900777036','2020-01-01 00:00:00','2021-04-29 22:59:29',12,0,1,16000,8000,0,4,17),(929,'商务拓展经理（区块链行业机构销售/IR方向）','良好的c/c++语言基础，熟悉区块链技术','上海','15005647827','2020-01-01 00:00:00','2021-04-29 22:59:29',11,1,1,21000,9000,0,2,17),(930,'区块链研究员(000650) (职位编号：000650)','良好的c/c++语言基础，熟悉区块链技术','成都','15306808111','2020-01-01 00:00:00','2021-04-29 22:59:29',8,1,1,23000,5000,0,3,17),(931,'区块链培训讲师','良好的c/c++语言基础，熟悉区块链技术','成都','13004773104','2020-01-01 00:00:00','2021-04-29 22:59:29',8,0,1,21000,5000,0,1,17),(932,'销售（区块链）','良好的c/c++语言基础，熟悉区块链技术','深圳','13806714191','2020-01-01 00:00:00','2021-04-29 22:59:29',7,1,1,20000,6000,0,3,17),(933,'高级Java开发工程师（区块链）','良好的c/c++语言基础，熟悉区块链技术','武汉','15207601935','2020-01-01 00:00:00','2021-04-29 22:59:29',15,0,1,15000,9000,0,3,17),(934,'区块链开发','良好的c/c++语言基础，熟悉区块链技术','上海','15707667107','2020-01-01 00:00:00','2021-04-29 22:59:29',6,0,1,16000,7000,0,2,17),(935,'区块链技术工程师','良好的c/c++语言基础，熟悉区块链技术','南昌','15603781971','2020-01-01 00:00:00','2021-04-29 22:59:29',15,1,1,21000,8000,0,1,17),(936,'区块链与安全工程师','良好的c/c++语言基础，熟悉区块链技术','北京','13407310740','2020-01-01 00:00:00','2021-04-29 22:59:30',7,1,1,23000,5000,0,5,17),(937,'区块链量化投资总监','良好的c/c++语言基础，熟悉区块链技术','上海','13206184816','2020-01-01 00:00:00','2021-04-29 22:59:30',8,1,1,30000,6000,0,3,17),(938,'区块链Golang开发','良好的c/c++语言基础，熟悉区块链技术','杭州','15702501114','2020-01-01 00:00:00','2021-04-29 22:59:30',4,0,1,15000,6000,0,2,17),(939,'区块链应用工程师','良好的c/c++语言基础，熟悉区块链技术','武汉','15007467514','2020-01-01 00:00:00','2021-04-29 22:59:30',4,1,1,23000,6000,0,1,17),(940,'产品经理(人工智能、区块链)','良好的c/c++语言基础，熟悉区块链技术','北京','15308880383','2020-01-01 00:00:00','2021-04-29 22:59:30',7,1,1,20000,7000,0,1,17),(941,'区块链开发工程师','良好的c/c++语言基础，熟悉区块链技术','广州','15207172344','2020-01-01 00:00:00','2021-04-29 22:59:30',1,1,1,30000,5000,0,3,17),(942,'区块链工程师','良好的c/c++语言基础，熟悉区块链技术','广州','13102517734','2020-01-01 00:00:00','2021-04-29 22:59:30',9,1,1,16000,9000,0,3,17),(943,'区块链工程师','良好的c/c++语言基础，熟悉区块链技术','东莞','15203998004','2020-01-01 00:00:00','2021-04-29 22:59:30',4,1,1,11000,6000,0,4,17),(944,'Java开发工程师  6-12K  五险一金、区块链技术','良好的c/c++语言基础，熟悉区块链技术','广州','13707922117','2020-01-01 00:00:00','2021-04-29 22:59:30',7,1,1,21000,8000,0,5,17),(945,'区块链技术研发工程师','良好的c/c++语言基础，熟悉区块链技术','广州','13100782834','2020-01-01 00:00:00','2021-04-29 22:59:30',11,1,1,30000,8000,0,2,17),(946,'数据分析师-区块链方向','良好的c/c++语言基础，熟悉区块链技术','西安','13008365284','2020-01-01 00:00:00','2021-04-29 22:59:30',0,1,1,16000,6000,0,3,17),(947,'区块链开发工程师','良好的c/c++语言基础，熟悉区块链技术','上海','15201586087','2020-01-01 00:00:00','2021-04-29 22:59:31',2,0,1,21000,6000,0,5,17),(948,'区块链工程师','良好的c/c++语言基础，熟悉区块链技术','杭州','13104703596','2020-01-01 00:00:00','2021-04-29 22:59:31',5,1,1,11000,8000,0,4,17),(949,'区块链开发工程师','良好的c/c++语言基础，熟悉区块链技术','成都','15008080451','2020-01-01 00:00:00','2021-04-29 22:59:31',12,1,1,20000,6000,0,4,17),(950,'区块链前端开发','良好的c/c++语言基础，熟悉区块链技术','福州','15901014424','2020-01-01 00:00:00','2021-04-29 22:59:31',0,0,1,11000,9000,0,5,17),(951,'㊣㊣㊣ 区块链高级开发工程师（公链）','良好的c/c++语言基础，熟悉区块链技术','广州','13008170987','2020-01-01 00:00:00','2021-04-29 22:59:31',3,1,1,20000,5000,0,2,17),(952,'区块链开发工程师','良好的c/c++语言基础，熟悉区块链技术','北京','13307815660','2020-01-01 00:00:00','2021-04-29 22:59:31',13,1,1,15000,5000,0,1,17),(953,'区块链研发工程师','良好的c/c++语言基础，熟悉区块链技术','深圳','15903984632','2020-01-01 00:00:00','2021-04-29 22:59:31',1,0,1,30000,8000,0,6,17),(954,'区块链开发工程师','良好的c/c++语言基础，熟悉区块链技术','上海','13905434920','2020-01-01 00:00:00','2021-04-29 22:59:31',9,1,1,21000,8000,0,4,17),(955,'区块链底层研发工程师','良好的c/c++语言基础，熟悉区块链技术','广州','13405362585','2020-01-01 00:00:00','2021-04-29 22:59:31',0,1,1,20000,6000,0,6,17),(956,'区块链工程师','良好的c/c++语言基础，熟悉区块链技术','深圳','13907274386','2020-01-01 00:00:00','2021-04-29 22:59:31',6,1,1,15000,6000,0,4,17),(957,'高级区块链工程师','良好的c/c++语言基础，熟悉区块链技术','宁波','15105343568','2020-01-01 00:00:00','2021-04-29 22:59:31',4,1,1,30000,8000,0,4,17),(958,'区块链技术专家','良好的c/c++语言基础，熟悉区块链技术','上海','15300975928','2020-01-01 00:00:00','2021-04-29 22:59:32',0,1,1,16000,8000,0,5,17),(959,'区块链开发','良好的c/c++语言基础，熟悉区块链技术','上海','13000890041','2020-01-01 00:00:00','2021-04-29 22:59:32',5,1,1,21000,7000,0,1,17),(960,'区块链开发工程师','良好的c/c++语言基础，熟悉区块链技术','深圳','15700802518','2020-01-01 00:00:00','2021-04-29 22:59:32',0,1,1,15000,5000,0,2,17),(961,'区块链产品经理','良好的c/c++语言基础，熟悉区块链技术','深圳','13800202800','2020-01-01 00:00:00','2021-04-29 22:59:32',5,1,1,23000,5000,0,1,17),(962,'区块链研发工程师','良好的c/c++语言基础，熟悉区块链技术','广州','15902361504','2020-01-01 00:00:00','2021-04-29 22:59:32',5,1,1,21000,7000,0,1,17),(963,'区块链开发工程师','良好的c/c++语言基础，熟悉区块链技术','深圳','15804337798','2020-01-01 00:00:00','2021-04-29 22:59:32',13,1,1,20000,7000,0,2,17),(964,'资深区块链项目经理','良好的c/c++语言基础，熟悉区块链技术','上海','15906428414','2020-01-01 00:00:00','2021-04-29 22:59:32',1,0,1,16000,9000,0,1,17),(965,'前端高级开发工程师(区块链)','良好的c/c++语言基础，熟悉区块链技术','成都','15206516967','2020-01-01 00:00:00','2021-04-29 22:59:32',6,0,1,15000,5000,0,6,17),(966,'区块链研究员','良好的c/c++语言基础，熟悉区块链技术','大连','15805102322','2020-01-01 00:00:00','2021-04-29 22:59:32',1,1,1,30000,7000,0,4,17),(967,'高级区块链工程师','良好的c/c++语言基础，熟悉区块链技术','柳州','13101382421','2020-01-01 00:00:00','2021-04-29 22:59:32',6,0,1,15000,9000,0,5,17),(968,'区块链工程师','良好的c/c++语言基础，熟悉区块链技术','深圳','13503878870','2020-01-01 00:00:00','2021-04-29 22:59:33',3,1,1,15000,5000,0,3,17),(969,'区块链技术工程师','良好的c/c++语言基础，熟悉区块链技术','北京','13107513877','2020-01-01 00:00:00','2021-04-29 22:59:33',4,1,1,30000,9000,0,6,17),(970,'区块链高级Java开发工程师','良好的c/c++语言基础，熟悉区块链技术','成都','13503866246','2020-01-01 00:00:00','2021-04-29 22:59:33',2,1,1,20000,5000,0,5,17),(971,'区块链平台部负责人 (职位编号：baoneng006864)','良好的c/c++语言基础，熟悉区块链技术','深圳','15002290525','2020-01-01 00:00:00','2021-04-29 22:59:33',15,1,1,21000,8000,0,4,17),(972,'区块链开发工程师','良好的c/c++语言基础，熟悉区块链技术','重庆','15204432264','2020-01-01 00:00:00','2021-04-29 22:59:33',3,1,1,21000,9000,0,3,17),(973,'ICBU技术部-区块链技术专家 (职位编号：GP528328)','良好的c/c++语言基础，熟悉区块链技术','深圳','13807770927','2020-01-01 00:00:00','2021-04-29 22:59:33',11,0,1,20000,6000,0,1,17),(974,'29777-区块链应用售前架构师（深圳、北京）（北京） (职位编号：52398)','良好的c/c++语言基础，熟悉区块链技术','北京','15808374184','2020-01-01 00:00:00','2021-04-29 22:59:33',2,0,1,30000,6000,0,1,17),(975,'区块链开发高级工程师','良好的c/c++语言基础，熟悉区块链技术','上海','13600160232','2020-01-01 00:00:00','2021-04-29 22:59:33',1,1,1,30000,8000,0,6,17),(976,'区块链开发工程师','良好的c/c++语言基础，熟悉区块链技术','广州','13205175575','2020-01-01 00:00:00','2021-04-29 22:59:33',9,1,1,16000,6000,0,4,17),(977,'区块链平台币运营经理','良好的c/c++语言基础，熟悉区块链技术','武汉','15001410138','2020-01-01 00:00:00','2021-04-29 22:59:33',4,0,1,23000,7000,0,4,17),(978,'区块链编辑','良好的c/c++语言基础，熟悉区块链技术','武汉','15708097607','2020-01-01 00:00:00','2021-04-29 22:59:33',4,1,1,21000,7000,0,1,17),(979,'区块链运营实习生','良好的c/c++语言基础，熟悉区块链技术','青岛','15303370024','2020-01-01 00:00:00','2021-04-29 22:59:34',7,0,1,30000,8000,0,1,17),(980,'区块链开发工程师','良好的c/c++语言基础，熟悉区块链技术','上海','15000593426','2020-01-01 00:00:00','2021-04-29 22:59:34',11,1,1,15000,6000,0,2,17),(981,'区块链运营','良好的c/c++语言基础，熟悉区块链技术','西安','13807637355','2020-01-01 00:00:00','2021-04-29 22:59:34',4,1,1,30000,6000,0,2,17),(982,'区块链工程师','良好的c/c++语言基础，熟悉区块链技术','金昌','13805382153','2020-01-01 00:00:00','2021-04-29 22:59:34',2,0,1,20000,9000,0,5,17),(983,'品牌总监（区块链）','良好的c/c++语言基础，熟悉区块链技术','上海','15804438520','2020-01-01 00:00:00','2021-04-29 22:59:34',5,0,1,15000,5000,0,4,17),(984,'区块链运营经理/总监','良好的c/c++语言基础，熟悉区块链技术','深圳','15902977497','2020-01-01 00:00:00','2021-04-29 22:59:34',13,1,1,16000,9000,0,6,17),(985,'区块链技术工程师','良好的c/c++语言基础，熟悉区块链技术','北京','13200747350','2020-01-01 00:00:00','2021-04-29 22:59:34',11,1,1,21000,7000,0,3,17),(986,'区块链产品开发工程师','良好的c/c++语言基础，熟悉区块链技术','深圳','13706284788','2020-01-01 00:00:00','2021-04-29 22:59:34',3,0,1,11000,7000,0,1,17),(987,'区块链技术学徒','良好的c/c++语言基础，熟悉区块链技术','深圳','15205304244','2020-01-01 00:00:00','2021-04-29 22:59:34',14,1,1,11000,8000,0,3,17),(988,'区块链应用专家(J10815)','良好的c/c++语言基础，熟悉区块链技术','深圳','15104703364','2020-01-01 00:00:00','2021-04-29 22:59:34',14,1,1,16000,6000,0,1,17),(989,'区块链解决方案总监/高级经理','良好的c/c++语言基础，熟悉区块链技术','杭州','13505140388','2020-01-01 00:00:00','2021-04-29 22:59:34',0,1,1,23000,8000,0,3,17),(990,'区块链工程师','良好的c/c++语言基础，熟悉区块链技术','广州','13808831561','2020-01-01 00:00:00','2021-04-29 22:59:35',1,1,1,23000,8000,0,1,17),(991,'区块链开发工程师（高级）','良好的c/c++语言基础，熟悉区块链技术','广州','13805724634','2020-01-01 00:00:00','2021-04-29 22:59:35',11,0,1,20000,5000,0,6,17),(992,'区块链工程师','良好的c/c++语言基础，熟悉区块链技术','广州','15102537708','2020-01-01 00:00:00','2021-04-29 22:59:35',7,1,1,21000,5000,0,6,17),(993,'GO工程师（区块链）','良好的c/c++语言基础，熟悉区块链技术','杭州','15604854707','2020-01-01 00:00:00','2021-04-29 22:59:35',13,1,1,30000,6000,0,4,17),(994,'PHP开发工程师（区块链方向）','良好的c/c++语言基础，熟悉区块链技术','广州','15702257105','2020-01-01 00:00:00','2021-04-29 22:59:35',13,1,1,21000,9000,0,3,17),(995,'区块链应用工程师','良好的c/c++语言基础，熟悉区块链技术','上海','15503653125','2020-01-01 00:00:00','2021-04-29 22:59:35',9,1,1,15000,5000,0,3,17),(996,'区块链研发工程师','良好的c/c++语言基础，熟悉区块链技术','南京','15108323850','2020-01-01 00:00:00','2021-04-29 22:59:35',11,1,1,16000,9000,0,5,17),(997,'区块链研究实习生','良好的c/c++语言基础，熟悉区块链技术','广州','13900312158','2020-01-01 00:00:00','2021-04-29 22:59:35',3,1,1,11000,9000,0,4,17),(998,'区块链技术工程师SGW108 (职位编号：caict002240)','良好的c/c++语言基础，熟悉区块链技术','北京','13308044740','2020-01-01 00:00:00','2021-04-29 22:59:35',4,1,1,20000,8000,0,3,17),(999,'区块链开发工程师','良好的c/c++语言基础，熟悉区块链技术','成都','15303096376','2020-01-01 00:00:00','2021-04-29 22:59:35',10,1,1,15000,9000,0,2,17),(1000,'区块链技术专职教师','良好的c/c++语言基础，熟悉区块链技术','南昌','13506205858','2020-01-01 00:00:00','2021-04-29 22:59:35',1,1,1,30000,7000,0,3,17),(1001,'区块链应用工程师','良好的c/c++语言基础，熟悉区块链技术','福州','13503994445','2020-01-01 00:00:00','2021-04-29 22:59:36',0,1,1,21000,7000,0,5,17),(1002,'客服运营专员（区块链方向）','良好的c/c++语言基础，熟悉区块链技术','深圳','13207628325','2020-01-01 00:00:00','2021-04-29 22:59:36',3,0,1,15000,6000,0,6,17),(1003,'产品经理（区块链）','良好的c/c++语言基础，熟悉区块链技术','北京','15307323279','2020-01-01 00:00:00','2021-04-29 22:59:36',4,1,1,20000,5000,0,2,17),(1004,'区块链实习生助理-实习生招聘','良好的c/c++语言基础，熟悉区块链技术','深圳','15302740977','2020-01-01 00:00:00','2021-04-29 22:59:36',2,1,1,15000,5000,0,3,17),(1005,'区块链开发工程师','良好的c/c++语言基础，熟悉区块链技术','深圳','13605667945','2020-01-01 00:00:00','2021-04-29 22:59:36',12,1,1,30000,8000,0,1,17),(1006,'区块链工程师','良好的c/c++语言基础，熟悉区块链技术','镇江','13100734702','2020-01-01 00:00:00','2021-04-29 22:59:36',7,1,1,16000,7000,0,3,17),(1007,'高级产品经理（区块链）','良好的c/c++语言基础，熟悉区块链技术','成都','13201886806','2020-01-01 00:00:00','2021-04-29 22:59:36',10,1,1,16000,6000,0,4,17),(1008,'区块链技术总监','良好的c/c++语言基础，熟悉区块链技术','深圳','13305852432','2020-01-01 00:00:00','2021-04-29 22:59:36',13,0,1,16000,5000,0,6,17),(1009,'Java开发工程师(区块链)','良好的c/c++语言基础，熟悉区块链技术','成都','15900845420','2020-01-01 00:00:00','2021-04-29 22:59:36',14,1,1,21000,9000,0,6,17),(1010,'销售经理（区块链）','良好的c/c++语言基础，熟悉区块链技术','深圳','13803628793','2020-01-01 00:00:00','2021-04-29 22:59:36',8,1,1,21000,8000,0,3,17),(1011,'研究员（区块链）(J11240)','良好的c/c++语言基础，熟悉区块链技术','北京','13202810341','2020-01-01 00:00:00','2021-04-29 22:59:36',4,0,1,16000,5000,0,4,17),(1012,'区块链研发经理','良好的c/c++语言基础，熟悉区块链技术','广州','15807917850','2020-01-01 00:00:00','2021-04-29 22:59:37',4,1,1,30000,6000,0,1,17),(1013,'区块链研发经理','良好的c/c++语言基础，熟悉区块链技术','广州','15906654599','2020-01-01 00:00:00','2021-04-29 22:59:37',0,1,1,15000,7000,0,3,17),(1014,'产品经理（区块链）','良好的c/c++语言基础，熟悉区块链技术','上海','15300388395','2020-01-01 00:00:00','2021-04-29 22:59:37',10,1,1,30000,5000,0,6,17),(1015,'软件测试工程师','很好很好很好','福州','15813466666','2021-05-07 00:00:00','2021-05-15 00:00:00',5,0,1,6000,4000,0,8,17),(1016,'运维工程师','计算类类相关专业，应届毕业生','福州，厦门','13415923911','2021-05-16 00:00:00','2021-05-22 00:00:00',10,1,1,6000,4000,0,12,17),(1017,'区块链','会java','大连','1245623','2021-05-29 00:00:00','2021-05-29 00:00:00',1,1,0,150,100,0,13,17),(1018,'sql','会sql','大连','15489123184','2021-05-28 00:00:00','2021-05-29 00:00:00',10,1,1,150,100,0,13,17),(1019,'mysql','会sql','大连','13840960847','2021-05-15 00:00:00','2021-05-29 00:00:00',10,1,0,200,100,0,1,17),(1021,'java','java','大连','13840960847','2021-05-07 00:00:00','2021-05-20 00:00:00',10,0,0,200,150,0,13,17),(1022,'软件测试工程师','具有一定的测试能力，计算机类专业','福州','15080321188','2021-05-31 00:00:00','2021-06-05 00:00:00',5,1,1,6000,4000,0,14,17),(1023,'Java开发工程师','计算机类专业，具有一定的开发经验','福州','15080238156','2021-06-09 00:00:00','2021-06-12 00:00:00',5,1,1,8000,6000,0,16,17),(1024,'软件测试','计算机类专业，具有一定的软件测试能力','福州','15080238156','2021-06-09 00:00:00','2021-06-12 00:00:00',5,1,1,6000,4000,0,16,17),(1026,'售前工程师','计算机类专业','福州','15080238156','2021-06-09 00:00:00','2021-06-12 00:00:00',2,1,1,6000,4000,0,16,17),(1027,'软件测试','计算机类专业','福州','15080239188','2021-06-10 00:00:00','2021-06-13 00:00:00',5,1,1,6000,4000,0,17,17);
/*!40000 ALTER TABLE `recruit_position` ENABLE KEYS */;

--
-- Table structure for table `recruit_resume`
--

DROP TABLE IF EXISTS `recruit_resume`;
/*!40101 SET @saved_cs_client     = @@character_set_client */;
/*!50503 SET character_set_client = utf8mb4 */;
CREATE TABLE `recruit_resume` (
  `id` bigint NOT NULL AUTO_INCREMENT COMMENT 'ID',
  `user_id` bigint DEFAULT NULL COMMENT '用户ID',
  `user_name` varchar(30) NOT NULL COMMENT '用户账号',
  `sex` char(1) DEFAULT NULL COMMENT '性别',
  `minority` varchar(255) DEFAULT NULL COMMENT '民族',
  `height` varchar(255) DEFAULT NULL COMMENT '身高',
  `weight` varchar(255) DEFAULT NULL COMMENT '体重',
  `political_outlook` varchar(255) DEFAULT NULL COMMENT '政治面貌',
  `highest_education` varchar(255) DEFAULT NULL COMMENT '最高学历',
  `health` varchar(255) DEFAULT NULL COMMENT '健康状况',
  `job_intention` varchar(255) DEFAULT NULL COMMENT '求职意向',
  `birthday` varchar(255) DEFAULT NULL COMMENT '出生年月',
  `photo` varchar(255) DEFAULT NULL COMMENT '照片',
  `major` varchar(255) DEFAULT NULL COMMENT '所学专业',
  `current_residence` varchar(255) DEFAULT NULL COMMENT '现居住地',
  `postal_address` varchar(255) DEFAULT NULL COMMENT '通讯地址',
  `phone` varchar(11) DEFAULT NULL COMMENT '联系电话',
  `email` varchar(255) DEFAULT NULL COMMENT '邮箱',
  `awards` varchar(255) DEFAULT NULL COMMENT '所获奖项',
  `professional_courses` varchar(255) DEFAULT NULL COMMENT '专业课程',
  `self_evaluation` varchar(255) DEFAULT NULL COMMENT '自我评价',
  `url` varchar(255) DEFAULT NULL COMMENT '简历附件',
  PRIMARY KEY (`id`)
) ENGINE=InnoDB AUTO_INCREMENT=8 DEFAULT CHARSET=utf8 COMMENT='学生简历信息表';
/*!40101 SET character_set_client = @saved_cs_client */;

--
-- Dumping data for table `recruit_resume`
--

/*!40000 ALTER TABLE `recruit_resume` DISABLE KEYS */;
INSERT INTO `recruit_resume` VALUES (7,120,'王山','0','汉族','180cm','75kg','党员','本科','良好','软件测试工程师','1999.03',NULL,'计算机科学与技术','福建省福州市闽侯县福建工程学院北区','福建省福州市闽侯县福建工程学院北区','18396301501','1192650769@qq.com','无','软件测试、java、数据结构、数据库','本人从责任心强，具有一定的学习能力','http://localhost:8080/profile/upload/2021/06/09/61a857c7-3460-4c22-ba8e-e4627b1f79c3.pdf');
/*!40000 ALTER TABLE `recruit_resume` ENABLE KEYS */;

--
-- Table structure for table `recruit_student`
--

DROP TABLE IF EXISTS `recruit_student`;
/*!40101 SET @saved_cs_client     = @@character_set_client */;
/*!50503 SET character_set_client = utf8mb4 */;
CREATE TABLE `recruit_student` (
  `id` bigint NOT NULL AUTO_INCREMENT,
  `dept` varchar(255) DEFAULT NULL COMMENT '所在院系',
  `stu_class` varchar(255) DEFAULT NULL COMMENT '所在班级',
  `code` varchar(255) DEFAULT NULL COMMENT '学号',
  `name` varchar(255) DEFAULT NULL COMMENT '姓名',
  `sex` char(1) DEFAULT NULL COMMENT '性别',
  `height` double(5,2) DEFAULT NULL COMMENT '身高',
  `weight` double(5,2) DEFAULT NULL COMMENT '体重',
  `age` int DEFAULT NULL COMMENT '年龄',
  `identity_card` varchar(255) DEFAULT NULL COMMENT '身份证号',
  `address` varchar(255) DEFAULT NULL COMMENT '家庭住址',
  `tel` varchar(255) DEFAULT NULL COMMENT '联系电话',
  `email` varchar(255) DEFAULT NULL COMMENT '邮箱',
  `major` varchar(255) DEFAULT NULL COMMENT '所学专业',
  `job_intent` varchar(255) DEFAULT NULL COMMENT '求职意向',
  `skill` varchar(255) DEFAULT NULL COMMENT '掌握技能',
  `award` varchar(255) DEFAULT NULL COMMENT '所获奖项',
  `self_evaluation` varchar(255) DEFAULT NULL COMMENT '自我评价',
  PRIMARY KEY (`id`)
) ENGINE=InnoDB DEFAULT CHARSET=utf8 COMMENT='学生个人信息表';
/*!40101 SET character_set_client = @saved_cs_client */;

--
-- Dumping data for table `recruit_student`
--

/*!40000 ALTER TABLE `recruit_student` DISABLE KEYS */;
/*!40000 ALTER TABLE `recruit_student` ENABLE KEYS */;

--
-- Table structure for table `sys_config`
--

DROP TABLE IF EXISTS `sys_config`;
/*!40101 SET @saved_cs_client     = @@character_set_client */;
/*!50503 SET character_set_client = utf8mb4 */;
CREATE TABLE `sys_config` (
  `config_id` int NOT NULL AUTO_INCREMENT COMMENT '参数主键',
  `config_name` varchar(100) DEFAULT '' COMMENT '参数名称',
  `config_key` varchar(100) DEFAULT '' COMMENT '参数键名',
  `config_value` varchar(500) DEFAULT '' COMMENT '参数键值',
  `config_type` char(1) DEFAULT 'N' COMMENT '系统内置（Y是 N否）',
  `create_by` varchar(64) DEFAULT '' COMMENT '创建者',
  `create_time` datetime DEFAULT NULL COMMENT '创建时间',
  `update_by` varchar(64) DEFAULT '' COMMENT '更新者',
  `update_time` datetime DEFAULT NULL COMMENT '更新时间',
  `remark` varchar(500) DEFAULT NULL COMMENT '备注',
  PRIMARY KEY (`config_id`)
) ENGINE=InnoDB AUTO_INCREMENT=100 DEFAULT CHARSET=utf8 COMMENT='参数配置表';
/*!40101 SET character_set_client = @saved_cs_client */;

--
-- Dumping data for table `sys_config`
--

/*!40000 ALTER TABLE `sys_config` DISABLE KEYS */;
INSERT INTO `sys_config` VALUES (1,'主框架页-默认皮肤样式名称','sys.index.skinName','skin-blue','Y','admin','2021-05-02 22:17:39','',NULL,'蓝色 skin-blue、绿色 skin-green、紫色 skin-purple、红色 skin-red、黄色 skin-yellow'),(2,'用户管理-账号初始密码','sys.user.initPassword','123456','Y','admin','2021-05-02 22:17:39','',NULL,'初始化密码 123456'),(3,'主框架页-侧边栏主题','sys.index.sideTheme','theme-dark','Y','admin','2021-05-02 22:17:39','',NULL,'深色主题theme-dark，浅色主题theme-light');
/*!40000 ALTER TABLE `sys_config` ENABLE KEYS */;

--
-- Table structure for table `sys_dept`
--

DROP TABLE IF EXISTS `sys_dept`;
/*!40101 SET @saved_cs_client     = @@character_set_client */;
/*!50503 SET character_set_client = utf8mb4 */;
CREATE TABLE `sys_dept` (
  `dept_id` bigint NOT NULL AUTO_INCREMENT COMMENT '部门id',
  `parent_id` bigint DEFAULT '0' COMMENT '父部门id',
  `ancestors` varchar(50) DEFAULT '' COMMENT '祖级列表',
  `dept_name` varchar(30) DEFAULT '' COMMENT '部门名称',
  `order_num` int DEFAULT '0' COMMENT '显示顺序',
  `leader` varchar(20) DEFAULT NULL COMMENT '负责人',
  `phone` varchar(11) DEFAULT NULL COMMENT '联系电话',
  `email` varchar(50) DEFAULT NULL COMMENT '邮箱',
  `status` char(1) DEFAULT '0' COMMENT '部门状态（0正常 1停用）',
  `del_flag` char(1) DEFAULT '0' COMMENT '删除标志（0代表存在 2代表删除）',
  `create_by` varchar(64) DEFAULT '' COMMENT '创建者',
  `create_time` datetime DEFAULT NULL COMMENT '创建时间',
  `update_by` varchar(64) DEFAULT '' COMMENT '更新者',
  `update_time` datetime DEFAULT NULL COMMENT '更新时间',
  PRIMARY KEY (`dept_id`)
) ENGINE=InnoDB AUTO_INCREMENT=203 DEFAULT CHARSET=utf8 COMMENT='部门表';
/*!40101 SET character_set_client = @saved_cs_client */;

--
-- Dumping data for table `sys_dept`
--

/*!40000 ALTER TABLE `sys_dept` DISABLE KEYS */;
INSERT INTO `sys_dept` VALUES (100,0,'0','**大学',0,'若依','15888888888','ry@qq.com','0','0','admin','2021-03-24 17:15:43','admin','2021-06-06 12:56:20'),(101,100,'0,100','信息管理学院',1,'若依','15888888888','ry@qq.com','0','0','admin','2021-03-24 17:15:43','admin','2021-04-22 13:05:14'),(102,100,'0,100','物理学院',2,'若依','15888888888','ry@qq.com','0','0','admin','2021-03-24 17:15:43','',NULL),(103,101,'0,100,101','计算机科学与技术专业',1,'若依','15888888888','ry@qq.com','0','0','admin','2021-03-24 17:15:43','',NULL),(104,101,'0,100,101','计科3D',2,'若依','15888888888','ry@qq.com','0','0','admin','2021-03-24 17:15:43','',NULL),(105,101,'0,100,101','网站建设',3,'若依','15888888888','ry@qq.com','0','0','admin','2021-03-24 17:15:43','',NULL),(106,102,'0,100,102','物理学',1,'若依','15888888888','ry@qq.com','0','0','admin','2021-03-24 17:15:43','',NULL),(107,102,'0,100,102','电学',2,'若依','15888888888','ry@qq.com','0','0','admin','2021-03-24 17:15:43','',NULL),(200,100,'0,100','人文学院',0,'李莫人','18323488888','2423@qq.com','0','0','admin','2021-05-16 16:00:48','admin','2021-05-16 16:01:06'),(201,200,'0,100,200','英语专业',1,'兰娟','15924299577','12342@qq.com','0','0','admin','2021-05-16 16:03:32','',NULL),(202,200,'0,100,200','英语专业',1,'兰娟','15924299577','12342@qq.com','0','2','admin','2021-05-16 16:03:32','',NULL);
/*!40000 ALTER TABLE `sys_dept` ENABLE KEYS */;

--
-- Table structure for table `sys_dict_data`
--

DROP TABLE IF EXISTS `sys_dict_data`;
/*!40101 SET @saved_cs_client     = @@character_set_client */;
/*!50503 SET character_set_client = utf8mb4 */;
CREATE TABLE `sys_dict_data` (
  `dict_code` bigint NOT NULL AUTO_INCREMENT COMMENT '字典编码',
  `dict_sort` int DEFAULT '0' COMMENT '字典排序',
  `dict_label` varchar(100) DEFAULT '' COMMENT '字典标签',
  `dict_value` varchar(100) DEFAULT '' COMMENT '字典键值',
  `dict_type` varchar(100) DEFAULT '' COMMENT '字典类型',
  `css_class` varchar(100) DEFAULT NULL COMMENT '样式属性（其他样式扩展）',
  `list_class` varchar(100) DEFAULT NULL COMMENT '表格回显样式',
  `is_default` char(1) DEFAULT 'N' COMMENT '是否默认（Y是 N否）',
  `status` char(1) DEFAULT '0' COMMENT '状态（0正常 1停用）',
  `create_by` varchar(64) DEFAULT '' COMMENT '创建者',
  `create_time` datetime DEFAULT NULL COMMENT '创建时间',
  `update_by` varchar(64) DEFAULT '' COMMENT '更新者',
  `update_time` datetime DEFAULT NULL COMMENT '更新时间',
  `remark` varchar(500) DEFAULT NULL COMMENT '备注',
  PRIMARY KEY (`dict_code`)
) ENGINE=InnoDB AUTO_INCREMENT=111 DEFAULT CHARSET=utf8 COMMENT='字典数据表';
/*!40101 SET character_set_client = @saved_cs_client */;

--
-- Dumping data for table `sys_dict_data`
--

/*!40000 ALTER TABLE `sys_dict_data` DISABLE KEYS */;
INSERT INTO `sys_dict_data` VALUES (1,1,'男','0','sys_user_sex','','','Y','0','admin','2021-05-02 22:17:37','',NULL,'性别男'),(2,2,'女','1','sys_user_sex','','','N','0','admin','2021-05-02 22:17:37','',NULL,'性别女'),(3,3,'未知','2','sys_user_sex','','','N','0','admin','2021-05-02 22:17:37','',NULL,'性别未知'),(4,1,'显示','0','sys_show_hide','','primary','Y','0','admin','2021-05-02 22:17:37','',NULL,'显示菜单'),(5,2,'隐藏','1','sys_show_hide','','danger','N','0','admin','2021-05-02 22:17:37','',NULL,'隐藏菜单'),(6,1,'正常','0','sys_normal_disable','','primary','Y','0','admin','2021-05-02 22:17:37','',NULL,'正常状态'),(7,2,'停用','1','sys_normal_disable','','danger','N','0','admin','2021-05-02 22:17:37','',NULL,'停用状态'),(8,1,'正常','0','sys_job_status','','primary','Y','0','admin','2021-05-02 22:17:37','',NULL,'正常状态'),(9,2,'暂停','1','sys_job_status','','danger','N','0','admin','2021-05-02 22:17:37','',NULL,'停用状态'),(10,1,'默认','DEFAULT','sys_job_group','','','Y','0','admin','2021-05-02 22:17:37','',NULL,'默认分组'),(11,2,'系统','SYSTEM','sys_job_group','','','N','0','admin','2021-05-02 22:17:37','',NULL,'系统分组'),(12,1,'是','Y','sys_yes_no','','primary','Y','0','admin','2021-05-02 22:17:37','',NULL,'系统默认是'),(13,2,'否','N','sys_yes_no','','danger','N','0','admin','2021-05-02 22:17:37','',NULL,'系统默认否'),(14,1,'通知','1','sys_notice_type','','warning','Y','0','admin','2021-05-02 22:17:37','',NULL,'通知'),(15,2,'公告','2','sys_notice_type','','success','N','0','admin','2021-05-02 22:17:37','',NULL,'公告'),(16,1,'正常','0','sys_notice_status','','primary','Y','0','admin','2021-05-02 22:17:37','',NULL,'正常状态'),(17,2,'关闭','1','sys_notice_status','','danger','N','0','admin','2021-05-02 22:17:37','',NULL,'关闭状态'),(18,1,'新增','1','sys_oper_type','','info','N','0','admin','2021-05-02 22:17:37','',NULL,'新增操作'),(19,2,'修改','2','sys_oper_type','','info','N','0','admin','2021-05-02 22:17:37','',NULL,'修改操作'),(20,3,'删除','3','sys_oper_type','','danger','N','0','admin','2021-05-02 22:17:37','',NULL,'删除操作'),(21,4,'授权','4','sys_oper_type','','primary','N','0','admin','2021-05-02 22:17:37','',NULL,'授权操作'),(22,5,'导出','5','sys_oper_type','','warning','N','0','admin','2021-05-02 22:17:37','',NULL,'导出操作'),(23,6,'导入','6','sys_oper_type','','warning','N','0','admin','2021-05-02 22:17:37','',NULL,'导入操作'),(24,7,'强退','7','sys_oper_type','','danger','N','0','admin','2021-05-02 22:17:37','',NULL,'强退操作'),(25,8,'生成代码','8','sys_oper_type','','warning','N','0','admin','2021-05-02 22:17:37','',NULL,'生成操作'),(26,9,'清空数据','9','sys_oper_type','','danger','N','0','admin','2021-05-02 22:17:37','',NULL,'清空操作'),(27,1,'成功','0','sys_common_status','','primary','N','0','admin','2021-05-02 22:17:37','',NULL,'正常状态'),(28,2,'失败','1','sys_common_status','','danger','N','0','admin','2021-05-02 22:17:37','',NULL,'停用状态'),(100,0,'私企','0','company_nature',NULL,NULL,'N','0','','2021-05-02 22:18:30','',NULL,NULL),(101,0,'国企','1','company_nature',NULL,NULL,'N','0','','2021-05-02 22:18:30','',NULL,NULL),(102,0,'没有占用','0','recruit_classroom_occupied',NULL,NULL,'N','0','','2021-05-02 22:18:31','',NULL,NULL),(103,0,'占用','1','recruit_classroom_occupied',NULL,NULL,'N','0','','2021-05-02 22:18:31','',NULL,NULL),(104,0,'未上传','0','company_status',NULL,NULL,'N','0','','2021-05-02 22:18:33','',NULL,NULL),(105,0,'审核中','1','company_status',NULL,NULL,'N','0','','2021-05-02 22:18:33','',NULL,NULL),(106,0,'通过','2','company_status',NULL,NULL,'N','0','','2021-05-02 22:18:33','',NULL,NULL),(107,0,'驳回','3','company_status',NULL,NULL,'N','0','','2021-05-02 22:18:33','',NULL,NULL),(108,0,'审核中','0','recruit_audit_status',NULL,NULL,'N','0','',NULL,'',NULL,NULL),(109,0,'通过','1','recruit_audit_status',NULL,NULL,'N','0','',NULL,'',NULL,NULL),(110,0,'拒绝','2','recruit_audit_status',NULL,NULL,'N','0','',NULL,'',NULL,NULL);
/*!40000 ALTER TABLE `sys_dict_data` ENABLE KEYS */;

--
-- Table structure for table `sys_dict_type`
--

DROP TABLE IF EXISTS `sys_dict_type`;
/*!40101 SET @saved_cs_client     = @@character_set_client */;
/*!50503 SET character_set_client = utf8mb4 */;
CREATE TABLE `sys_dict_type` (
  `dict_id` bigint NOT NULL AUTO_INCREMENT COMMENT '字典主键',
  `dict_name` varchar(100) DEFAULT '' COMMENT '字典名称',
  `dict_type` varchar(100) DEFAULT '' COMMENT '字典类型',
  `status` char(1) DEFAULT '0' COMMENT '状态（0正常 1停用）',
  `create_by` varchar(64) DEFAULT '' COMMENT '创建者',
  `create_time` datetime DEFAULT NULL COMMENT '创建时间',
  `update_by` varchar(64) DEFAULT '' COMMENT '更新者',
  `update_time` datetime DEFAULT NULL COMMENT '更新时间',
  `remark` varchar(500) DEFAULT NULL COMMENT '备注',
  PRIMARY KEY (`dict_id`),
  UNIQUE KEY `dict_type` (`dict_type`)
) ENGINE=InnoDB AUTO_INCREMENT=104 DEFAULT CHARSET=utf8 COMMENT='字典类型表';
/*!40101 SET character_set_client = @saved_cs_client */;

--
-- Dumping data for table `sys_dict_type`
--

/*!40000 ALTER TABLE `sys_dict_type` DISABLE KEYS */;
INSERT INTO `sys_dict_type` VALUES (1,'用户性别','sys_user_sex','0','admin','2021-05-02 22:17:36','',NULL,'用户性别列表'),(2,'菜单状态','sys_show_hide','0','admin','2021-05-02 22:17:36','',NULL,'菜单状态列表'),(3,'系统开关','sys_normal_disable','0','admin','2021-05-02 22:17:36','',NULL,'系统开关列表'),(4,'任务状态','sys_job_status','0','admin','2021-05-02 22:17:36','',NULL,'任务状态列表'),(5,'任务分组','sys_job_group','0','admin','2021-05-02 22:17:36','',NULL,'任务分组列表'),(6,'系统是否','sys_yes_no','0','admin','2021-05-02 22:17:36','',NULL,'系统是否列表'),(7,'通知类型','sys_notice_type','0','admin','2021-05-02 22:17:36','',NULL,'通知类型列表'),(8,'通知状态','sys_notice_status','0','admin','2021-05-02 22:17:36','',NULL,'通知状态列表'),(9,'操作类型','sys_oper_type','0','admin','2021-05-02 22:17:36','',NULL,'操作类型列表'),(10,'系统状态','sys_common_status','0','admin','2021-05-02 22:17:36','',NULL,'登录状态列表'),(100,'企业性质','company_nature','0','','2021-05-02 22:18:30','',NULL,NULL),(101,'教室是否占用','recruit_classroom_occupied','0','','2021-05-02 22:18:31','',NULL,NULL),(102,'企业审核信息','company_status','0','','2021-05-02 22:18:32','',NULL,NULL),(103,'审核状态','recruit_audit_status','0','',NULL,'',NULL,NULL);
/*!40000 ALTER TABLE `sys_dict_type` ENABLE KEYS */;

--
-- Table structure for table `sys_job`
--

DROP TABLE IF EXISTS `sys_job`;
/*!40101 SET @saved_cs_client     = @@character_set_client */;
/*!50503 SET character_set_client = utf8mb4 */;
CREATE TABLE `sys_job` (
  `job_id` bigint NOT NULL AUTO_INCREMENT COMMENT '任务ID',
  `job_name` varchar(64) NOT NULL DEFAULT '' COMMENT '任务名称',
  `job_group` varchar(64) NOT NULL DEFAULT 'DEFAULT' COMMENT '任务组名',
  `invoke_target` varchar(500) NOT NULL COMMENT '调用目标字符串',
  `cron_expression` varchar(255) DEFAULT '' COMMENT 'cron执行表达式',
  `misfire_policy` varchar(20) DEFAULT '3' COMMENT '计划执行错误策略（1立即执行 2执行一次 3放弃执行）',
  `concurrent` char(1) DEFAULT '1' COMMENT '是否并发执行（0允许 1禁止）',
  `status` char(1) DEFAULT '0' COMMENT '状态（0正常 1暂停）',
  `create_by` varchar(64) DEFAULT '' COMMENT '创建者',
  `create_time` datetime DEFAULT NULL COMMENT '创建时间',
  `update_by` varchar(64) DEFAULT '' COMMENT '更新者',
  `update_time` datetime DEFAULT NULL COMMENT '更新时间',
  `remark` varchar(500) DEFAULT '' COMMENT '备注信息',
  PRIMARY KEY (`job_id`,`job_name`,`job_group`)
) ENGINE=InnoDB AUTO_INCREMENT=100 DEFAULT CHARSET=utf8 COMMENT='定时任务调度表';
/*!40101 SET character_set_client = @saved_cs_client */;

--
-- Dumping data for table `sys_job`
--

/*!40000 ALTER TABLE `sys_job` DISABLE KEYS */;
INSERT INTO `sys_job` VALUES (1,'系统默认（无参）','DEFAULT','ryTask.ryNoParams','0/10 * * * * ?','3','1','1','admin','2021-05-02 22:17:42','',NULL,''),(2,'系统默认（有参）','DEFAULT','ryTask.ryParams(\'ry\')','0/15 * * * * ?','3','1','1','admin','2021-05-02 22:17:42','',NULL,''),(3,'系统默认（多参）','DEFAULT','ryTask.ryMultipleParams(\'ry\', true, 2000L, 316.50D, 100)','0/20 * * * * ?','3','1','1','admin','2021-05-02 22:17:42','',NULL,'');
/*!40000 ALTER TABLE `sys_job` ENABLE KEYS */;

--
-- Table structure for table `sys_job_log`
--

DROP TABLE IF EXISTS `sys_job_log`;
/*!40101 SET @saved_cs_client     = @@character_set_client */;
/*!50503 SET character_set_client = utf8mb4 */;
CREATE TABLE `sys_job_log` (
  `job_log_id` bigint NOT NULL AUTO_INCREMENT COMMENT '任务日志ID',
  `job_name` varchar(64) NOT NULL COMMENT '任务名称',
  `job_group` varchar(64) NOT NULL COMMENT '任务组名',
  `invoke_target` varchar(500) NOT NULL COMMENT '调用目标字符串',
  `job_message` varchar(500) DEFAULT NULL COMMENT '日志信息',
  `status` char(1) DEFAULT '0' COMMENT '执行状态（0正常 1失败）',
  `exception_info` varchar(2000) DEFAULT '' COMMENT '异常信息',
  `create_time` datetime DEFAULT NULL COMMENT '创建时间',
  PRIMARY KEY (`job_log_id`)
) ENGINE=InnoDB DEFAULT CHARSET=utf8 COMMENT='定时任务调度日志表';
/*!40101 SET character_set_client = @saved_cs_client */;

--
-- Dumping data for table `sys_job_log`
--

/*!40000 ALTER TABLE `sys_job_log` DISABLE KEYS */;
/*!40000 ALTER TABLE `sys_job_log` ENABLE KEYS */;

--
-- Table structure for table `sys_logininfor`
--

DROP TABLE IF EXISTS `sys_logininfor`;
/*!40101 SET @saved_cs_client     = @@character_set_client */;
/*!50503 SET character_set_client = utf8mb4 */;
CREATE TABLE `sys_logininfor` (
  `info_id` bigint NOT NULL AUTO_INCREMENT COMMENT '访问ID',
  `user_name` varchar(50) DEFAULT '' COMMENT '用户账号',
  `ipaddr` varchar(50) DEFAULT '' COMMENT '登录IP地址',
  `login_location` varchar(255) DEFAULT '' COMMENT '登录地点',
  `browser` varchar(50) DEFAULT '' COMMENT '浏览器类型',
  `os` varchar(50) DEFAULT '' COMMENT '操作系统',
  `status` char(1) DEFAULT '0' COMMENT '登录状态（0成功 1失败）',
  `msg` varchar(255) DEFAULT '' COMMENT '提示消息',
  `login_time` datetime DEFAULT NULL COMMENT '访问时间',
  PRIMARY KEY (`info_id`)
) ENGINE=InnoDB AUTO_INCREMENT=1055 DEFAULT CHARSET=utf8 COMMENT='系统访问记录';
/*!40101 SET character_set_client = @saved_cs_client */;

--
-- Dumping data for table `sys_logininfor`
--

/*!40000 ALTER TABLE `sys_logininfor` DISABLE KEYS */;
INSERT INTO `sys_logininfor` VALUES (100,'admin','127.0.0.1','内网IP','Chrome 8','Windows 10','0','退出成功','2021-05-02 22:21:30'),(101,'admin','127.0.0.1','内网IP','Chrome 8','Windows 10','0','登录成功','2021-05-02 22:22:36'),(102,'admin','127.0.0.1','内网IP','Chrome 8','Windows 10','0','退出成功','2021-05-02 22:22:52'),(103,'admin','127.0.0.1','内网IP','Chrome 8','Windows 10','0','登录成功','2021-05-02 22:23:11'),(104,'admin','127.0.0.1','内网IP','Chrome 8','Windows 10','0','退出成功','2021-05-02 22:23:41'),(105,'admin','127.0.0.1','内网IP','Chrome 8','Windows 10','1','验证码错误','2021-05-02 22:23:54'),(106,'admin','127.0.0.1','内网IP','Chrome 8','Windows 10','1','验证码错误','2021-05-02 22:24:03'),(107,'admin','127.0.0.1','内网IP','Chrome 8','Windows 10','0','登录成功','2021-05-02 22:24:12'),(108,'root','127.0.0.1','内网IP','Chrome 8','Windows 10','0','登录成功','2021-05-02 22:26:25'),(109,'root','127.0.0.1','内网IP','Chrome 8','Windows 10','0','登录成功','2021-05-02 22:36:36'),(110,'root','127.0.0.1','内网IP','Chrome 8','Windows 10','0','登录成功','2021-05-02 22:37:28'),(111,'root','127.0.0.1','内网IP','Chrome 8','Windows 10','0','退出成功','2021-05-02 22:37:45'),(112,'admin','127.0.0.1','内网IP','Chrome 8','Windows 10','0','登录成功','2021-05-02 22:38:03'),(113,'admin','127.0.0.1','内网IP','Chrome 8','Windows 10','1','验证码错误','2021-05-02 23:10:30'),(114,'admin','127.0.0.1','内网IP','Chrome 8','Windows 10','0','登录成功','2021-05-02 23:10:39'),(115,'admin','127.0.0.1','内网IP','Chrome 8','Windows 10','0','退出成功','2021-05-02 23:11:34'),(116,'admin','127.0.0.1','内网IP','Chrome 8','Windows 10','0','登录成功','2021-05-02 23:11:43'),(117,'admin','127.0.0.1','内网IP','Chrome 8','Windows 10','0','登录成功','2021-05-03 08:38:51'),(118,'admin','127.0.0.1','内网IP','Chrome 8','Windows 10','0','退出成功','2021-05-03 08:38:59'),(119,'admin','127.0.0.1','内网IP','Chrome 8','Windows 10','0','登录成功','2021-05-03 08:39:05'),(120,'admin','127.0.0.1','内网IP','Chrome 8','Windows 10','1','验证码已失效','2021-05-03 08:50:45'),(121,'admin','127.0.0.1','内网IP','Chrome 8','Windows 10','0','登录成功','2021-05-03 08:50:50'),(122,'admin','127.0.0.1','内网IP','Chrome 8','Windows 10','0','登录成功','2021-05-03 10:44:25'),(123,'admin','127.0.0.1','内网IP','Chrome 9','Windows 10','1','用户不存在/密码错误','2021-05-03 21:12:16'),(124,'zzz','127.0.0.1','内网IP','Chrome 9','Windows 10','0','登录成功','2021-05-03 21:14:39'),(125,'zzz','127.0.0.1','内网IP','Chrome 9','Windows 10','0','退出成功','2021-05-03 21:18:22'),(126,'admin','127.0.0.1','内网IP','Chrome 9','Windows 10','0','登录成功','2021-05-03 21:18:33'),(127,'admin','127.0.0.1','内网IP','Chrome 9','Windows 10','0','退出成功','2021-05-03 21:20:12'),(128,'admin','127.0.0.1','内网IP','Chrome 9','Windows 10','0','登录成功','2021-05-03 21:20:21'),(129,'admin','127.0.0.1','内网IP','Chrome 9','Windows 10','0','退出成功','2021-05-03 21:25:21'),(130,'zzz','127.0.0.1','内网IP','Chrome 9','Windows 10','0','登录成功','2021-05-03 21:25:35'),(131,'zzz','127.0.0.1','内网IP','Chrome 9','Windows 10','0','退出成功','2021-05-03 21:26:26'),(132,'admin','127.0.0.1','内网IP','Chrome 9','Windows 10','0','登录成功','2021-05-03 21:26:53'),(133,'admin','127.0.0.1','内网IP','Chrome 9','Windows 10','0','退出成功','2021-05-03 21:27:22'),(134,'zzz','127.0.0.1','内网IP','Chrome 9','Windows 10','0','登录成功','2021-05-03 21:27:32'),(135,'zzz','127.0.0.1','内网IP','Chrome 9','Windows 10','0','退出成功','2021-05-03 21:30:02'),(136,'admin','127.0.0.1','内网IP','Chrome 9','Windows 10','1','用户不存在/密码错误','2021-05-03 21:30:20'),(137,'admin','127.0.0.1','内网IP','Chrome 9','Windows 10','0','登录成功','2021-05-03 21:30:47'),(138,'admin','127.0.0.1','内网IP','Chrome 9','Windows 10','0','退出成功','2021-05-03 21:33:20'),(139,'317','127.0.0.1','内网IP','Chrome 9','Windows 10','1','用户不存在/密码错误','2021-05-03 21:33:30'),(140,'317','127.0.0.1','内网IP','Chrome 9','Windows 10','1','用户不存在/密码错误','2021-05-03 21:33:42'),(141,'317','127.0.0.1','内网IP','Chrome 9','Windows 10','1','用户不存在/密码错误','2021-05-03 21:34:03'),(142,'admin','127.0.0.1','内网IP','Chrome 9','Windows 10','0','登录成功','2021-05-03 21:34:33'),(143,'admin','127.0.0.1','内网IP','Chrome 9','Windows 10','0','退出成功','2021-05-03 21:42:48'),(144,'zzz','127.0.0.1','内网IP','Chrome 9','Windows 10','0','登录成功','2021-05-03 21:42:58'),(145,'zzz','127.0.0.1','内网IP','Chrome 9','Windows 10','0','退出成功','2021-05-03 21:43:37'),(146,'admin','127.0.0.1','内网IP','Chrome 9','Windows 10','0','登录成功','2021-05-03 21:43:50'),(147,'admin','127.0.0.1','内网IP','Chrome 9','Windows 10','0','退出成功','2021-05-03 21:44:17'),(148,'zzz','127.0.0.1','内网IP','Chrome 9','Windows 10','0','登录成功','2021-05-03 21:44:30'),(149,'zzz','127.0.0.1','内网IP','Chrome 9','Windows 10','0','退出成功','2021-05-03 21:56:12'),(150,'admin','127.0.0.1','内网IP','Chrome 9','Windows 10','0','登录成功','2021-05-03 21:56:22'),(151,'admin','127.0.0.1','内网IP','Chrome 9','Windows 10','0','退出成功','2021-05-03 21:57:18'),(152,'zzz','127.0.0.1','内网IP','Chrome 9','Windows 10','0','登录成功','2021-05-03 21:57:29'),(153,'zzz','127.0.0.1','内网IP','Chrome 9','Windows 10','0','退出成功','2021-05-03 22:04:23'),(154,'admin','127.0.0.1','内网IP','Chrome 9','Windows 10','0','登录成功','2021-05-03 22:04:34'),(155,'admin','127.0.0.1','内网IP','Chrome 9','Windows 10','0','退出成功','2021-05-03 22:12:09'),(156,'11111','127.0.0.1','内网IP','Chrome 8','Windows 10','0','登录成功','2021-05-03 22:43:25'),(157,'admin','127.0.0.1','内网IP','Chrome 8','Windows 10','0','退出成功','2021-05-03 23:00:02'),(158,'admin','127.0.0.1','内网IP','Chrome 8','Windows 10','0','登录成功','2021-05-03 23:00:16'),(159,'admin','127.0.0.1','内网IP','Chrome 8','Windows 10','0','退出成功','2021-05-03 23:00:29'),(160,'11111','127.0.0.1','内网IP','Chrome 8','Windows 10','1','验证码错误','2021-05-03 23:00:40'),(161,'11111','127.0.0.1','内网IP','Chrome 8','Windows 10','1','用户不存在/密码错误','2021-05-03 23:00:43'),(162,'11111','127.0.0.1','内网IP','Chrome 8','Windows 10','0','登录成功','2021-05-03 23:01:41'),(163,'11111','127.0.0.1','内网IP','Chrome 8','Windows 10','0','退出成功','2021-05-03 23:02:23'),(164,'admin','127.0.0.1','内网IP','Chrome 8','Windows 10','0','登录成功','2021-05-03 23:02:30'),(165,'11111','127.0.0.1','内网IP','Chrome 8','Windows 10','0','退出成功','2021-05-03 23:03:31'),(166,'root','127.0.0.1','内网IP','Chrome 8','Windows 10','0','登录成功','2021-05-03 23:04:08'),(167,'admin','127.0.0.1','内网IP','Chrome 9','Windows 10','0','登录成功','2021-05-04 15:14:43'),(168,'admin','127.0.0.1','内网IP','Chrome 9','Windows 10','0','退出成功','2021-05-04 15:18:55'),(169,'zzz','127.0.0.1','内网IP','Chrome 9','Windows 10','0','登录成功','2021-05-04 15:19:06'),(170,'zzz','127.0.0.1','内网IP','Chrome 9','Windows 10','0','退出成功','2021-05-04 15:20:42'),(171,'bbb','127.0.0.1','内网IP','Chrome 9','Windows 10','0','登录成功','2021-05-04 15:21:52'),(172,'bbb','127.0.0.1','内网IP','Chrome 9','Windows 10','0','退出成功','2021-05-04 15:22:37'),(173,'admin','127.0.0.1','内网IP','Chrome 9','Windows 10','0','登录成功','2021-05-04 15:22:49'),(174,'admin','127.0.0.1','内网IP','Chrome 9','Windows 10','0','退出成功','2021-05-04 15:23:51'),(175,'bbb','127.0.0.1','内网IP','Chrome 9','Windows 10','0','登录成功','2021-05-04 15:24:04'),(176,'bbb','127.0.0.1','内网IP','Chrome 9','Windows 10','0','退出成功','2021-05-04 15:26:01'),(177,'admin','127.0.0.1','内网IP','Chrome 9','Windows 10','0','登录成功','2021-05-04 15:26:19'),(178,'admin','127.0.0.1','内网IP','Chrome 9','Windows 10','0','退出成功','2021-05-04 15:31:11'),(179,'217','127.0.0.1','内网IP','Chrome 9','Windows 10','1','验证码错误','2021-05-04 15:31:26'),(180,'217','127.0.0.1','内网IP','Chrome 9','Windows 10','1','用户不存在/密码错误','2021-05-04 15:31:35'),(181,'admin','127.0.0.1','内网IP','Chrome 9','Windows 10','1','用户不存在/密码错误','2021-05-04 15:32:56'),(182,'admin','127.0.0.1','内网IP','Chrome 9','Windows 10','0','登录成功','2021-05-04 15:33:06'),(183,'admin','127.0.0.1','内网IP','Chrome 9','Windows 10','0','退出成功','2021-05-04 16:27:33'),(184,'zzz','127.0.0.1','内网IP','Chrome 9','Windows 10','0','登录成功','2021-05-04 16:27:49'),(185,'zzz','127.0.0.1','内网IP','Chrome 9','Windows 10','0','退出成功','2021-05-04 16:28:09'),(186,'bbb','127.0.0.1','内网IP','Chrome 9','Windows 10','0','登录成功','2021-05-04 16:28:20'),(187,'bbb','127.0.0.1','内网IP','Chrome 9','Windows 10','0','退出成功','2021-05-04 16:31:57'),(188,'admin','127.0.0.1','内网IP','Chrome 9','Windows 10','0','登录成功','2021-05-04 16:32:15'),(189,'admin','127.0.0.1','内网IP','Chrome 9','Windows 10','0','退出成功','2021-05-04 16:49:07'),(190,'ccc','127.0.0.1','内网IP','Chrome 9','Windows 10','0','登录成功','2021-05-04 16:51:32'),(191,'ccc','127.0.0.1','内网IP','Chrome 9','Windows 10','0','退出成功','2021-05-04 16:53:03'),(192,'admin','127.0.0.1','内网IP','Chrome 9','Windows 10','1','用户不存在/密码错误','2021-05-04 16:53:14'),(193,'admin','127.0.0.1','内网IP','Chrome 9','Windows 10','1','验证码错误','2021-05-04 16:53:22'),(194,'admin','127.0.0.1','内网IP','Chrome 9','Windows 10','0','登录成功','2021-05-04 16:53:27'),(195,'admin','127.0.0.1','内网IP','Chrome 9','Windows 10','1','验证码已失效','2021-05-04 16:53:27'),(196,'admin','127.0.0.1','内网IP','Chrome 9','Windows 10','0','登录成功','2021-05-04 20:21:53'),(197,'a1','127.0.0.1','内网IP','Chrome 8','Windows 10','0','登录成功','2021-05-04 22:00:06'),(198,'a1','127.0.0.1','内网IP','Chrome 8','Windows 10','0','退出成功','2021-05-04 22:05:29'),(199,'root','127.0.0.1','内网IP','Chrome 8','Windows 10','0','登录成功','2021-05-04 22:05:38'),(200,'admin','127.0.0.1','内网IP','Chrome 9','Windows 10','0','登录成功','2021-05-04 22:22:02'),(201,'admin','127.0.0.1','内网IP','Chrome 9','Windows 10','0','退出成功','2021-05-04 22:22:44'),(202,'a1','127.0.0.1','内网IP','Chrome 9','Windows 10','0','登录成功','2021-05-04 22:22:56'),(203,'a1','127.0.0.1','内网IP','Chrome 9','Windows 10','0','退出成功','2021-05-04 22:28:28'),(204,'admin','127.0.0.1','内网IP','Chrome 9','Windows 10','1','用户不存在/密码错误','2021-05-04 22:28:38'),(205,'admin','127.0.0.1','内网IP','Chrome 9','Windows 10','0','登录成功','2021-05-04 22:28:45'),(206,'admin','127.0.0.1','内网IP','Chrome 9','Windows 10','0','退出成功','2021-05-04 22:30:54'),(207,'pp','127.0.0.1','内网IP','Chrome 9','Windows 10','1','用户不存在/密码错误','2021-05-04 22:31:07'),(208,'admin','127.0.0.1','内网IP','Chrome 9','Windows 10','1','用户不存在/密码错误','2021-05-04 22:31:28'),(209,'admin','127.0.0.1','内网IP','Chrome 9','Windows 10','0','登录成功','2021-05-04 22:31:44'),(210,'admin','127.0.0.1','内网IP','Chrome 9','Windows 10','0','退出成功','2021-05-04 22:32:18'),(211,'pp','127.0.0.1','内网IP','Chrome 9','Windows 10','1','用户不存在/密码错误','2021-05-04 22:32:28'),(212,'pp','127.0.0.1','内网IP','Chrome 9','Windows 10','1','验证码错误','2021-05-04 22:33:32'),(213,'pp','127.0.0.1','内网IP','Chrome 9','Windows 10','1','验证码错误','2021-05-04 22:33:37'),(214,'pp','127.0.0.1','内网IP','Chrome 9','Windows 10','1','用户不存在/密码错误','2021-05-04 22:33:43'),(215,'admin','127.0.0.1','内网IP','Chrome 9','Windows 10','1','用户不存在/密码错误','2021-05-04 22:33:59'),(216,'admin','127.0.0.1','内网IP','Chrome 9','Windows 10','1','验证码错误','2021-05-04 22:34:03'),(217,'admin','127.0.0.1','内网IP','Chrome 9','Windows 10','1','用户不存在/密码错误','2021-05-04 22:34:07'),(218,'admin','127.0.0.1','内网IP','Chrome 9','Windows 10','0','登录成功','2021-05-04 22:34:19'),(219,'admin','127.0.0.1','内网IP','Chrome 8','Windows 10','0','登录成功','2021-05-04 22:34:35'),(220,'admin','127.0.0.1','内网IP','Chrome 9','Windows 10','0','退出成功','2021-05-04 22:35:11'),(221,'pp','127.0.0.1','内网IP','Chrome 9','Windows 10','1','用户不存在/密码错误','2021-05-04 22:35:21'),(222,'pp','127.0.0.1','内网IP','Chrome 9','Windows 10','1','验证码已失效','2021-05-04 22:37:53'),(223,'pp','127.0.0.1','内网IP','Chrome 9','Windows 10','1','用户不存在/密码错误','2021-05-04 22:37:58'),(224,'pp','127.0.0.1','内网IP','Chrome 9','Windows 10','1','用户不存在/密码错误','2021-05-04 22:38:12'),(225,'admin','127.0.0.1','内网IP','Chrome 9','Windows 10','1','用户不存在/密码错误','2021-05-04 22:38:29'),(226,'admin','127.0.0.1','内网IP','Chrome 9','Windows 10','1','用户不存在/密码错误','2021-05-04 22:38:46'),(227,'admin','127.0.0.1','内网IP','Chrome 9','Windows 10','0','登录成功','2021-05-04 22:39:03'),(228,'admin','127.0.0.1','内网IP','Chrome 9','Windows 10','0','退出成功','2021-05-04 22:43:28'),(229,'a2','127.0.0.1','内网IP','Chrome 9','Windows 10','0','登录成功','2021-05-04 22:43:40'),(230,'a2','127.0.0.1','内网IP','Chrome 9','Windows 10','0','退出成功','2021-05-04 22:44:02'),(231,'admin','127.0.0.1','内网IP','Chrome 9','Windows 10','0','登录成功','2021-05-04 22:44:19'),(232,'admin','127.0.0.1','内网IP','Chrome 9','Windows 10','0','退出成功','2021-05-04 22:44:45'),(233,'a2','127.0.0.1','内网IP','Chrome 9','Windows 10','0','登录成功','2021-05-04 22:44:56'),(234,'a2','127.0.0.1','内网IP','Chrome 9','Windows 10','0','退出成功','2021-05-04 22:47:25'),(235,'a2','127.0.0.1','内网IP','Chrome 9','Windows 10','0','登录成功','2021-05-04 22:50:20'),(236,'a2','127.0.0.1','内网IP','Chrome 8','Windows 10','0','登录成功','2021-05-04 22:54:58'),(237,'a2','127.0.0.1','内网IP','Chrome 8','Windows 10','0','退出成功','2021-05-04 22:56:46'),(238,'a2','127.0.0.1','内网IP','Chrome 8','Windows 10','0','登录成功','2021-05-04 22:57:00'),(239,'a2','127.0.0.1','内网IP','Chrome 8','Windows 10','1','用户不存在/密码错误','2021-05-04 22:59:54'),(240,'a2','127.0.0.1','内网IP','Chrome 8','Windows 10','0','登录成功','2021-05-04 23:00:03'),(241,'admin','127.0.0.1','内网IP','Chrome 8','Windows 10','0','退出成功','2021-05-04 23:00:22'),(242,'a1','127.0.0.1','内网IP','Chrome 8','Windows 10','0','登录成功','2021-05-04 23:00:36'),(243,'a2','127.0.0.1','内网IP','Chrome 9','Windows 10','0','登录成功','2021-05-04 23:28:24'),(244,'a2','127.0.0.1','内网IP','Chrome 9','Windows 10','0','退出成功','2021-05-04 23:29:45'),(245,'admin','127.0.0.1','内网IP','Chrome 9','Windows 10','0','登录成功','2021-05-04 23:30:02'),(246,'a1','127.0.0.1','内网IP','Chrome 8','Windows 10','1','用户不存在/密码错误','2021-05-04 23:53:47'),(247,'a1','127.0.0.1','内网IP','Chrome 8','Windows 10','1','验证码错误','2021-05-04 23:53:54'),(248,'a1','127.0.0.1','内网IP','Chrome 8','Windows 10','1','验证码错误','2021-05-04 23:53:57'),(249,'a1','127.0.0.1','内网IP','Chrome 8','Windows 10','0','登录成功','2021-05-04 23:54:00'),(250,'a1','127.0.0.1','内网IP','Chrome 8','Windows 10','0','退出成功','2021-05-04 23:54:30'),(251,'admin','127.0.0.1','内网IP','Chrome 8','Windows 10','1','验证码错误','2021-05-04 23:54:42'),(252,'admin','127.0.0.1','内网IP','Chrome 8','Windows 10','0','登录成功','2021-05-04 23:54:48'),(253,'a1','127.0.0.1','内网IP','Chrome 9','Windows 10','0','登录成功','2021-05-05 10:15:14'),(254,'a1','127.0.0.1','内网IP','Chrome 9','Windows 10','0','退出成功','2021-05-05 10:18:07'),(255,'admin','127.0.0.1','内网IP','Chrome 9','Windows 10','0','登录成功','2021-05-05 10:18:26'),(256,'admin','127.0.0.1','内网IP','Chrome 9','Windows 10','0','退出成功','2021-05-05 10:20:31'),(257,'bbb','127.0.0.1','内网IP','Chrome 9','Windows 10','0','登录成功','2021-05-05 10:20:56'),(258,'bbb','127.0.0.1','内网IP','Chrome 9','Windows 10','0','退出成功','2021-05-05 10:26:48'),(259,'a2','127.0.0.1','内网IP','Chrome 9','Windows 10','1','验证码已失效','2021-05-05 10:29:45'),(260,'a2','127.0.0.1','内网IP','Chrome 9','Windows 10','0','登录成功','2021-05-05 10:29:51'),(261,'a2','127.0.0.1','内网IP','Chrome 9','Windows 10','0','退出成功','2021-05-05 10:34:27'),(262,'ccc','127.0.0.1','内网IP','Chrome 9','Windows 10','1','用户不存在/密码错误','2021-05-05 10:36:16'),(263,'admin','127.0.0.1','内网IP','Chrome 9','Windows 10','0','登录成功','2021-05-05 10:36:27'),(264,'admin','127.0.0.1','内网IP','Chrome 9','Windows 10','0','退出成功','2021-05-05 10:36:52'),(265,'admin','127.0.0.1','内网IP','Chrome 9','Windows 10','1','验证码错误','2021-05-05 10:37:02'),(266,'admin','127.0.0.1','内网IP','Chrome 9','Windows 10','0','登录成功','2021-05-05 10:37:06'),(267,'admin','127.0.0.1','内网IP','Chrome 9','Windows 10','0','退出成功','2021-05-05 10:39:36'),(268,'a1','127.0.0.1','内网IP','Chrome 9','Windows 10','0','登录成功','2021-05-05 10:39:50'),(269,'a1','127.0.0.1','内网IP','Chrome 9','Windows 10','0','退出成功','2021-05-05 10:40:52'),(270,'ccc','127.0.0.1','内网IP','Chrome 9','Windows 10','0','登录成功','2021-05-05 10:41:33'),(271,'ccc','127.0.0.1','内网IP','Chrome 9','Windows 10','0','退出成功','2021-05-05 10:41:51'),(272,'root','127.0.0.1','内网IP','Chrome 9','Windows 10','0','登录成功','2021-05-05 10:43:55'),(273,'root','127.0.0.1','内网IP','Chrome 9','Windows 10','0','退出成功','2021-05-05 10:48:57'),(274,'admin','127.0.0.1','内网IP','Chrome 9','Windows 10','0','登录成功','2021-05-05 10:49:27'),(275,'admin','127.0.0.1','内网IP','Chrome 9','Windows 10','0','退出成功','2021-05-05 10:50:35'),(276,'ccc','127.0.0.1','内网IP','Chrome 9','Windows 10','0','登录成功','2021-05-05 10:51:04'),(277,'ccc','127.0.0.1','内网IP','Chrome 9','Windows 10','0','退出成功','2021-05-05 10:51:21'),(278,'bbb','127.0.0.1','内网IP','Chrome 9','Windows 10','0','登录成功','2021-05-05 10:51:35'),(279,'admin','127.0.0.1','内网IP','Chrome 9','Windows 10','0','登录成功','2021-05-05 14:32:54'),(280,'admin','127.0.0.1','内网IP','Chrome 9','Windows 10','0','退出成功','2021-05-05 14:45:54'),(281,'admin','127.0.0.1','内网IP','Chrome 9','Windows 10','0','登录成功','2021-05-05 14:46:37'),(282,'admin','127.0.0.1','内网IP','Chrome 9','Windows 10','0','退出成功','2021-05-05 14:55:57'),(283,'kkk','127.0.0.1','内网IP','Chrome 9','Windows 10','0','登录成功','2021-05-05 14:56:08'),(284,'kkk','127.0.0.1','内网IP','Chrome 9','Windows 10','0','退出成功','2021-05-05 15:00:51'),(285,'kkk','127.0.0.1','内网IP','Chrome 9','Windows 10','0','登录成功','2021-05-05 15:03:16'),(286,'admin','127.0.0.1','内网IP','Chrome 9','Windows 10','0','登录成功','2021-05-05 15:14:27'),(287,'admin','127.0.0.1','内网IP','Chrome 9','Windows 10','0','登录成功','2021-05-05 17:19:51'),(288,'admin','127.0.0.1','内网IP','Chrome 9','Windows 10','0','退出成功','2021-05-05 17:21:08'),(289,'217','127.0.0.1','内网IP','Chrome 9','Windows 10','1','用户不存在/密码错误','2021-05-05 17:21:20'),(290,'217','127.0.0.1','内网IP','Chrome 9','Windows 10','1','验证码错误','2021-05-05 17:21:22'),(291,'217','127.0.0.1','内网IP','Chrome 9','Windows 10','1','验证码错误','2021-05-05 17:21:23'),(292,'217','127.0.0.1','内网IP','Chrome 9','Windows 10','1','验证码已失效','2021-05-05 17:21:23'),(293,'admin','127.0.0.1','内网IP','Chrome 9','Windows 10','0','登录成功','2021-05-05 17:21:40'),(294,'admin','127.0.0.1','内网IP','Chrome 9','Windows 10','0','退出成功','2021-05-05 17:22:23'),(295,'256@qq.com','127.0.0.1','内网IP','Chrome 9','Windows 10','1','用户不存在/密码错误','2021-05-05 17:22:37'),(296,'李四','127.0.0.1','内网IP','Chrome 9','Windows 10','1','验证码错误','2021-05-05 17:23:00'),(297,'李四','127.0.0.1','内网IP','Chrome 9','Windows 10','0','登录成功','2021-05-05 17:23:05'),(298,'李四','127.0.0.1','内网IP','Chrome 9','Windows 10','0','退出成功','2021-05-05 17:23:32'),(299,'李四','127.0.0.1','内网IP','Chrome 9','Windows 10','0','登录成功','2021-05-05 17:24:02'),(300,'admin','127.0.0.1','内网IP','Chrome 8','Windows 10','0','登录成功','2021-05-05 23:19:05'),(301,'admin','127.0.0.1','内网IP','Chrome 8','Windows 10','1','用户不存在/密码错误','2021-05-06 12:53:47'),(302,'admin','127.0.0.1','内网IP','Chrome 8','Windows 10','1','用户不存在/密码错误','2021-05-06 12:53:53'),(303,'admin','127.0.0.1','内网IP','Chrome 8','Windows 10','1','验证码错误','2021-05-06 12:53:58'),(304,'admin','127.0.0.1','内网IP','Chrome 8','Windows 10','1','用户不存在/密码错误','2021-05-06 12:54:05'),(305,'admin','127.0.0.1','内网IP','Chrome 8','Windows 10','1','用户不存在/密码错误','2021-05-06 12:54:10'),(306,'admin','127.0.0.1','内网IP','Chrome 8','Windows 10','1','验证码已失效','2021-05-06 13:19:17'),(307,'admin','127.0.0.1','内网IP','Chrome 8','Windows 10','1','用户不存在/密码错误','2021-05-06 13:19:21'),(308,'qiye','127.0.0.1','内网IP','Chrome 8','Windows 10','1','用户不存在/密码错误','2021-05-06 13:19:31'),(309,'1','127.0.0.1','内网IP','Chrome 8','Windows 10','1','验证码错误','2021-05-06 13:19:36'),(310,'1','127.0.0.1','内网IP','Chrome 8','Windows 10','1','用户不存在/密码错误','2021-05-06 13:19:39'),(311,'1','127.0.0.1','内网IP','Chrome 8','Windows 10','1','用户不存在/密码错误','2021-05-06 13:19:44'),(312,'1','127.0.0.1','内网IP','Chrome 9','Windows 10','1','用户不存在/密码错误','2021-05-06 13:39:24'),(313,'admin','127.0.0.1','内网IP','Chrome 9','Windows 10','1','用户不存在/密码错误','2021-05-06 14:12:55'),(314,'root','127.0.0.1','内网IP','Chrome 9','Windows 10','0','登录成功','2021-05-06 14:14:14'),(315,'root','127.0.0.1','内网IP','Chrome 9','Windows 10','0','退出成功','2021-05-06 14:18:18'),(316,'root','127.0.0.1','内网IP','Chrome 9','Windows 10','0','登录成功','2021-05-06 14:18:29'),(317,'root','127.0.0.1','内网IP','Chrome 9','Windows 10','0','退出成功','2021-05-06 14:19:01'),(318,'admin','127.0.0.1','内网IP','Chrome 9','Windows 10','0','登录成功','2021-05-06 14:20:30'),(319,'admin','127.0.0.1','内网IP','Chrome 9','Windows 10','0','退出成功','2021-05-06 14:30:27'),(320,'17110100717','127.0.0.1','内网IP','Chrome 9','Windows 10','1','用户不存在/密码错误','2021-05-06 14:30:36'),(321,'admin','127.0.0.1','内网IP','Chrome 9','Windows 10','0','登录成功','2021-05-06 14:30:53'),(322,'admin','127.0.0.1','内网IP','Chrome 9','Windows 10','0','退出成功','2021-05-06 14:33:22'),(323,'17110100717','127.0.0.1','内网IP','Chrome 9','Windows 10','0','登录成功','2021-05-06 14:33:42'),(324,'17110100717','127.0.0.1','内网IP','Chrome 9','Windows 10','0','退出成功','2021-05-06 14:56:38'),(325,'root','127.0.0.1','内网IP','Chrome 9','Windows 10','0','登录成功','2021-05-06 14:56:47'),(326,'root','127.0.0.1','内网IP','Chrome 9','Windows 10','0','退出成功','2021-05-06 14:57:12'),(327,'admin','127.0.0.1','内网IP','Chrome 9','Windows 10','0','登录成功','2021-05-06 14:57:23'),(328,'admin','127.0.0.1','内网IP','Chrome 9','Windows 10','0','退出成功','2021-05-06 15:01:45'),(329,'17110100717','127.0.0.1','内网IP','Chrome 9','Windows 10','0','登录成功','2021-05-06 15:02:00'),(330,'17110100717','127.0.0.1','内网IP','Chrome 9','Windows 10','0','退出成功','2021-05-06 15:02:27'),(331,'17110100717','127.0.0.1','内网IP','Chrome 9','Windows 10','0','登录成功','2021-05-06 15:02:45'),(332,'17110100717','127.0.0.1','内网IP','Chrome 9','Windows 10','0','退出成功','2021-05-06 15:04:41'),(333,'root','127.0.0.1','内网IP','Chrome 9','Windows 10','0','登录成功','2021-05-06 15:05:03'),(334,'root','127.0.0.1','内网IP','Chrome 9','Windows 10','0','退出成功','2021-05-06 15:25:00'),(335,'admin','127.0.0.1','内网IP','Chrome 9','Windows 10','0','登录成功','2021-05-06 15:25:10'),(336,'admin','127.0.0.1','内网IP','Chrome 9','Windows 10','0','登录成功','2021-05-06 19:06:42'),(337,'admin','127.0.0.1','内网IP','Chrome 9','Windows 10','0','登录成功','2021-05-06 19:36:51'),(338,'admin','127.0.0.1','内网IP','Chrome 9','Windows 10','0','退出成功','2021-05-06 20:13:08'),(339,'17110100717','127.0.0.1','内网IP','Chrome 9','Windows 10','0','登录成功','2021-05-06 20:13:15'),(340,'17110100717','127.0.0.1','内网IP','Chrome 9','Windows 10','0','退出成功','2021-05-06 20:14:27'),(341,'admin','127.0.0.1','内网IP','Chrome 8','Windows 10','1','验证码错误','2021-05-06 20:14:30'),(342,'admin','127.0.0.1','内网IP','Chrome 8','Windows 10','0','登录成功','2021-05-06 20:14:33'),(343,'17110100717','127.0.0.1','内网IP','Chrome 9','Windows 10','0','登录成功','2021-05-06 20:14:38'),(344,'17110100717','127.0.0.1','内网IP','Chrome 8','Windows 10','0','登录成功','2021-05-06 20:20:26'),(345,'17110100717','127.0.0.1','内网IP','Chrome 8','Windows 10','0','退出成功','2021-05-06 20:20:40'),(346,'17110100717','127.0.0.1','内网IP','Chrome 8','Windows 10','0','登录成功','2021-05-06 20:20:55'),(347,'17110100717','127.0.0.1','内网IP','Chrome 8','Windows 10','0','退出成功','2021-05-06 20:21:06'),(348,'17110100717','127.0.0.1','内网IP','Chrome 9','Windows 10','0','退出成功','2021-05-06 20:33:40'),(349,'111','127.0.0.1','内网IP','Chrome 9','Windows 10','1','用户不存在/密码错误','2021-05-06 20:35:23'),(350,'111','127.0.0.1','内网IP','Chrome 9','Windows 10','1','验证码错误','2021-05-06 20:35:50'),(351,'111','127.0.0.1','内网IP','Chrome 9','Windows 10','1','用户不存在/密码错误','2021-05-06 20:35:59'),(352,'admin','127.0.0.1','内网IP','Chrome 9','Windows 10','1','验证码已失效','2021-05-06 20:41:41'),(353,'admin','127.0.0.1','内网IP','Chrome 9','Windows 10','0','登录成功','2021-05-06 20:41:45'),(354,'root','127.0.0.1','内网IP','Chrome 8','Windows 10','0','登录成功','2021-05-06 20:49:08'),(355,'admin','127.0.0.1','内网IP','Chrome 9','Windows 10','0','退出成功','2021-05-06 20:55:15'),(356,'admin','127.0.0.1','内网IP','Chrome 9','Windows 10','0','登录成功','2021-05-06 20:55:24'),(357,'admin','127.0.0.1','内网IP','Chrome 9','Windows 10','0','退出成功','2021-05-06 20:56:08'),(358,'root','127.0.0.1','内网IP','Chrome 9','Windows 10','0','登录成功','2021-05-06 20:56:16'),(359,'root','127.0.0.1','内网IP','Chrome 8','Windows 10','0','退出成功','2021-05-06 20:57:44'),(360,'admin','127.0.0.1','内网IP','Chrome 8','Windows 10','1','验证码错误','2021-05-06 20:57:58'),(361,'admin','127.0.0.1','内网IP','Chrome 8','Windows 10','1','用户不存在/密码错误','2021-05-06 20:58:03'),(362,'admin','127.0.0.1','内网IP','Chrome 8','Windows 10','1','用户不存在/密码错误','2021-05-06 20:58:16'),(363,'admin','127.0.0.1','内网IP','Chrome 8','Windows 10','1','用户不存在/密码错误','2021-05-06 20:58:41'),(364,'admin','127.0.0.1','内网IP','Chrome 8','Windows 10','1','用户不存在/密码错误','2021-05-06 20:59:16'),(365,'admin','127.0.0.1','内网IP','Chrome 8','Windows 10','1','验证码已失效','2021-05-06 21:01:46'),(366,'admin','127.0.0.1','内网IP','Chrome 8','Windows 10','1','用户不存在/密码错误','2021-05-06 21:01:51'),(367,'admin','127.0.0.1','内网IP','Chrome 8','Windows 10','1','用户不存在/密码错误','2021-05-06 21:02:14'),(368,'admin','127.0.0.1','内网IP','Chrome 8','Windows 10','1','用户不存在/密码错误','2021-05-06 21:03:41'),(369,'admin','127.0.0.1','内网IP','Chrome 8','Windows 10','1','验证码已失效','2021-05-06 21:05:42'),(370,'admin','127.0.0.1','内网IP','Chrome 8','Windows 10','0','登录成功','2021-05-06 21:05:47'),(371,'admin','127.0.0.1','内网IP','Chrome 9','Windows 10','0','登录成功','2021-05-06 21:15:02'),(372,'root','127.0.0.1','内网IP','Chrome 9','Windows 10','0','退出成功','2021-05-06 21:23:33'),(373,'admin','127.0.0.1','内网IP','Chrome 9','Windows 10','0','登录成功','2021-05-06 21:26:44'),(374,'admin','127.0.0.1','内网IP','Chrome 9','Windows 10','0','退出成功','2021-05-06 21:27:28'),(375,'bbb','127.0.0.1','内网IP','Chrome 9','Windows 10','0','登录成功','2021-05-06 21:27:55'),(376,'bbb','127.0.0.1','内网IP','Chrome 9','Windows 10','0','退出成功','2021-05-06 21:28:23'),(377,'admin','127.0.0.1','内网IP','Chrome 9','Windows 10','0','登录成功','2021-05-06 21:28:50'),(378,'admin','127.0.0.1','内网IP','Chrome 9','Windows 10','0','退出成功','2021-05-06 21:30:07'),(379,'zzz','127.0.0.1','内网IP','Chrome 9','Windows 10','0','登录成功','2021-05-06 21:30:23'),(380,'zzz','127.0.0.1','内网IP','Chrome 9','Windows 10','0','退出成功','2021-05-06 21:32:08'),(381,'admin','127.0.0.1','内网IP','Chrome 9','Windows 10','0','登录成功','2021-05-06 21:32:32'),(382,'admin','127.0.0.1','内网IP','Chrome 9','Windows 10','0','登录成功','2021-05-06 21:40:59'),(383,'admin','127.0.0.1','内网IP','Chrome 9','Windows 10','0','退出成功','2021-05-06 21:41:39'),(384,'zzz','127.0.0.1','内网IP','Chrome 9','Windows 10','0','登录成功','2021-05-06 21:42:00'),(385,'admin','127.0.0.1','内网IP','Chrome 9','Windows 10','0','登录成功','2021-05-06 21:46:03'),(386,'admin','127.0.0.1','内网IP','Chrome 9','Windows 10','0','退出成功','2021-05-06 21:48:01'),(387,'admin','127.0.0.1','内网IP','Chrome 8','Windows 10','0','登录成功','2021-05-06 21:50:52'),(388,'zzz','127.0.0.1','内网IP','Chrome 9','Windows 10','0','登录成功','2021-05-06 21:54:21'),(389,'zzz','127.0.0.1','内网IP','Chrome 9','Windows 10','0','退出成功','2021-05-06 21:56:33'),(390,'admin','127.0.0.1','内网IP','Chrome 9','Windows 10','0','登录成功','2021-05-06 21:56:47'),(391,'admin','127.0.0.1','内网IP','Chrome 9','Windows 10','0','退出成功','2021-05-06 21:57:03'),(392,'a1','127.0.0.1','内网IP','Chrome 9','Windows 10','0','登录成功','2021-05-06 21:57:13'),(393,'a1','127.0.0.1','内网IP','Chrome 9','Windows 10','0','退出成功','2021-05-06 21:57:30'),(394,'a1','127.0.0.1','内网IP','Chrome 9','Windows 10','0','登录成功','2021-05-06 21:57:49'),(395,'a1','127.0.0.1','内网IP','Chrome 9','Windows 10','0','退出成功','2021-05-06 22:04:36'),(396,'a1','127.0.0.1','内网IP','Chrome 9','Windows 10','0','登录成功','2021-05-06 22:05:03'),(397,'admin','127.0.0.1','内网IP','Chrome 9','Windows 10','0','登录成功','2021-05-06 22:22:33'),(398,'admin','127.0.0.1','内网IP','Chrome 9','Windows 10','0','退出成功','2021-05-06 22:23:15'),(399,'a1','127.0.0.1','内网IP','Chrome 9','Windows 10','0','登录成功','2021-05-06 22:23:28'),(400,'a1','127.0.0.1','内网IP','Chrome 9','Windows 10','0','退出成功','2021-05-06 22:25:24'),(401,'root','127.0.0.1','内网IP','Chrome 9','Windows 10','0','登录成功','2021-05-06 22:25:43'),(402,'root','127.0.0.1','内网IP','Chrome 9','Windows 10','0','退出成功','2021-05-06 22:27:49'),(403,'a1','127.0.0.1','内网IP','Chrome 9','Windows 10','0','登录成功','2021-05-06 22:27:52'),(404,'a1','127.0.0.1','内网IP','Chrome 9','Windows 10','0','退出成功','2021-05-06 22:31:07'),(405,'root','127.0.0.1','内网IP','Chrome 9','Windows 10','0','登录成功','2021-05-06 22:31:39'),(406,'root','127.0.0.1','内网IP','Chrome 9','Windows 10','0','退出成功','2021-05-06 22:34:25'),(407,'admin','127.0.0.1','内网IP','Chrome 9','Windows 10','0','登录成功','2021-05-06 22:34:41'),(408,'root','127.0.0.1','内网IP','Chrome 9','Windows 10','1','验证码已失效','2021-05-06 22:35:34'),(409,'root','127.0.0.1','内网IP','Chrome 9','Windows 10','0','登录成功','2021-05-06 22:35:38'),(410,'root','127.0.0.1','内网IP','Chrome 9','Windows 10','0','退出成功','2021-05-06 22:36:42'),(411,'17110100717','127.0.0.1','内网IP','Chrome 9','Windows 10','0','登录成功','2021-05-06 22:36:43'),(412,'17110100717','127.0.0.1','内网IP','Chrome 9','Windows 10','1','验证码错误','2021-05-06 22:36:56'),(413,'17110100717','127.0.0.1','内网IP','Chrome 9','Windows 10','0','登录成功','2021-05-06 22:37:00'),(414,'17110100717','127.0.0.1','内网IP','Chrome 9','Windows 10','0','退出成功','2021-05-06 22:37:04'),(415,'17110100717','127.0.0.1','内网IP','Chrome 9','Windows 10','0','登录成功','2021-05-06 22:37:09'),(416,'17110100717','127.0.0.1','内网IP','Chrome 9','Windows 10','0','退出成功','2021-05-06 22:37:17'),(417,'17110100717','127.0.0.1','内网IP','Chrome 9','Windows 10','0','登录成功','2021-05-06 22:37:55'),(418,'admin','127.0.0.1','内网IP','Chrome 9','Windows 10','0','退出成功','2021-05-06 22:39:23'),(419,'root','127.0.0.1','内网IP','Chrome 9','Windows 10','0','登录成功','2021-05-06 22:39:47'),(420,'admin','127.0.0.1','内网IP','Chrome 8','Windows 10','0','登录成功','2021-05-06 23:08:18'),(421,'root','127.0.0.1','内网IP','Chrome 9','Windows 10','0','退出成功','2021-05-06 23:17:11'),(422,'a1','127.0.0.1','内网IP','Chrome 9','Windows 10','1','验证码错误','2021-05-06 23:19:03'),(423,'a1','127.0.0.1','内网IP','Chrome 9','Windows 10','0','登录成功','2021-05-06 23:19:09'),(424,'a1','127.0.0.1','内网IP','Chrome 9','Windows 10','0','退出成功','2021-05-06 23:20:38'),(425,'admin','127.0.0.1','内网IP','Chrome 9','Windows 10','0','登录成功','2021-05-06 23:26:30'),(426,'admin','127.0.0.1','内网IP','Chrome 9','Windows 10','0','登录成功','2021-05-06 23:26:31'),(427,'admin','127.0.0.1','内网IP','Chrome 8','Windows 10','0','退出成功','2021-05-06 23:58:49'),(428,'root','127.0.0.1','内网IP','Chrome 8','Windows 10','0','登录成功','2021-05-06 23:58:56'),(429,'root','127.0.0.1','内网IP','Chrome 8','Windows 10','0','退出成功','2021-05-07 00:02:27'),(430,'admin','127.0.0.1','内网IP','Chrome 8','Windows 10','0','登录成功','2021-05-07 00:02:35'),(431,'admin','127.0.0.1','内网IP','Chrome 9','Windows 10','0','退出成功','2021-05-07 00:16:17'),(432,'root','127.0.0.1','内网IP','Chrome 9','Windows 10','0','登录成功','2021-05-07 00:16:30'),(433,'root','127.0.0.1','内网IP','Chrome 9','Windows 10','0','退出成功','2021-05-07 00:16:57'),(434,'a1','127.0.0.1','内网IP','Chrome 9','Windows 10','0','登录成功','2021-05-07 00:17:07'),(435,'a1','127.0.0.1','内网IP','Chrome 9','Windows 10','0','退出成功','2021-05-07 00:17:39'),(436,'a1','127.0.0.1','内网IP','Chrome 9','Windows 10','0','登录成功','2021-05-07 00:18:08'),(437,'a1','127.0.0.1','内网IP','Chrome 9','Windows 10','0','退出成功','2021-05-07 00:19:41'),(438,'root','127.0.0.1','内网IP','Chrome 9','Windows 10','0','登录成功','2021-05-07 00:20:06'),(439,'root','127.0.0.1','内网IP','Chrome 9','Windows 10','0','退出成功','2021-05-07 00:21:06'),(440,'admin','127.0.0.1','内网IP','Chrome 9','Windows 10','0','登录成功','2021-05-07 00:21:27'),(441,'admin','127.0.0.1','内网IP','Chrome 9','Windows 10','0','退出成功','2021-05-07 00:22:19'),(442,'root','127.0.0.1','内网IP','Chrome 9','Windows 10','0','登录成功','2021-05-07 00:23:07'),(443,'root','127.0.0.1','内网IP','Chrome 9','Windows 10','0','退出成功','2021-05-07 00:25:47'),(444,'admin','127.0.0.1','内网IP','Chrome 9','Windows 10','0','登录成功','2021-05-07 00:26:03'),(445,'admin','127.0.0.1','内网IP','Chrome 9','Windows 10','0','退出成功','2021-05-07 00:27:59'),(446,'a1','127.0.0.1','内网IP','Chrome 9','Windows 10','1','验证码错误','2021-05-07 00:29:32'),(447,'a1','127.0.0.1','内网IP','Chrome 9','Windows 10','0','登录成功','2021-05-07 00:29:37'),(448,'a1','127.0.0.1','内网IP','Chrome 9','Windows 10','0','登录成功','2021-05-07 10:00:55'),(449,'a1','127.0.0.1','内网IP','Chrome 9','Windows 10','0','登录成功','2021-05-07 10:01:20'),(450,'a1','127.0.0.1','内网IP','Chrome 9','Windows 10','0','退出成功','2021-05-07 10:02:10'),(451,'admin','127.0.0.1','内网IP','Chrome 9','Windows 10','0','登录成功','2021-05-07 10:02:25'),(452,'admin','127.0.0.1','内网IP','Chrome 9','Windows 10','0','退出成功','2021-05-07 10:03:15'),(453,'a1','127.0.0.1','内网IP','Chrome 9','Windows 10','0','登录成功','2021-05-07 10:03:27'),(454,'a1','127.0.0.1','内网IP','Chrome 9','Windows 10','0','退出成功','2021-05-07 10:06:44'),(455,'zzz','127.0.0.1','内网IP','Chrome 9','Windows 10','0','登录成功','2021-05-07 10:07:06'),(456,'zzz','127.0.0.1','内网IP','Chrome 9','Windows 10','0','退出成功','2021-05-07 10:11:28'),(457,'admin','127.0.0.1','内网IP','Chrome 9','Windows 10','1','验证码错误','2021-05-07 10:11:50'),(458,'admin','127.0.0.1','内网IP','Chrome 9','Windows 10','0','登录成功','2021-05-07 10:11:53'),(459,'a1','127.0.0.1','内网IP','Chrome 9','Windows 10','0','登录成功','2021-05-07 10:45:20'),(460,'admin','127.0.0.1','内网IP','Chrome 8','Windows 10','0','退出成功','2021-05-07 22:21:43'),(461,'admin','127.0.0.1','内网IP','Chrome 8','Windows 10','0','登录成功','2021-05-07 22:21:48'),(462,'admin','127.0.0.1','内网IP','Chrome 9','Windows 10','0','登录成功','2021-05-07 22:25:34'),(463,'admin','127.0.0.1','内网IP','Chrome 9','Windows 10','0','退出成功','2021-05-07 22:28:50'),(464,'zzz','127.0.0.1','内网IP','Chrome 9','Windows 10','1','验证码错误','2021-05-07 22:30:16'),(465,'zzz','127.0.0.1','内网IP','Chrome 9','Windows 10','0','登录成功','2021-05-07 22:30:19'),(466,'root','127.0.0.1','内网IP','Chrome 8','Windows 10','1','验证码错误','2021-05-07 22:40:14'),(467,'root','127.0.0.1','内网IP','Chrome 8','Windows 10','0','登录成功','2021-05-07 22:40:18'),(468,'zzz','127.0.0.1','内网IP','Chrome 9','Windows 10','0','退出成功','2021-05-07 22:41:45'),(469,'root','127.0.0.1','内网IP','Chrome 9','Windows 10','0','登录成功','2021-05-07 22:48:59'),(470,'root','127.0.0.1','内网IP','Chrome 9','Windows 10','0','退出成功','2021-05-07 22:49:27'),(471,'zzz','127.0.0.1','内网IP','Chrome 9','Windows 10','0','登录成功','2021-05-07 23:02:41'),(472,'zzz','127.0.0.1','内网IP','Chrome 9','Windows 10','0','退出成功','2021-05-07 23:04:24'),(473,'admin','127.0.0.1','内网IP','Chrome 9','Windows 10','1','验证码错误','2021-05-07 23:04:42'),(474,'admin','127.0.0.1','内网IP','Chrome 9','Windows 10','0','登录成功','2021-05-07 23:04:46'),(475,'admin','127.0.0.1','内网IP','Chrome 9','Windows 10','0','退出成功','2021-05-07 23:16:36'),(476,'a1','127.0.0.1','内网IP','Chrome 9','Windows 10','0','登录成功','2021-05-07 23:16:53'),(477,'admin','127.0.0.1','内网IP','Chrome 8','Windows 10','0','登录成功','2021-05-07 23:22:07'),(478,'a1','127.0.0.1','内网IP','Chrome 9','Windows 10','0','退出成功','2021-05-07 23:22:34'),(479,'root','127.0.0.1','内网IP','Chrome 9','Windows 10','0','登录成功','2021-05-07 23:23:00'),(480,'root','127.0.0.1','内网IP','Chrome 9','Windows 10','0','退出成功','2021-05-07 23:23:14'),(481,'admin','127.0.0.1','内网IP','Chrome 9','Windows 10','0','登录成功','2021-05-07 23:23:31'),(482,'admin','127.0.0.1','内网IP','Chrome 9','Windows 10','0','退出成功','2021-05-07 23:24:27'),(483,'root','127.0.0.1','内网IP','Chrome 9','Windows 10','0','登录成功','2021-05-07 23:24:52'),(484,'root','127.0.0.1','内网IP','Chrome 9','Windows 10','0','退出成功','2021-05-07 23:25:05'),(485,'a1','127.0.0.1','内网IP','Chrome 9','Windows 10','0','登录成功','2021-05-07 23:25:23'),(486,'a1','127.0.0.1','内网IP','Chrome 9','Windows 10','0','退出成功','2021-05-07 23:29:17'),(487,'zzz','127.0.0.1','内网IP','Chrome 9','Windows 10','0','登录成功','2021-05-07 23:29:44'),(488,'zzz','127.0.0.1','内网IP','Chrome 9','Windows 10','0','退出成功','2021-05-07 23:29:48'),(489,'zzz','127.0.0.1','内网IP','Chrome 9','Windows 10','0','登录成功','2021-05-07 23:30:18'),(490,'zzz','127.0.0.1','内网IP','Chrome 9','Windows 10','0','退出成功','2021-05-07 23:31:26'),(491,'admin','127.0.0.1','内网IP','Chrome 9','Windows 10','0','登录成功','2021-05-07 23:31:43'),(492,'admin','127.0.0.1','内网IP','Chrome 9','Windows 10','0','退出成功','2021-05-07 23:32:07'),(493,'a1','127.0.0.1','内网IP','Chrome 9','Windows 10','0','登录成功','2021-05-07 23:32:22'),(494,'a1','127.0.0.1','内网IP','Chrome 9','Windows 10','0','退出成功','2021-05-07 23:37:41'),(495,'zzz','127.0.0.1','内网IP','Chrome 9','Windows 10','0','登录成功','2021-05-07 23:38:00'),(496,'zzz','127.0.0.1','内网IP','Chrome 9','Windows 10','0','退出成功','2021-05-07 23:38:40'),(497,'admin','127.0.0.1','内网IP','Chrome 9','Windows 10','0','登录成功','2021-05-07 23:38:52'),(498,'admin','127.0.0.1','内网IP','Chrome 9','Windows 10','0','退出成功','2021-05-07 23:41:00'),(499,'a1','127.0.0.1','内网IP','Chrome 9','Windows 10','1','验证码错误','2021-05-07 23:41:13'),(500,'a1','127.0.0.1','内网IP','Chrome 9','Windows 10','0','登录成功','2021-05-07 23:41:18'),(501,'a1','127.0.0.1','内网IP','Chrome 9','Windows 10','0','退出成功','2021-05-07 23:46:21'),(502,'a1','127.0.0.1','内网IP','Chrome 9','Windows 10','0','登录成功','2021-05-07 23:47:27'),(503,'a1','127.0.0.1','内网IP','Chrome 9','Windows 10','0','退出成功','2021-05-07 23:50:57'),(504,'admin','127.0.0.1','内网IP','Chrome 9','Windows 10','0','登录成功','2021-05-07 23:51:14'),(505,'admin','127.0.0.1','内网IP','Chrome 9','Windows 10','0','退出成功','2021-05-07 23:52:23'),(506,'a1','127.0.0.1','内网IP','Chrome 9','Windows 10','1','验证码错误','2021-05-07 23:52:59'),(507,'a1','127.0.0.1','内网IP','Chrome 9','Windows 10','0','登录成功','2021-05-07 23:53:04'),(508,'a1','127.0.0.1','内网IP','Chrome 9','Windows 10','0','退出成功','2021-05-07 23:53:15'),(509,'zzz','127.0.0.1','内网IP','Chrome 9','Windows 10','0','登录成功','2021-05-07 23:53:38'),(510,'zzz','127.0.0.1','内网IP','Chrome 9','Windows 10','0','退出成功','2021-05-07 23:55:08'),(511,'a1','127.0.0.1','内网IP','Chrome 9','Windows 10','0','登录成功','2021-05-07 23:55:19'),(512,'a1','127.0.0.1','内网IP','Chrome 9','Windows 10','0','退出成功','2021-05-07 23:56:12'),(513,'zzz','127.0.0.1','内网IP','Chrome 9','Windows 10','1','验证码错误','2021-05-07 23:56:35'),(514,'zzz','127.0.0.1','内网IP','Chrome 9','Windows 10','0','登录成功','2021-05-07 23:56:40'),(515,'a1','127.0.0.1','内网IP','Chrome 8','Windows 10','0','登录成功','2021-05-08 00:07:05'),(516,'admin','127.0.0.1','内网IP','Chrome 8','Windows 10','0','登录成功','2021-05-08 00:10:05'),(517,'zzz','127.0.0.1','内网IP','Chrome 9','Windows 10','0','退出成功','2021-05-08 00:10:54'),(518,'a1','127.0.0.1','内网IP','Chrome 9','Windows 10','0','登录成功','2021-05-08 00:10:55'),(519,'admin','127.0.0.1','内网IP','Chrome 8','Windows 10','0','退出成功','2021-05-08 00:21:30'),(520,'zzz','127.0.0.1','内网IP','Chrome 8','Windows 10','0','登录成功','2021-05-08 00:21:41'),(521,'zzz','127.0.0.1','内网IP','Chrome 8','Windows 10','0','退出成功','2021-05-08 00:26:38'),(522,'root','127.0.0.1','内网IP','Chrome 8','Windows 10','0','登录成功','2021-05-08 00:26:47'),(523,'a1','127.0.0.1','内网IP','Chrome 9','Windows 10','0','登录成功','2021-05-08 10:05:59'),(524,'a1','127.0.0.1','内网IP','Chrome 9','Windows 10','0','退出成功','2021-05-08 10:07:05'),(525,'zzz','127.0.0.1','内网IP','Chrome 9','Windows 10','0','登录成功','2021-05-08 10:07:24'),(526,'zzz','127.0.0.1','内网IP','Chrome 9','Windows 10','0','退出成功','2021-05-08 10:08:56'),(527,'admin','127.0.0.1','内网IP','Chrome 9','Windows 10','0','登录成功','2021-05-08 10:09:09'),(528,'admin','127.0.0.1','内网IP','Chrome 9','Windows 10','0','退出成功','2021-05-08 10:22:08'),(529,'a1','127.0.0.1','内网IP','Chrome 9','Windows 10','0','登录成功','2021-05-08 10:22:24'),(530,'a1','127.0.0.1','内网IP','Chrome 9','Windows 10','0','退出成功','2021-05-08 10:23:07'),(531,'admin','127.0.0.1','内网IP','Chrome 9','Windows 10','0','登录成功','2021-05-08 10:24:55'),(532,'admin','127.0.0.1','内网IP','Chrome 9','Windows 10','0','退出成功','2021-05-08 10:26:38'),(533,'a1','127.0.0.1','内网IP','Chrome 9','Windows 10','0','登录成功','2021-05-08 10:26:46'),(534,'admin','127.0.0.1','内网IP','Chrome 9','Windows 10','0','登录成功','2021-05-08 15:12:10'),(535,'admin','127.0.0.1','内网IP','Chrome 9','Windows 10','0','退出成功','2021-05-08 15:14:30'),(536,'a1','127.0.0.1','内网IP','Chrome 9','Windows 10','0','登录成功','2021-05-08 15:14:43'),(537,'a1','127.0.0.1','内网IP','Chrome 9','Windows 10','0','退出成功','2021-05-08 15:16:20'),(538,'admin','127.0.0.1','内网IP','Chrome 9','Windows 10','0','登录成功','2021-05-08 15:16:27'),(539,'zzz','127.0.0.1','内网IP','Chrome 9','Windows 10','0','登录成功','2021-05-08 19:27:42'),(540,'zzz','127.0.0.1','内网IP','Chrome 9','Windows 10','0','退出成功','2021-05-08 19:29:25'),(541,'admin','127.0.0.1','内网IP','Chrome 9','Windows 10','0','登录成功','2021-05-08 19:29:41'),(542,'admin','127.0.0.1','内网IP','Chrome 9','Windows 10','0','退出成功','2021-05-08 19:30:01'),(543,'zzz','127.0.0.1','内网IP','Chrome 9','Windows 10','0','登录成功','2021-05-08 19:30:31'),(544,'zzz','127.0.0.1','内网IP','Chrome 9','Windows 10','0','退出成功','2021-05-08 19:52:50'),(545,'admin','127.0.0.1','内网IP','Chrome 9','Windows 10','0','登录成功','2021-05-08 19:53:00'),(546,'admin','127.0.0.1','内网IP','Chrome 9','Windows 10','0','退出成功','2021-05-08 19:54:06'),(547,'zzz','127.0.0.1','内网IP','Chrome 9','Windows 10','0','登录成功','2021-05-08 19:54:33'),(548,'zzz','127.0.0.1','内网IP','Chrome 9','Windows 10','0','登录成功','2021-05-08 19:54:33'),(549,'zzz','127.0.0.1','内网IP','Chrome 9','Windows 10','0','退出成功','2021-05-08 19:55:45'),(550,'admin','127.0.0.1','内网IP','Chrome 8','Windows 10','0','退出成功','2021-05-08 23:24:28'),(551,'root','127.0.0.1','内网IP','Chrome 8','Windows 10','0','登录成功','2021-05-08 23:24:37'),(552,'admin','127.0.0.1','内网IP','Chrome 8','Windows 10','0','登录成功','2021-05-08 23:25:25'),(553,'root','127.0.0.1','内网IP','Chrome 8','Windows 10','0','退出成功','2021-05-08 23:26:00'),(554,'root','127.0.0.1','内网IP','Chrome 8','Windows 10','0','登录成功','2021-05-08 23:26:08'),(555,'admin','127.0.0.1','内网IP','Chrome 8','Windows 10','0','登录成功','2021-05-08 23:47:16'),(556,'root','127.0.0.1','内网IP','Chrome 8','Windows 10','0','退出成功','2021-05-08 23:48:29'),(557,'root','127.0.0.1','内网IP','Chrome 8','Windows 10','0','登录成功','2021-05-08 23:48:35'),(558,'zzz','127.0.0.1','内网IP','Chrome 9','Windows 10','0','登录成功','2021-05-09 10:17:40'),(559,'zzz','127.0.0.1','内网IP','Chrome 9','Windows 10','0','退出成功','2021-05-09 10:21:23'),(560,'a1','127.0.0.1','内网IP','Chrome 9','Windows 10','1','验证码错误','2021-05-09 10:21:36'),(561,'a1','127.0.0.1','内网IP','Chrome 9','Windows 10','0','登录成功','2021-05-09 10:21:39'),(562,'a1','127.0.0.1','内网IP','Chrome 9','Windows 10','0','退出成功','2021-05-09 10:22:08'),(563,'admin','127.0.0.1','内网IP','Chrome 9','Windows 10','0','登录成功','2021-05-09 10:22:32'),(564,'admin','127.0.0.1','内网IP','Chrome 9','Windows 10','0','退出成功','2021-05-09 10:27:43'),(565,'a1','127.0.0.1','内网IP','Chrome 9','Windows 10','0','登录成功','2021-05-09 12:25:19'),(566,'a1','127.0.0.1','内网IP','Chrome 9','Windows 10','0','退出成功','2021-05-09 12:25:46'),(567,'zzz','127.0.0.1','内网IP','Chrome 9','Windows 10','0','登录成功','2021-05-09 12:26:07'),(568,'zzz','127.0.0.1','内网IP','Chrome 9','Windows 10','0','退出成功','2021-05-09 12:27:07'),(569,'a1','127.0.0.1','内网IP','Chrome 9','Windows 10','0','登录成功','2021-05-09 12:27:19'),(570,'a1','127.0.0.1','内网IP','Chrome 9','Windows 10','0','退出成功','2021-05-09 12:28:47'),(571,'zzz','127.0.0.1','内网IP','Chrome 9','Windows 10','0','登录成功','2021-05-09 12:29:14'),(572,'root','127.0.0.1','内网IP','Chrome 8','Windows 10','0','登录成功','2021-05-09 12:48:12'),(573,'admin','127.0.0.1','内网IP','Chrome 8','Windows 10','0','登录成功','2021-05-09 12:48:37'),(574,'root','127.0.0.1','内网IP','Chrome 8','Windows 10','0','退出成功','2021-05-09 12:56:54'),(575,'a1','127.0.0.1','内网IP','Chrome 8','Windows 10','1','用户不存在/密码错误','2021-05-09 12:57:19'),(576,'a1','127.0.0.1','内网IP','Chrome 8','Windows 10','0','登录成功','2021-05-09 12:57:26'),(577,'admin','127.0.0.1','内网IP','Chrome 8','Windows 10','0','退出成功','2021-05-09 13:12:22'),(578,'admin','127.0.0.1','内网IP','Chrome 8','Windows 10','0','登录成功','2021-05-09 13:12:27'),(579,'admin','127.0.0.1','内网IP','Chrome 8','Windows 10','0','退出成功','2021-05-09 13:13:44'),(580,'root','127.0.0.1','内网IP','Chrome 8','Windows 10','0','登录成功','2021-05-09 13:13:49'),(581,'a1','127.0.0.1','内网IP','Chrome 8','Windows 10','0','退出成功','2021-05-09 13:14:27'),(582,'admin','127.0.0.1','内网IP','Chrome 8','Windows 10','0','登录成功','2021-05-09 13:14:32'),(583,'root','127.0.0.1','内网IP','Chrome 8','Windows 10','0','退出成功','2021-05-09 13:15:24'),(584,'root','127.0.0.1','内网IP','Chrome 8','Windows 10','1','验证码错误','2021-05-09 13:15:29'),(585,'root','127.0.0.1','内网IP','Chrome 8','Windows 10','1','验证码错误','2021-05-09 13:15:35'),(586,'root','127.0.0.1','内网IP','Chrome 8','Windows 10','0','登录成功','2021-05-09 13:15:39'),(587,'zzz','127.0.0.1','内网IP','Chrome 9','Windows 10','0','登录成功','2021-05-09 14:54:42'),(588,'zzz','127.0.0.1','内网IP','Chrome 9','Windows 10','0','退出成功','2021-05-09 14:55:16'),(589,'a1','127.0.0.1','内网IP','Chrome 9','Windows 10','0','登录成功','2021-05-09 14:55:27'),(590,'a1','127.0.0.1','内网IP','Chrome 9','Windows 10','0','退出成功','2021-05-09 14:57:16'),(591,'zzz','127.0.0.1','内网IP','Chrome 9','Windows 10','0','登录成功','2021-05-09 14:57:37'),(592,'zzz','127.0.0.1','内网IP','Chrome 9','Windows 10','0','退出成功','2021-05-09 14:58:26'),(593,'admin','127.0.0.1','内网IP','Chrome 9','Windows 10','1','验证码错误','2021-05-09 14:58:43'),(594,'admin','127.0.0.1','内网IP','Chrome 9','Windows 10','0','登录成功','2021-05-09 14:58:47'),(595,'admin','127.0.0.1','内网IP','Chrome 9','Windows 10','0','退出成功','2021-05-09 14:59:58'),(596,'admin','127.0.0.1','内网IP','Chrome 9','Windows 10','0','登录成功','2021-05-09 15:07:52'),(597,'admin','127.0.0.1','内网IP','Chrome 9','Windows 10','0','退出成功','2021-05-09 15:10:23'),(598,'zzz','127.0.0.1','内网IP','Chrome 9','Windows 10','0','登录成功','2021-05-09 15:10:46'),(599,'zzz','127.0.0.1','内网IP','Chrome 9','Windows 10','0','退出成功','2021-05-09 15:12:50'),(600,'admin','127.0.0.1','内网IP','Chrome 9','Windows 10','0','登录成功','2021-05-09 15:13:06'),(601,'admin','127.0.0.1','内网IP','Chrome 9','Windows 10','0','退出成功','2021-05-09 15:14:20'),(602,'zz','127.0.0.1','内网IP','Chrome 9','Windows 10','1','用户不存在/密码错误','2021-05-09 15:14:44'),(603,'zz','127.0.0.1','内网IP','Chrome 9','Windows 10','1','用户不存在/密码错误','2021-05-09 15:14:50'),(604,'zzz','127.0.0.1','内网IP','Chrome 9','Windows 10','0','登录成功','2021-05-09 15:14:59'),(605,'admin','127.0.0.1','内网IP','Chrome 9','Windows 10','0','登录成功','2021-05-09 15:35:59'),(606,'admin','127.0.0.1','内网IP','Chrome 9','Windows 10','0','退出成功','2021-05-09 15:38:00'),(607,'zzz','127.0.0.1','内网IP','Chrome 9','Windows 10','0','登录成功','2021-05-09 15:38:21'),(608,'zzz','127.0.0.1','内网IP','Chrome 9','Windows 10','0','退出成功','2021-05-09 15:39:47'),(609,'admin','127.0.0.1','内网IP','Chrome 9','Windows 10','0','登录成功','2021-05-09 15:40:01'),(610,'admin','127.0.0.1','内网IP','Chrome 9','Windows 10','0','退出成功','2021-05-09 15:40:41'),(611,'zzz','127.0.0.1','内网IP','Chrome 9','Windows 10','0','登录成功','2021-05-09 15:41:03'),(612,'zzz','127.0.0.1','内网IP','Chrome 9','Windows 10','0','退出成功','2021-05-09 15:41:39'),(613,'a1','127.0.0.1','内网IP','Chrome 9','Windows 10','0','登录成功','2021-05-09 15:41:50'),(614,'a1','127.0.0.1','内网IP','Chrome 9','Windows 10','1','验证码已失效','2021-05-09 15:41:50'),(615,'a1','127.0.0.1','内网IP','Chrome 9','Windows 10','0','退出成功','2021-05-09 15:42:42'),(616,'admin','127.0.0.1','内网IP','Chrome 9','Windows 10','0','登录成功','2021-05-09 15:42:57'),(617,'admin','127.0.0.1','内网IP','Chrome 9','Windows 10','0','退出成功','2021-05-09 15:43:05'),(618,'zzz','127.0.0.1','内网IP','Chrome 9','Windows 10','0','登录成功','2021-05-09 15:43:25'),(619,'zzz','127.0.0.1','内网IP','Chrome 9','Windows 10','0','退出成功','2021-05-09 15:43:42'),(620,'root','127.0.0.1','内网IP','Chrome 9','Windows 10','1','验证码已失效','2021-05-10 11:26:03'),(621,'17110100717','127.0.0.1','内网IP','Chrome 9','Windows 10','1','验证码已失效','2021-05-10 12:05:46'),(622,'17110100717','127.0.0.1','内网IP','Chrome 9','Windows 10','0','登录成功','2021-05-10 12:05:49'),(623,'17110100717','127.0.0.1','内网IP','Chrome 9','Windows 10','0','退出成功','2021-05-10 12:05:55'),(624,'17110100717','127.0.0.1','内网IP','Chrome 9','Windows 10','0','登录成功','2021-05-10 12:05:58'),(625,'17110100717','127.0.0.1','内网IP','Chrome 9','Windows 10','0','退出成功','2021-05-10 12:06:11'),(626,'17110100717','127.0.0.1','内网IP','Chrome 9','Windows 10','0','登录成功','2021-05-10 12:06:18'),(627,'admin','127.0.0.1','内网IP','Chrome 9','Windows 10','1','用户不存在/密码错误','2021-05-10 12:53:54'),(628,'admin','127.0.0.1','内网IP','Chrome 9','Windows 10','0','登录成功','2021-05-10 12:54:00'),(629,'admin','127.0.0.1','内网IP','Chrome 9','Windows 10','0','退出成功','2021-05-10 12:55:47'),(630,'17110100717','127.0.0.1','内网IP','Chrome 9','Windows 10','0','登录成功','2021-05-10 12:56:53'),(631,'admin','127.0.0.1','内网IP','Chrome 9','Windows 10','0','登录成功','2021-05-10 19:23:57'),(632,'admin','127.0.0.1','内网IP','Chrome 9','Windows 10','0','退出成功','2021-05-10 19:26:17'),(633,'a2','127.0.0.1','内网IP','Chrome 9','Windows 10','0','登录成功','2021-05-10 19:26:29'),(634,'a2','127.0.0.1','内网IP','Chrome 9','Windows 10','0','退出成功','2021-05-10 19:27:29'),(635,'zzz','127.0.0.1','内网IP','Chrome 9','Windows 10','0','登录成功','2021-05-10 19:27:50'),(636,'root','127.0.0.1','内网IP','Chrome 9','Windows 10','1','验证码已失效','2021-05-10 22:53:47'),(637,'root','127.0.0.1','内网IP','Chrome 9','Windows 10','0','登录成功','2021-05-10 22:53:49'),(638,'root','127.0.0.1','内网IP','Chrome 9','Windows 10','0','退出成功','2021-05-10 22:54:15'),(639,'admin','127.0.0.1','内网IP','Chrome 8','Windows 10','1','验证码错误','2021-05-10 23:48:28'),(640,'admin','127.0.0.1','内网IP','Chrome 8','Windows 10','0','登录成功','2021-05-10 23:48:34'),(641,'admin','127.0.0.1','内网IP','Chrome 8','Windows 10','0','退出成功','2021-05-10 23:49:45'),(642,'a1','127.0.0.1','内网IP','Chrome 8','Windows 10','0','登录成功','2021-05-10 23:49:57'),(643,'root','127.0.0.1','内网IP','Chrome 8','Windows 10','0','登录成功','2021-05-10 23:50:29'),(644,'admin','127.0.0.1','内网IP','Chrome 9','Windows 10','0','登录成功','2021-05-11 12:37:19'),(645,'admin','127.0.0.1','内网IP','Chrome 9','Windows 10','0','退出成功','2021-05-11 12:38:06'),(646,'zzz','127.0.0.1','内网IP','Chrome 9','Windows 10','1','验证码错误','2021-05-11 12:38:27'),(647,'zzz','127.0.0.1','内网IP','Chrome 9','Windows 10','0','登录成功','2021-05-11 12:38:32'),(648,'zzz','127.0.0.1','内网IP','Chrome 9','Windows 10','0','退出成功','2021-05-11 12:38:59'),(649,'a1','127.0.0.1','内网IP','Chrome 9','Windows 10','0','登录成功','2021-05-11 12:39:13'),(650,'a1','127.0.0.1','内网IP','Chrome 9','Windows 10','0','退出成功','2021-05-11 12:39:56'),(651,'zzz','127.0.0.1','内网IP','Chrome 9','Windows 10','0','登录成功','2021-05-11 12:40:18'),(652,'zzz','127.0.0.1','内网IP','Chrome 9','Windows 10','0','退出成功','2021-05-11 12:41:17'),(653,'admin','127.0.0.1','内网IP','Chrome 9','Windows 10','0','登录成功','2021-05-11 12:41:42'),(654,'admin','127.0.0.1','内网IP','Chrome 9','Windows 10','0','退出成功','2021-05-11 12:44:34'),(655,'admin','127.0.0.1','内网IP','Chrome 9','Windows 10','0','登录成功','2021-05-16 15:35:48'),(656,'admin','127.0.0.1','内网IP','Chrome 9','Windows 10','0','退出成功','2021-05-16 15:37:47'),(657,'qqq','127.0.0.1','内网IP','Chrome 9','Windows 10','0','登录成功','2021-05-16 15:41:01'),(658,'qqq','127.0.0.1','内网IP','Chrome 9','Windows 10','0','退出成功','2021-05-16 15:41:55'),(659,'admin','127.0.0.1','内网IP','Chrome 9','Windows 10','0','登录成功','2021-05-16 15:42:12'),(660,'admin','127.0.0.1','内网IP','Chrome 9','Windows 10','0','退出成功','2021-05-16 15:42:37'),(661,'qqq','127.0.0.1','内网IP','Chrome 9','Windows 10','0','登录成功','2021-05-16 15:42:57'),(662,'qqq','127.0.0.1','内网IP','Chrome 9','Windows 10','0','退出成功','2021-05-16 15:43:46'),(663,'admin','127.0.0.1','内网IP','Chrome 9','Windows 10','0','登录成功','2021-05-16 15:43:58'),(664,'admin','127.0.0.1','内网IP','Chrome 9','Windows 10','0','退出成功','2021-05-16 15:44:19'),(665,'a1','127.0.0.1','内网IP','Chrome 9','Windows 10','0','登录成功','2021-05-16 15:45:05'),(666,'a1','127.0.0.1','内网IP','Chrome 9','Windows 10','0','登录成功','2021-05-16 15:45:05'),(667,'a1','127.0.0.1','内网IP','Chrome 9','Windows 10','0','退出成功','2021-05-16 15:45:34'),(668,'admin','127.0.0.1','内网IP','Chrome 9','Windows 10','0','登录成功','2021-05-16 15:45:47'),(669,'admin','127.0.0.1','内网IP','Chrome 9','Windows 10','0','退出成功','2021-05-16 15:46:12'),(670,'a1','127.0.0.1','内网IP','Chrome 9','Windows 10','0','登录成功','2021-05-16 15:46:26'),(671,'a1','127.0.0.1','内网IP','Chrome 9','Windows 10','0','退出成功','2021-05-16 15:46:42'),(672,'admin','127.0.0.1','内网IP','Chrome 9','Windows 10','0','登录成功','2021-05-16 15:46:57'),(673,'admin','127.0.0.1','内网IP','Chrome 9','Windows 10','0','退出成功','2021-05-16 15:47:02'),(674,'qqq','127.0.0.1','内网IP','Chrome 9','Windows 10','0','登录成功','2021-05-16 15:47:22'),(675,'qqq','127.0.0.1','内网IP','Chrome 9','Windows 10','0','退出成功','2021-05-16 15:49:10'),(676,'admin','127.0.0.1','内网IP','Chrome 9','Windows 10','0','登录成功','2021-05-16 15:49:27'),(677,'admin','127.0.0.1','内网IP','Chrome 9','Windows 10','0','退出成功','2021-05-16 15:50:50'),(678,'a1','127.0.0.1','内网IP','Chrome 9','Windows 10','0','登录成功','2021-05-16 15:51:10'),(679,'a1','127.0.0.1','内网IP','Chrome 9','Windows 10','0','退出成功','2021-05-16 15:52:02'),(680,'qqq','127.0.0.1','内网IP','Chrome 9','Windows 10','0','登录成功','2021-05-16 15:52:25'),(681,'qqq','127.0.0.1','内网IP','Chrome 9','Windows 10','0','退出成功','2021-05-16 15:53:24'),(682,'admin','127.0.0.1','内网IP','Chrome 9','Windows 10','0','登录成功','2021-05-16 15:53:43'),(683,'admin','127.0.0.1','内网IP','Chrome 9','Windows 10','0','退出成功','2021-05-16 15:55:39'),(684,'a3','127.0.0.1','内网IP','Chrome 9','Windows 10','0','登录成功','2021-05-16 15:55:57'),(685,'a3','127.0.0.1','内网IP','Chrome 9','Windows 10','0','退出成功','2021-05-16 15:56:52'),(686,'admin','127.0.0.1','内网IP','Chrome 9','Windows 10','0','登录成功','2021-05-16 15:57:08'),(687,'admin','127.0.0.1','内网IP','Chrome 9','Windows 10','0','退出成功','2021-05-16 16:08:59'),(688,'root','127.0.0.1','内网IP','Chrome 9','Windows 10','0','登录成功','2021-05-17 21:20:53'),(689,'root','127.0.0.1','内网IP','Chrome 9','Windows 10','0','退出成功','2021-05-17 21:23:35'),(690,'admin','127.0.0.1','内网IP','Chrome 9','Windows 10','0','登录成功','2021-05-17 21:23:47'),(691,'admin','127.0.0.1','内网IP','Chrome 8','Windows 10','0','登录成功','2021-05-17 22:10:18'),(692,'admin','127.0.0.1','内网IP','Chrome 8','Windows 10','0','退出成功','2021-05-17 22:24:57'),(693,'admin','127.0.0.1','内网IP','Chrome 8','Windows 10','0','登录成功','2021-05-17 22:25:16'),(694,'qy1','127.0.0.1','内网IP','Chrome 9','Windows 10','0','登录成功','2021-05-18 16:07:16'),(695,'qy1','127.0.0.1','内网IP','Chrome 9','Windows 10','0','退出成功','2021-05-18 16:08:05'),(696,'root','127.0.0.1','内网IP','Chrome 9','Windows 10','0','登录成功','2021-05-18 16:08:14'),(697,'root','127.0.0.1','内网IP','Chrome 9','Windows 10','0','退出成功','2021-05-18 16:08:30'),(698,'admin','127.0.0.1','内网IP','Chrome 9','Windows 10','0','登录成功','2021-05-18 16:08:38'),(699,'admin','127.0.0.1','内网IP','Chrome 9','Windows 10','0','退出成功','2021-05-18 16:09:49'),(700,'qy1','127.0.0.1','内网IP','Chrome 9','Windows 10','0','登录成功','2021-05-18 16:10:04'),(701,'17110100717','127.0.0.1','内网IP','Chrome 9','Windows 10','0','登录成功','2021-05-18 17:01:07'),(702,'17110100717','127.0.0.1','内网IP','Chrome 9','Windows 10','0','退出成功','2021-05-18 17:11:58'),(703,'admin','127.0.0.1','内网IP','Chrome 9','Windows 10','0','登录成功','2021-05-18 17:12:08'),(704,'admin','127.0.0.1','内网IP','Chrome 9','Windows 10','0','退出成功','2021-05-18 17:19:13'),(705,'17110100717','127.0.0.1','内网IP','Chrome 9','Windows 10','0','登录成功','2021-05-18 17:19:25'),(706,'17110100717','127.0.0.1','内网IP','Chrome 9','Windows 10','0','退出成功','2021-05-18 17:41:18'),(707,'qy1','127.0.0.1','内网IP','Chrome 9','Windows 10','0','登录成功','2021-05-18 17:41:34'),(708,'qy1','127.0.0.1','内网IP','Chrome 9','Windows 10','0','退出成功','2021-05-18 17:42:52'),(709,'admin','127.0.0.1','内网IP','Chrome 9','Windows 10','0','登录成功','2021-05-18 17:43:03'),(710,'admin','127.0.0.1','内网IP','Chrome 9','Windows 10','0','退出成功','2021-05-18 18:06:47'),(711,'17110100717','127.0.0.1','内网IP','Chrome 9','Windows 10','0','登录成功','2021-05-18 18:06:55'),(712,'17110100717','127.0.0.1','内网IP','Chrome 9','Windows 10','0','退出成功','2021-05-18 18:06:58'),(713,'17110100717','127.0.0.1','内网IP','Chrome 9','Windows 10','0','登录成功','2021-05-18 18:07:04'),(714,'17110100717','127.0.0.1','内网IP','Chrome 9','Windows 10','0','退出成功','2021-05-18 18:07:31'),(715,'qy1','127.0.0.1','内网IP','Chrome 9','Windows 10','0','登录成功','2021-05-18 18:07:38'),(716,'qy1','127.0.0.1','内网IP','Chrome 9','Windows 10','0','退出成功','2021-05-18 18:08:10'),(717,'17110100717','127.0.0.1','内网IP','Chrome 9','Windows 10','0','登录成功','2021-05-18 18:08:22'),(718,'17110100717','127.0.0.1','内网IP','Chrome 9','Windows 10','0','退出成功','2021-05-18 18:11:45'),(719,'admin','127.0.0.1','内网IP','Chrome 9','Windows 10','0','登录成功','2021-05-18 18:11:56'),(720,'admin','127.0.0.1','内网IP','Chrome 9','Windows 10','0','退出成功','2021-05-18 18:14:20'),(721,'admin','127.0.0.1','内网IP','Chrome 9','Windows 10','1','验证码错误','2021-05-18 18:14:30'),(722,'admin','127.0.0.1','内网IP','Chrome 9','Windows 10','1','验证码错误','2021-05-18 18:14:35'),(723,'17110100717','127.0.0.1','内网IP','Chrome 9','Windows 10','0','登录成功','2021-05-18 18:14:43'),(724,'17110100717','127.0.0.1','内网IP','Chrome 9','Windows 10','0','退出成功','2021-05-18 18:20:40'),(725,'admin','127.0.0.1','内网IP','Chrome 9','Windows 10','0','登录成功','2021-05-18 18:20:53'),(726,'admin','127.0.0.1','内网IP','Chrome 9','Windows 10','1','验证码错误','2021-05-18 21:00:04'),(727,'admin','127.0.0.1','内网IP','Chrome 9','Windows 10','0','登录成功','2021-05-18 21:00:04'),(728,'admin','127.0.0.1','内网IP','Chrome 9','Windows 10','0','登录成功','2021-05-18 21:00:05'),(729,'admin','127.0.0.1','内网IP','Chrome 9','Windows 10','0','登录成功','2021-05-18 21:00:45'),(730,'admin','127.0.0.1','内网IP','Chrome 9','Windows 10','0','退出成功','2021-05-18 21:01:19'),(731,'zzz','127.0.0.1','内网IP','Chrome 9','Windows 10','1','验证码错误','2021-05-18 21:02:24'),(732,'zzz','127.0.0.1','内网IP','Chrome 9','Windows 10','0','登录成功','2021-05-18 21:02:24'),(733,'zzz','127.0.0.1','内网IP','Chrome 9','Windows 10','0','退出成功','2021-05-18 21:02:47'),(734,'admin','127.0.0.1','内网IP','Chrome 9','Windows 10','0','登录成功','2021-05-18 21:03:01'),(735,'admin','127.0.0.1','内网IP','Chrome 8','Windows 10','0','登录成功','2021-05-18 21:45:50'),(736,'admin','127.0.0.1','内网IP','Chrome 8','Windows 10','0','退出成功','2021-05-18 21:46:08'),(737,'admin','127.0.0.1','内网IP','Chrome 8','Windows 10','0','登录成功','2021-05-18 22:42:36'),(738,'admin','127.0.0.1','内网IP','Chrome 8','Windows 10','0','退出成功','2021-05-18 22:42:45'),(739,'admin','127.0.0.1','内网IP','Chrome 8','Windows 10','1','验证码已失效','2021-05-18 22:47:00'),(740,'admin','127.0.0.1','内网IP','Chrome 8','Windows 10','0','登录成功','2021-05-18 22:47:02'),(741,'admin','127.0.0.1','内网IP','Chrome 8','Windows 10','0','退出成功','2021-05-18 22:47:09'),(742,'admin','127.0.0.1','内网IP','Chrome 8','Windows 10','0','登录成功','2021-05-18 22:47:35'),(743,'admin','127.0.0.1','内网IP','Chrome 8','Windows 10','0','退出成功','2021-05-18 22:47:42'),(744,'admin','127.0.0.1','内网IP','Chrome 9','Windows 10','0','登录成功','2021-05-18 23:34:45'),(745,'admin','127.0.0.1','内网IP','Chrome 9','Windows 10','0','退出成功','2021-05-18 23:34:57'),(746,'zzz','127.0.0.1','内网IP','Chrome 9','Windows 10','0','登录成功','2021-05-18 23:35:10'),(747,'zzz','127.0.0.1','内网IP','Chrome 9','Windows 10','0','退出成功','2021-05-18 23:37:43'),(748,'admin','127.0.0.1','内网IP','Chrome 9','Windows 10','0','登录成功','2021-05-18 23:37:55'),(749,'admin','127.0.0.1','内网IP','Chrome 9','Windows 10','0','退出成功','2021-05-18 23:38:28'),(750,'a1','127.0.0.1','内网IP','Chrome 9','Windows 10','0','登录成功','2021-05-18 23:39:31'),(751,'a1','127.0.0.1','内网IP','Chrome 9','Windows 10','0','退出成功','2021-05-18 23:39:45'),(752,'admin','127.0.0.1','内网IP','Chrome 9','Windows 10','0','登录成功','2021-05-18 23:47:50'),(753,'zzz','127.0.0.1','内网IP','Chrome 9','Windows 10','0','登录成功','2021-05-18 23:54:21'),(754,'zzz','127.0.0.1','内网IP','Chrome 9','Windows 10','0','退出成功','2021-05-18 23:55:52'),(755,'a1','127.0.0.1','内网IP','Chrome 9','Windows 10','0','登录成功','2021-05-18 23:57:39'),(756,'a1','127.0.0.1','内网IP','Chrome 9','Windows 10','0','退出成功','2021-05-18 23:58:07'),(757,'admin','127.0.0.1','内网IP','Chrome 9','Windows 10','0','登录成功','2021-05-19 21:27:00'),(758,'admin','127.0.0.1','内网IP','Chrome 9','Windows 10','0','退出成功','2021-05-19 21:28:52'),(759,'zzz','127.0.0.1','内网IP','Chrome 9','Windows 10','0','登录成功','2021-05-19 21:29:04'),(760,'zzz','127.0.0.1','内网IP','Chrome 9','Windows 10','0','退出成功','2021-05-19 21:34:13'),(761,'a1','127.0.0.1','内网IP','Chrome 9','Windows 10','0','登录成功','2021-05-19 21:34:50'),(762,'a1','127.0.0.1','内网IP','Chrome 9','Windows 10','0','退出成功','2021-05-19 21:35:54'),(763,'admin','127.0.0.1','内网IP','Chrome 8','Windows 10','0','登录成功','2021-05-19 23:37:25'),(764,'17110100717','127.0.0.1','内网IP','Chrome 9','Windows 10','0','登录成功','2021-05-20 09:24:22'),(765,'17110100717','127.0.0.1','内网IP','Chrome 9','Windows 10','0','退出成功','2021-05-20 09:24:51'),(766,'qy1','127.0.0.1','内网IP','Chrome 9','Windows 10','0','登录成功','2021-05-20 09:25:03'),(767,'qy1','127.0.0.1','内网IP','Chrome 9','Windows 10','0','退出成功','2021-05-20 09:27:38'),(768,'17110100717','127.0.0.1','内网IP','Chrome 9','Windows 10','0','登录成功','2021-05-20 09:28:05'),(769,'17110100717','127.0.0.1','内网IP','Chrome 9','Windows 10','0','登录成功','2021-05-20 09:28:30'),(770,'17110100717','127.0.0.1','内网IP','Chrome 9','Windows 10','0','退出成功','2021-05-20 09:28:36'),(771,'17110100717','127.0.0.1','内网IP','Chrome 9','Windows 10','0','登录成功','2021-05-20 09:28:46'),(772,'17110100717','127.0.0.1','内网IP','Chrome 9','Windows 10','0','退出成功','2021-05-20 09:32:10'),(773,'qy1','127.0.0.1','内网IP','Chrome 9','Windows 10','0','登录成功','2021-05-20 09:32:17'),(774,'qy1','127.0.0.1','内网IP','Chrome 9','Windows 10','0','退出成功','2021-05-20 09:34:57'),(775,'admin','127.0.0.1','内网IP','Chrome 9','Windows 10','1','验证码错误','2021-05-20 09:35:09'),(776,'admin','127.0.0.1','内网IP','Chrome 9','Windows 10','0','登录成功','2021-05-20 09:35:17'),(777,'admin','127.0.0.1','内网IP','Chrome 9','Windows 10','0','登录成功','2021-05-20 22:59:02'),(778,'admin','127.0.0.1','内网IP','Chrome 9','Windows 10','0','退出成功','2021-05-20 23:01:46'),(779,'zzz','127.0.0.1','内网IP','Chrome 9','Windows 10','0','登录成功','2021-05-20 23:01:55'),(780,'zzz','127.0.0.1','内网IP','Chrome 9','Windows 10','0','退出成功','2021-05-20 23:02:56'),(781,'admin','127.0.0.1','内网IP','Chrome 9','Windows 10','1','验证码错误','2021-05-20 23:03:01'),(782,'admin','127.0.0.1','内网IP','Chrome 9','Windows 10','0','登录成功','2021-05-20 23:03:05'),(783,'admin','127.0.0.1','内网IP','Chrome 9','Windows 10','0','登录成功','2021-05-22 13:16:50'),(784,'admin','127.0.0.1','内网IP','Chrome 9','Windows 10','0','退出成功','2021-05-22 13:17:57'),(785,'admin','127.0.0.1','内网IP','Chrome 9','Windows 10','0','登录成功','2021-05-22 13:18:04'),(786,'admin','127.0.0.1','内网IP','Chrome 9','Windows 10','0','退出成功','2021-05-22 13:19:22'),(787,'zzz','127.0.0.1','内网IP','Chrome 9','Windows 10','0','登录成功','2021-05-22 13:19:40'),(788,'zzz','127.0.0.1','内网IP','Chrome 9','Windows 10','0','退出成功','2021-05-22 13:20:56'),(789,'a1','127.0.0.1','内网IP','Chrome 9','Windows 10','0','登录成功','2021-05-22 13:21:24'),(790,'a1','127.0.0.1','内网IP','Chrome 9','Windows 10','0','退出成功','2021-05-22 13:22:18'),(791,'admin','127.0.0.1','内网IP','Chrome 9','Windows 10','0','登录成功','2021-05-22 13:22:33'),(792,'admin','127.0.0.1','内网IP','Chrome 9','Windows 10','0','退出成功','2021-05-22 13:42:05'),(793,'17110100717','127.0.0.1','内网IP','Chrome 9','Windows 10','0','登录成功','2021-05-22 15:18:08'),(794,'17110100717','127.0.0.1','内网IP','Chrome 9','Windows 10','0','退出成功','2021-05-22 15:21:39'),(795,'admin','127.0.0.1','内网IP','Chrome 9','Windows 10','0','登录成功','2021-05-22 15:21:46'),(796,'admin','127.0.0.1','内网IP','Chrome 9','Windows 10','0','退出成功','2021-05-22 15:34:54'),(797,'root','127.0.0.1','内网IP','Chrome 9','Windows 10','0','登录成功','2021-05-22 15:35:00'),(798,'admin','127.0.0.1','内网IP','Chrome 8','Windows 10','0','登录成功','2021-05-25 22:54:43'),(799,'admin','127.0.0.1','内网IP','Chrome 9','Windows 10','0','登录成功','2021-05-26 22:13:58'),(800,'admin','127.0.0.1','内网IP','Chrome 9','Windows 10','0','退出成功','2021-05-26 22:15:33'),(801,'zzz','127.0.0.1','内网IP','Chrome 9','Windows 10','0','登录成功','2021-05-26 22:15:45'),(802,'zzz','127.0.0.1','内网IP','Chrome 9','Windows 10','0','退出成功','2021-05-26 22:16:25'),(803,'admin','127.0.0.1','内网IP','Chrome 9','Windows 10','0','登录成功','2021-05-26 22:24:50'),(804,'admin','127.0.0.1','内网IP','Chrome 9','Windows 10','0','登录成功','2021-05-26 22:36:23'),(805,'admin','127.0.0.1','内网IP','Chrome 9','Windows 10','0','退出成功','2021-05-26 22:38:14'),(806,'zzz','127.0.0.1','内网IP','Chrome 9','Windows 10','0','登录成功','2021-05-26 22:38:25'),(807,'zzz','127.0.0.1','内网IP','Chrome 9','Windows 10','0','退出成功','2021-05-26 22:38:46'),(808,'a1','127.0.0.1','内网IP','Chrome 9','Windows 10','0','登录成功','2021-05-26 22:39:36'),(809,'a1','127.0.0.1','内网IP','Chrome 9','Windows 10','0','退出成功','2021-05-26 22:43:04'),(810,'17110100717','127.0.0.1','内网IP','Chrome 9','Windows 10','1','验证码已失效','2021-05-28 16:16:32'),(811,'17110100717','127.0.0.1','内网IP','Chrome 9','Windows 10','0','登录成功','2021-05-28 16:16:35'),(812,'17110100717','127.0.0.1','内网IP','Chrome 9','Windows 10','0','退出成功','2021-05-28 16:17:28'),(813,'17110100717','127.0.0.1','内网IP','Chrome 9','Windows 10','0','登录成功','2021-05-28 16:17:46'),(814,'17110100717','127.0.0.1','内网IP','Chrome 9','Windows 10','0','退出成功','2021-05-28 16:35:11'),(815,'17110100717','127.0.0.1','内网IP','Chrome 9','Windows 10','0','登录成功','2021-05-28 16:35:23'),(816,'17110100717','127.0.0.1','内网IP','Chrome 9','Windows 10','0','退出成功','2021-05-28 16:36:26'),(817,'qy1','127.0.0.1','内网IP','Chrome 9','Windows 10','0','登录成功','2021-05-28 16:36:33'),(818,'qy1','127.0.0.1','内网IP','Chrome 9','Windows 10','0','退出成功','2021-05-28 16:38:05'),(819,'admin','127.0.0.1','内网IP','Chrome 9','Windows 10','0','登录成功','2021-05-28 16:38:13'),(820,'admin','127.0.0.1','内网IP','Chrome 9','Windows 10','0','登录成功','2021-05-31 15:57:15'),(821,'admin','127.0.0.1','内网IP','Chrome 9','Windows 10','0','退出成功','2021-05-31 15:57:22'),(822,'admin','127.0.0.1','内网IP','Chrome 9','Windows 10','0','登录成功','2021-05-31 15:57:28'),(823,'admin','127.0.0.1','内网IP','Chrome 9','Windows 10','0','登录成功','2021-05-31 16:03:35'),(824,'admin','127.0.0.1','内网IP','Chrome 9','Windows 10','0','退出成功','2021-05-31 16:06:01'),(825,'zzz','127.0.0.1','内网IP','Chrome 9','Windows 10','0','登录成功','2021-05-31 19:10:22'),(826,'zzz','127.0.0.1','内网IP','Chrome 9','Windows 10','0','退出成功','2021-05-31 19:11:11'),(827,'123321','127.0.0.1','内网IP','Chrome 9','Windows 10','0','登录成功','2021-05-31 19:16:45'),(828,'123321','127.0.0.1','内网IP','Chrome 9','Windows 10','0','退出成功','2021-05-31 19:18:57'),(829,'admin','127.0.0.1','内网IP','Chrome 9','Windows 10','0','登录成功','2021-05-31 19:19:05'),(830,'admin','127.0.0.1','内网IP','Chrome 9','Windows 10','0','退出成功','2021-05-31 19:19:39'),(831,'123321','127.0.0.1','内网IP','Chrome 9','Windows 10','0','登录成功','2021-05-31 19:19:51'),(832,'123321','127.0.0.1','内网IP','Chrome 9','Windows 10','0','退出成功','2021-05-31 19:27:20'),(833,'admin','127.0.0.1','内网IP','Chrome 9','Windows 10','0','登录成功','2021-05-31 19:27:27'),(834,'admin','127.0.0.1','内网IP','Chrome 9','Windows 10','0','退出成功','2021-05-31 19:31:02'),(835,'3171905213','127.0.0.1','内网IP','Chrome 9','Windows 10','0','登录成功','2021-05-31 19:31:43'),(836,'3171905213','127.0.0.1','内网IP','Chrome 9','Windows 10','0','退出成功','2021-05-31 19:39:58'),(837,'123321','127.0.0.1','内网IP','Chrome 9','Windows 10','0','登录成功','2021-05-31 19:40:24'),(838,'123321','127.0.0.1','内网IP','Chrome 9','Windows 10','0','退出成功','2021-05-31 19:43:26'),(839,'123321','127.0.0.1','内网IP','Chrome 9','Windows 10','0','登录成功','2021-05-31 19:48:37'),(840,'123321','127.0.0.1','内网IP','Chrome 9','Windows 10','0','退出成功','2021-05-31 19:48:52'),(841,'admin','127.0.0.1','内网IP','Chrome 9','Windows 10','0','登录成功','2021-05-31 19:48:59'),(842,'admin','127.0.0.1','内网IP','Chrome 9','Windows 10','0','退出成功','2021-05-31 19:49:32'),(843,'123321','127.0.0.1','内网IP','Chrome 9','Windows 10','0','登录成功','2021-05-31 19:49:40'),(844,'123321','127.0.0.1','内网IP','Chrome 9','Windows 10','0','退出成功','2021-05-31 19:54:18'),(845,'admin','127.0.0.1','内网IP','Chrome 9','Windows 10','0','登录成功','2021-05-31 19:54:23'),(846,'admin','127.0.0.1','内网IP','Chrome 9','Windows 10','0','退出成功','2021-05-31 19:54:50'),(847,'3171905213','127.0.0.1','内网IP','Chrome 9','Windows 10','0','登录成功','2021-05-31 19:55:22'),(848,'3171905213','127.0.0.1','内网IP','Chrome 9','Windows 10','0','退出成功','2021-05-31 19:57:47'),(849,'123321','127.0.0.1','内网IP','Chrome 9','Windows 10','0','登录成功','2021-05-31 19:58:06'),(850,'123321','127.0.0.1','内网IP','Chrome 9','Windows 10','0','退出成功','2021-05-31 20:01:00'),(851,'admin','127.0.0.1','内网IP','Chrome 9','Windows 10','0','登录成功','2021-05-31 20:01:05'),(852,'admin','127.0.0.1','内网IP','Chrome 9','Windows 10','0','退出成功','2021-05-31 20:03:37'),(853,'3171905213','127.0.0.1','内网IP','Chrome 9','Windows 10','1','验证码错误','2021-05-31 20:04:02'),(854,'3171905213','127.0.0.1','内网IP','Chrome 9','Windows 10','0','登录成功','2021-05-31 20:04:05'),(855,'3171905213','127.0.0.1','内网IP','Chrome 9','Windows 10','0','退出成功','2021-05-31 20:04:42'),(856,'a1','127.0.0.1','内网IP','Chrome 9','Windows 10','0','登录成功','2021-05-31 20:04:56'),(857,'a1','127.0.0.1','内网IP','Chrome 9','Windows 10','0','退出成功','2021-05-31 20:05:24'),(858,'admin','127.0.0.1','内网IP','Chrome 9','Windows 10','1','验证码已失效','2021-05-31 20:05:35'),(859,'admin','127.0.0.1','内网IP','Chrome 9','Windows 10','0','登录成功','2021-05-31 20:05:39'),(860,'admin','127.0.0.1','内网IP','Chrome 9','Windows 10','0','退出成功','2021-05-31 20:12:20'),(861,'123321','127.0.0.1','内网IP','Chrome 9','Windows 10','0','登录成功','2021-05-31 20:12:32'),(862,'123321','127.0.0.1','内网IP','Chrome 9','Windows 10','0','退出成功','2021-05-31 20:14:08'),(863,'admin','127.0.0.1','内网IP','Chrome 9','Windows 10','0','登录成功','2021-05-31 20:14:14'),(864,'admin','127.0.0.1','内网IP','Chrome 9','Windows 10','0','退出成功','2021-05-31 20:16:19'),(865,'3171905213','127.0.0.1','内网IP','Chrome 9','Windows 10','0','登录成功','2021-05-31 20:16:42'),(866,'admin','127.0.0.1','内网IP','Chrome 8','Windows 10','0','登录成功','2021-05-31 20:18:17'),(867,'3171905213','127.0.0.1','内网IP','Chrome 9','Windows 10','0','退出成功','2021-05-31 20:19:35'),(868,'123321','127.0.0.1','内网IP','Chrome 9','Windows 10','0','登录成功','2021-05-31 20:19:54'),(869,'123321','127.0.0.1','内网IP','Chrome 9','Windows 10','0','退出成功','2021-05-31 20:23:32'),(870,'admin','127.0.0.1','内网IP','Chrome 9','Windows 10','0','登录成功','2021-05-31 20:23:42'),(871,'admin','127.0.0.1','内网IP','Chrome 9','Windows 10','0','退出成功','2021-05-31 20:27:12'),(872,'3171905213','127.0.0.1','内网IP','Chrome 9','Windows 10','0','登录成功','2021-05-31 20:27:42'),(873,'3171905213','127.0.0.1','内网IP','Chrome 9','Windows 10','0','退出成功','2021-05-31 20:29:16'),(874,'3171905213','127.0.0.1','内网IP','Chrome 9','Windows 10','0','登录成功','2021-05-31 20:30:13'),(875,'3171905213','127.0.0.1','内网IP','Chrome 9','Windows 10','0','退出成功','2021-05-31 20:31:29'),(876,'admin','127.0.0.1','内网IP','Chrome 9','Windows 10','0','登录成功','2021-05-31 20:31:45'),(877,'admin','127.0.0.1','内网IP','Chrome 9','Windows 10','0','退出成功','2021-05-31 20:32:14'),(878,'3171905213','127.0.0.1','内网IP','Chrome 9','Windows 10','1','用户不存在/密码错误','2021-05-31 20:32:43'),(879,'3171905213','127.0.0.1','内网IP','Chrome 9','Windows 10','1','用户不存在/密码错误','2021-05-31 20:32:46'),(880,'admin','127.0.0.1','内网IP','Chrome 9','Windows 10','0','登录成功','2021-05-31 20:33:00'),(881,'admin','127.0.0.1','内网IP','Chrome 9','Windows 10','0','退出成功','2021-05-31 20:34:41'),(882,'123321','127.0.0.1','内网IP','Chrome 9','Windows 10','0','登录成功','2021-05-31 20:37:05'),(883,'123321','127.0.0.1','内网IP','Chrome 9','Windows 10','0','退出成功','2021-05-31 20:37:46'),(884,'admin','127.0.0.1','内网IP','Chrome 9','Windows 10','0','登录成功','2021-05-31 20:37:50'),(885,'admin','127.0.0.1','内网IP','Chrome 9','Windows 10','0','退出成功','2021-05-31 20:51:57'),(886,'123321','127.0.0.1','内网IP','Chrome 9','Windows 10','0','登录成功','2021-05-31 20:52:07'),(887,'123321','127.0.0.1','内网IP','Chrome 9','Windows 10','0','退出成功','2021-05-31 20:52:50'),(888,'admin','127.0.0.1','内网IP','Chrome 9','Windows 10','1','验证码错误','2021-05-31 20:52:59'),(889,'admin','127.0.0.1','内网IP','Chrome 9','Windows 10','0','登录成功','2021-05-31 20:53:05'),(890,'admin','127.0.0.1','内网IP','Chrome 9','Windows 10','0','退出成功','2021-05-31 21:11:39'),(891,'3171905213','127.0.0.1','内网IP','Chrome 9','Windows 10','0','登录成功','2021-05-31 21:11:59'),(892,'3171905213','127.0.0.1','内网IP','Chrome 9','Windows 10','0','退出成功','2021-05-31 21:17:10'),(893,'1233212','127.0.0.1','内网IP','Chrome 9','Windows 10','1','用户不存在/密码错误','2021-05-31 21:17:22'),(894,'123321','127.0.0.1','内网IP','Chrome 9','Windows 10','0','登录成功','2021-05-31 21:17:33'),(895,'123321','127.0.0.1','内网IP','Chrome 9','Windows 10','0','退出成功','2021-05-31 21:17:43'),(896,'123321','127.0.0.1','内网IP','Chrome 9','Windows 10','0','登录成功','2021-05-31 21:17:51'),(897,'123321','127.0.0.1','内网IP','Chrome 9','Windows 10','0','退出成功','2021-05-31 21:21:18'),(898,'3171905213','127.0.0.1','内网IP','Chrome 9','Windows 10','0','登录成功','2021-05-31 21:21:59'),(899,'3171905213','127.0.0.1','内网IP','Chrome 9','Windows 10','0','退出成功','2021-05-31 21:36:18'),(900,'123321','127.0.0.1','内网IP','Chrome 9','Windows 10','0','登录成功','2021-05-31 21:50:47'),(901,'123321','127.0.0.1','内网IP','Chrome 9','Windows 10','0','退出成功','2021-05-31 22:12:18'),(902,'admin','127.0.0.1','内网IP','Chrome 9','Windows 10','0','登录成功','2021-06-06 12:49:34'),(903,'admin','127.0.0.1','内网IP','Chrome 9','Windows 10','0','退出成功','2021-06-06 12:58:27'),(904,'3171905213','127.0.0.1','内网IP','Chrome 9','Windows 10','0','登录成功','2021-06-06 12:59:34'),(905,'3171905213','127.0.0.1','内网IP','Chrome 9','Windows 10','0','退出成功','2021-06-06 13:00:20'),(906,'admin','127.0.0.1','内网IP','Chrome 9','Windows 10','0','登录成功','2021-06-06 13:00:37'),(907,'admin','127.0.0.1','内网IP','Chrome 9','Windows 10','0','退出成功','2021-06-06 13:01:42'),(908,'3171905213','127.0.0.1','内网IP','Chrome 9','Windows 10','0','登录成功','2021-06-08 12:45:53'),(909,'3171905213','127.0.0.1','内网IP','Chrome 9','Windows 10','0','退出成功','2021-06-08 12:57:50'),(910,'123321','127.0.0.1','内网IP','Chrome 9','Windows 10','0','登录成功','2021-06-08 12:58:07'),(911,'123321','127.0.0.1','内网IP','Chrome 9','Windows 10','0','退出成功','2021-06-08 13:09:48'),(912,'admin','127.0.0.1','内网IP','Chrome 9','Windows 10','0','登录成功','2021-06-08 13:09:55'),(913,'admin','127.0.0.1','内网IP','Chrome 9','Windows 10','0','退出成功','2021-06-08 13:46:45'),(914,'admin','127.0.0.1','内网IP','Chrome 9','Windows 10','0','登录成功','2021-06-08 14:15:45'),(915,'admin','127.0.0.1','内网IP','Chrome 9','Windows 10','0','登录成功','2021-06-08 19:46:55'),(916,'admin','127.0.0.1','内网IP','Chrome 9','Windows 10','0','退出成功','2021-06-08 19:49:13'),(917,'3171905213','127.0.0.1','内网IP','Chrome 9','Windows 10','0','登录成功','2021-06-08 19:50:01'),(918,'3171905213','127.0.0.1','内网IP','Chrome 9','Windows 10','0','退出成功','2021-06-08 19:51:16'),(919,'123321','127.0.0.1','内网IP','Chrome 9','Windows 10','0','登录成功','2021-06-08 19:51:41'),(920,'123321','127.0.0.1','内网IP','Chrome 9','Windows 10','0','退出成功','2021-06-08 19:51:45'),(921,'123321','127.0.0.1','内网IP','Chrome 9','Windows 10','0','登录成功','2021-06-08 19:51:55'),(922,'123321','127.0.0.1','内网IP','Chrome 9','Windows 10','0','退出成功','2021-06-08 19:53:22'),(923,'admin','127.0.0.1','内网IP','Chrome 9','Windows 10','1','验证码已失效','2021-06-08 20:00:17'),(924,'admin','127.0.0.1','内网IP','Chrome 9','Windows 10','0','登录成功','2021-06-08 20:00:21'),(925,'admin','127.0.0.1','内网IP','Chrome 9','Windows 10','0','登录成功','2021-06-08 20:30:25'),(926,'admin','127.0.0.1','内网IP','Chrome 9','Windows 10','0','退出成功','2021-06-08 21:22:19'),(927,'admin','127.0.0.1','内网IP','Chrome 9','Windows 10','0','登录成功','2021-06-08 21:22:25'),(928,'admin','127.0.0.1','内网IP','Chrome 9','Windows 10','0','退出成功','2021-06-08 21:24:13'),(929,'123321','127.0.0.1','内网IP','Chrome 9','Windows 10','0','登录成功','2021-06-08 21:24:26'),(930,'123321','127.0.0.1','内网IP','Chrome 9','Windows 10','0','退出成功','2021-06-08 21:25:33'),(931,'admin','127.0.0.1','内网IP','Chrome 9','Windows 10','0','登录成功','2021-06-08 21:25:42'),(932,'admin','127.0.0.1','内网IP','Chrome 9','Windows 10','0','退出成功','2021-06-08 21:30:33'),(933,'admin','127.0.0.1','内网IP','Chrome 9','Windows 10','0','登录成功','2021-06-08 21:33:27'),(934,'admin','127.0.0.1','内网IP','Chrome 9','Windows 10','0','退出成功','2021-06-08 21:50:48'),(935,'admin','127.0.0.1','内网IP','Chrome 9','Windows 10','0','登录成功','2021-06-08 22:00:09'),(936,'admin','127.0.0.1','内网IP','Chrome 9','Windows 10','0','退出成功','2021-06-08 22:24:14'),(937,'admin','127.0.0.1','内网IP','Chrome 9','Windows 10','0','登录成功','2021-06-09 10:10:31'),(938,'admin','127.0.0.1','内网IP','Chrome 9','Windows 10','0','退出成功','2021-06-09 10:26:32'),(939,'admin','127.0.0.1','内网IP','Chrome 9','Windows 10','0','登录成功','2021-06-09 10:30:43'),(940,'admin','127.0.0.1','内网IP','Chrome 9','Windows 10','0','退出成功','2021-06-09 10:43:54'),(941,'admin','127.0.0.1','内网IP','Chrome 9','Windows 10','0','登录成功','2021-06-09 11:05:08'),(942,'admin','127.0.0.1','内网IP','Chrome 9','Windows 10','0','退出成功','2021-06-09 11:07:48'),(943,'admin','127.0.0.1','内网IP','Chrome 9','Windows 10','0','登录成功','2021-06-09 11:56:45'),(944,'admin','127.0.0.1','内网IP','Chrome 9','Windows 10','0','退出成功','2021-06-09 11:58:46'),(945,'123421','127.0.0.1','内网IP','Chrome 9','Windows 10','0','登录成功','2021-06-09 12:06:50'),(946,'123421','127.0.0.1','内网IP','Chrome 9','Windows 10','0','退出成功','2021-06-09 12:07:55'),(947,'admin','127.0.0.1','内网IP','Chrome 9','Windows 10','0','登录成功','2021-06-09 12:08:01'),(948,'admin','127.0.0.1','内网IP','Chrome 9','Windows 10','0','退出成功','2021-06-09 12:08:36'),(949,'123421','127.0.0.1','内网IP','Chrome 9','Windows 10','0','登录成功','2021-06-09 12:08:46'),(950,'123421','127.0.0.1','内网IP','Chrome 9','Windows 10','0','退出成功','2021-06-09 12:10:24'),(951,'admin','127.0.0.1','内网IP','Chrome 9','Windows 10','0','登录成功','2021-06-09 12:10:31'),(952,'admin','127.0.0.1','内网IP','Chrome 9','Windows 10','0','退出成功','2021-06-09 12:12:21'),(953,'3171905213','127.0.0.1','内网IP','Chrome 9','Windows 10','0','登录成功','2021-06-09 12:13:14'),(954,'3171905213','127.0.0.1','内网IP','Chrome 9','Windows 10','0','退出成功','2021-06-09 12:14:54'),(955,'123421','127.0.0.1','内网IP','Chrome 9','Windows 10','0','登录成功','2021-06-09 12:15:14'),(956,'123421','127.0.0.1','内网IP','Chrome 9','Windows 10','0','退出成功','2021-06-09 12:15:54'),(957,'3171905213','127.0.0.1','内网IP','Chrome 9','Windows 10','0','登录成功','2021-06-09 12:16:33'),(958,'3171905213','127.0.0.1','内网IP','Chrome 9','Windows 10','0','退出成功','2021-06-09 12:17:17'),(959,'123421','127.0.0.1','内网IP','Chrome 9','Windows 10','0','登录成功','2021-06-09 12:17:35'),(960,'123421','127.0.0.1','内网IP','Chrome 9','Windows 10','0','退出成功','2021-06-09 12:19:10'),(961,'3171905213','127.0.0.1','内网IP','Chrome 9','Windows 10','0','登录成功','2021-06-09 12:19:36'),(962,'3171905213','127.0.0.1','内网IP','Chrome 9','Windows 10','0','退出成功','2021-06-09 12:22:17'),(963,'123421','127.0.0.1','内网IP','Chrome 9','Windows 10','1','验证码已失效','2021-06-09 12:22:23'),(964,'123421','127.0.0.1','内网IP','Chrome 9','Windows 10','0','登录成功','2021-06-09 12:22:27'),(965,'123421','127.0.0.1','内网IP','Chrome 9','Windows 10','0','退出成功','2021-06-09 12:23:38'),(966,'admin','127.0.0.1','内网IP','Chrome 9','Windows 10','0','登录成功','2021-06-09 12:23:45'),(967,'admin','127.0.0.1','内网IP','Chrome 9','Windows 10','0','退出成功','2021-06-09 12:24:10'),(968,'3171905213','127.0.0.1','内网IP','Chrome 9','Windows 10','0','登录成功','2021-06-09 12:24:17'),(969,'3171905213','127.0.0.1','内网IP','Chrome 9','Windows 10','0','退出成功','2021-06-09 12:26:27'),(970,'3171905213','127.0.0.1','内网IP','Chrome 9','Windows 10','0','登录成功','2021-06-09 12:27:23'),(971,'3171905213','127.0.0.1','内网IP','Chrome 9','Windows 10','0','退出成功','2021-06-09 12:28:08'),(972,'123421','127.0.0.1','内网IP','Chrome 9','Windows 10','1','验证码已失效','2021-06-09 12:28:49'),(973,'123421','127.0.0.1','内网IP','Chrome 9','Windows 10','0','登录成功','2021-06-09 12:28:53'),(974,'123421','127.0.0.1','内网IP','Chrome 9','Windows 10','0','退出成功','2021-06-09 12:33:01'),(975,'3171905213','127.0.0.1','内网IP','Chrome 9','Windows 10','0','登录成功','2021-06-09 12:38:46'),(976,'123421','127.0.0.1','内网IP','Chrome 9','Windows 10','0','登录成功','2021-06-09 12:56:33'),(977,'123421','127.0.0.1','内网IP','Chrome 9','Windows 10','0','退出成功','2021-06-09 13:03:02'),(978,'3171905213','127.0.0.1','内网IP','Chrome 9','Windows 10','0','登录成功','2021-06-09 13:11:25'),(979,'3171905213','127.0.0.1','内网IP','Chrome 9','Windows 10','0','退出成功','2021-06-09 13:11:53'),(980,'123421','127.0.0.1','内网IP','Chrome 9','Windows 10','1','验证码错误','2021-06-09 13:12:08'),(981,'123421','127.0.0.1','内网IP','Chrome 9','Windows 10','0','登录成功','2021-06-09 13:12:14'),(982,'admin','127.0.0.1','内网IP','Chrome 9','Windows 10','0','登录成功','2021-06-09 13:31:19'),(983,'admin','127.0.0.1','内网IP','Chrome 9','Windows 10','0','退出成功','2021-06-09 13:31:53'),(984,'123421','127.0.0.1','内网IP','Chrome 9','Windows 10','0','登录成功','2021-06-09 13:31:59'),(985,'123421','127.0.0.1','内网IP','Chrome 9','Windows 10','0','退出成功','2021-06-09 13:34:18'),(986,'admin','127.0.0.1','内网IP','Chrome 9','Windows 10','0','登录成功','2021-06-09 13:34:23'),(987,'admin','127.0.0.1','内网IP','Chrome 9','Windows 10','0','退出成功','2021-06-09 13:35:11'),(988,'3171905213','127.0.0.1','内网IP','Chrome 9','Windows 10','0','登录成功','2021-06-09 13:35:31'),(989,'3171905213','127.0.0.1','内网IP','Chrome 9','Windows 10','0','退出成功','2021-06-09 13:37:20'),(990,'admin','127.0.0.1','内网IP','Chrome 9','Windows 10','0','登录成功','2021-06-09 13:41:07'),(991,'admin','127.0.0.1','内网IP','Chrome 9','Windows 10','0','退出成功','2021-06-09 13:41:38'),(992,'123421','127.0.0.1','内网IP','Chrome 9','Windows 10','0','登录成功','2021-06-09 13:41:48'),(993,'123421','127.0.0.1','内网IP','Chrome 9','Windows 10','0','退出成功','2021-06-09 13:43:27'),(994,'admin','127.0.0.1','内网IP','Chrome 9','Windows 10','0','登录成功','2021-06-09 13:43:33'),(995,'admin','127.0.0.1','内网IP','Chrome 9','Windows 10','0','退出成功','2021-06-09 13:43:56'),(996,'3171905213','127.0.0.1','内网IP','Chrome 9','Windows 10','0','登录成功','2021-06-09 13:44:25'),(997,'3171905213','127.0.0.1','内网IP','Chrome 9','Windows 10','0','退出成功','2021-06-09 13:47:46'),(998,'123421','127.0.0.1','内网IP','Chrome 9','Windows 10','1','验证码已失效','2021-06-09 13:47:54'),(999,'123421','127.0.0.1','内网IP','Chrome 9','Windows 10','1','验证码错误','2021-06-09 13:48:00'),(1000,'123421','127.0.0.1','内网IP','Chrome 9','Windows 10','0','登录成功','2021-06-09 13:48:04'),(1001,'123421','127.0.0.1','内网IP','Chrome 9','Windows 10','0','退出成功','2021-06-09 13:48:35'),(1002,'3171905213','127.0.0.1','内网IP','Chrome 9','Windows 10','0','登录成功','2021-06-09 13:48:46'),(1003,'3171905213','127.0.0.1','内网IP','Chrome 9','Windows 10','0','退出成功','2021-06-09 13:59:06'),(1004,'admin','127.0.0.1','内网IP','Chrome 9','Windows 10','1','验证码错误','2021-06-09 13:59:28'),(1005,'admin','127.0.0.1','内网IP','Chrome 9','Windows 10','1','验证码错误','2021-06-09 13:59:31'),(1006,'admin','127.0.0.1','内网IP','Chrome 9','Windows 10','0','登录成功','2021-06-09 13:59:38'),(1007,'admin','127.0.0.1','内网IP','Chrome 9','Windows 10','0','退出成功','2021-06-09 14:00:00'),(1008,'123421','127.0.0.1','内网IP','Chrome 9','Windows 10','0','登录成功','2021-06-09 14:00:08'),(1009,'123421','127.0.0.1','内网IP','Chrome 9','Windows 10','0','退出成功','2021-06-09 14:03:37'),(1010,'admin','127.0.0.1','内网IP','Chrome 9','Windows 10','0','登录成功','2021-06-09 14:03:44'),(1011,'admin','127.0.0.1','内网IP','Chrome 9','Windows 10','0','退出成功','2021-06-09 14:05:58'),(1012,'3171905213','127.0.0.1','内网IP','Chrome 9','Windows 10','0','登录成功','2021-06-09 14:07:41'),(1013,'3171905213','127.0.0.1','内网IP','Chrome 9','Windows 10','0','退出成功','2021-06-09 14:25:44'),(1014,'admin','127.0.0.1','内网IP','Chrome 9','Windows 10','0','登录成功','2021-06-09 14:53:37'),(1015,'123421','127.0.0.1','内网IP','Chrome 9','Windows 10','0','登录成功','2021-06-09 16:16:03'),(1016,'123421','127.0.0.1','内网IP','Chrome 9','Windows 10','0','退出成功','2021-06-09 16:27:59'),(1017,'3171905213','127.0.0.1','内网IP','Chrome 9','Windows 10','0','登录成功','2021-06-09 18:39:48'),(1018,'3171905213','127.0.0.1','内网IP','Chrome 9','Windows 10','0','退出成功','2021-06-09 18:47:25'),(1019,'123421','127.0.0.1','内网IP','Chrome 9','Windows 10','0','登录成功','2021-06-09 18:47:42'),(1020,'123421','127.0.0.1','内网IP','Chrome 9','Windows 10','0','退出成功','2021-06-09 18:49:30'),(1021,'123421','127.0.0.1','内网IP','Chrome 9','Windows 10','0','登录成功','2021-06-09 19:20:44'),(1022,'123421','127.0.0.1','内网IP','Chrome 9','Windows 10','0','退出成功','2021-06-09 19:22:15'),(1023,'admin','127.0.0.1','内网IP','Chrome 9','Windows 10','0','登录成功','2021-06-09 19:22:21'),(1024,'admin','127.0.0.1','内网IP','Chrome 9','Windows 10','0','退出成功','2021-06-09 19:23:30'),(1025,'admin','127.0.0.1','内网IP','Chrome 9','Windows 10','0','登录成功','2021-06-10 00:34:37'),(1026,'admin','127.0.0.1','内网IP','Chrome 9','Windows 10','0','退出成功','2021-06-10 00:40:09'),(1027,'admin','127.0.0.1','内网IP','Chrome 9','Windows 10','0','登录成功','2021-06-10 08:34:48'),(1028,'admin','127.0.0.1','内网IP','Chrome 9','Windows 10','0','登录成功','2021-06-10 10:17:17'),(1029,'admin','127.0.0.1','内网IP','Chrome 9','Windows 10','0','退出成功','2021-06-10 10:17:46'),(1030,'admin','127.0.0.1','内网IP','Chrome 8','Windows 10','0','登录成功','2021-06-10 10:20:51'),(1031,'admin','127.0.0.1','内网IP','Chrome 8','Windows 10','0','登录成功','2021-06-10 10:53:07'),(1032,'admin','127.0.0.1','内网IP','Chrome 8','Windows 10','0','退出成功','2021-06-10 11:01:57'),(1033,'admin','127.0.0.1','内网IP','Chrome 8','Windows 10','0','登录成功','2021-06-10 11:09:57'),(1034,'admin','127.0.0.1','内网IP','Chrome 8','Windows 10','0','退出成功','2021-06-10 11:12:59'),(1035,'admin','127.0.0.1','内网IP','Chrome 8','Windows 10','0','登录成功','2021-06-10 11:13:23'),(1036,'123987','127.0.0.1','内网IP','Chrome 9','Windows 10','0','登录成功','2021-06-10 11:13:40'),(1037,'123987','127.0.0.1','内网IP','Chrome 9','Windows 10','0','退出成功','2021-06-10 11:14:25'),(1038,'admin','127.0.0.1','内网IP','Chrome 9','Windows 10','0','登录成功','2021-06-10 11:14:31'),(1039,'admin','127.0.0.1','内网IP','Chrome 9','Windows 10','0','退出成功','2021-06-10 11:14:38'),(1040,'admin','127.0.0.1','内网IP','Chrome 9','Windows 10','0','登录成功','2021-06-10 11:14:48'),(1041,'admin','127.0.0.1','内网IP','Chrome 9','Windows 10','0','退出成功','2021-06-10 11:15:24'),(1042,'123987','127.0.0.1','内网IP','Chrome 9','Windows 10','0','登录成功','2021-06-10 11:15:34'),(1043,'123987','127.0.0.1','内网IP','Chrome 9','Windows 10','0','退出成功','2021-06-10 11:16:36'),(1044,'admin','127.0.0.1','内网IP','Chrome 9','Windows 10','0','登录成功','2021-06-10 11:16:46'),(1045,'admin','127.0.0.1','内网IP','Chrome 9','Windows 10','0','退出成功','2021-06-10 11:17:21'),(1046,'3171905213','127.0.0.1','内网IP','Chrome 9','Windows 10','0','登录成功','2021-06-10 11:17:39'),(1047,'3171905213','127.0.0.1','内网IP','Chrome 9','Windows 10','0','退出成功','2021-06-10 11:18:03'),(1048,'123987','127.0.0.1','内网IP','Chrome 9','Windows 10','0','登录成功','2021-06-10 11:18:22'),(1049,'123987','127.0.0.1','内网IP','Chrome 9','Windows 10','0','退出成功','2021-06-10 11:19:00'),(1050,'3171905213','127.0.0.1','内网IP','Chrome 9','Windows 10','0','登录成功','2021-06-10 11:19:20'),(1051,'admin','127.0.0.1','内网IP','Chrome 8','Windows 10','0','退出成功','2021-06-10 11:19:53'),(1052,'root','127.0.0.1','内网IP','Chrome 8','Windows 10','0','登录成功','2021-06-10 11:20:02'),(1053,'admin','127.0.0.1','内网IP','Chrome 8','Windows 10','0','登录成功','2021-06-10 11:22:28'),(1054,'admin','127.0.0.1','内网IP','Chrome 8','Windows 10','0','登录成功','2021-07-18 17:36:16');
/*!40000 ALTER TABLE `sys_logininfor` ENABLE KEYS */;

--
-- Table structure for table `sys_menu`
--

DROP TABLE IF EXISTS `sys_menu`;
/*!40101 SET @saved_cs_client     = @@character_set_client */;
/*!50503 SET character_set_client = utf8mb4 */;
CREATE TABLE `sys_menu` (
  `menu_id` bigint NOT NULL AUTO_INCREMENT COMMENT '菜单ID',
  `menu_name` varchar(50) NOT NULL COMMENT '菜单名称',
  `parent_id` bigint DEFAULT '0' COMMENT '父菜单ID',
  `order_num` int DEFAULT '0' COMMENT '显示顺序',
  `path` varchar(200) DEFAULT '' COMMENT '路由地址',
  `component` varchar(255) DEFAULT NULL COMMENT '组件路径',
  `is_frame` int DEFAULT '1' COMMENT '是否为外链（0是 1否）',
  `is_cache` int DEFAULT '0' COMMENT '是否缓存（0缓存 1不缓存）',
  `menu_type` char(1) DEFAULT '' COMMENT '菜单类型（M目录 C菜单 F按钮）',
  `visible` char(1) DEFAULT '0' COMMENT '菜单状态（0显示 1隐藏）',
  `status` char(1) DEFAULT '0' COMMENT '菜单状态（0正常 1停用）',
  `perms` varchar(100) DEFAULT NULL COMMENT '权限标识',
  `icon` varchar(100) DEFAULT '#' COMMENT '菜单图标',
  `create_by` varchar(64) DEFAULT '' COMMENT '创建者',
  `create_time` datetime DEFAULT NULL COMMENT '创建时间',
  `update_by` varchar(64) DEFAULT '' COMMENT '更新者',
  `update_time` datetime DEFAULT NULL COMMENT '更新时间',
  `remark` varchar(500) DEFAULT '' COMMENT '备注',
  PRIMARY KEY (`menu_id`)
) ENGINE=InnoDB AUTO_INCREMENT=2065 DEFAULT CHARSET=utf8 COMMENT='菜单权限表';
/*!40101 SET character_set_client = @saved_cs_client */;

--
-- Dumping data for table `sys_menu`
--

/*!40000 ALTER TABLE `sys_menu` DISABLE KEYS */;
INSERT INTO `sys_menu` VALUES (1,'系统管理',0,1,'system',NULL,1,0,'M','0','0','','system','admin','2021-03-24 17:15:49','',NULL,'系统管理目录'),(2,'系统监控',0,2,'monitor',NULL,1,0,'M','0','0','','monitor','admin','2021-03-24 17:15:49','admin','2021-05-08 23:31:51','系统监控目录'),(3,'系统工具',0,3,'tool',NULL,1,0,'M','0','0','','tool','admin','2021-03-24 17:15:49','admin','2021-05-08 23:31:34','系统工具目录'),(4,'学校官网',0,4,'http://baidu.com',NULL,0,0,'M','0','0','','guide','admin','2021-03-24 17:15:49','admin','2021-04-30 23:56:31','若依官网地址'),(100,'学生管理',2063,1,'user','system/user/index',1,0,'C','0','0','system:user:list','user','admin','2021-03-24 17:15:50','admin','2021-04-30 14:43:10','用户管理菜单'),(101,'角色管理',1,2,'role','system/role/index',1,0,'C','0','0','system:role:list','peoples','admin','2021-03-24 17:15:50','',NULL,'角色管理菜单'),(102,'菜单管理',1,3,'menu','system/menu/index',1,0,'C','0','0','system:menu:list','tree-table','admin','2021-03-24 17:15:50','',NULL,'菜单管理菜单'),(103,'学院管理',1,4,'dept','system/dept/index',1,0,'C','0','0','system:dept:list','tree','admin','2021-03-24 17:15:50','admin','2021-04-30 11:21:14','部门管理菜单'),(104,'岗位管理',1,5,'post','system/post/index',1,0,'C','0','0','system:post:list','post','admin','2021-03-24 17:15:50','',NULL,'岗位管理菜单'),(105,'字典管理',1,6,'dict','system/dict/index',1,0,'C','0','0','system:dict:list','dict','admin','2021-03-24 17:15:50','admin','2021-05-08 23:32:25','字典管理菜单'),(106,'参数设置',1,7,'config','system/config/index',1,0,'C','0','0','system:config:list','edit','admin','2021-03-24 17:15:50','admin','2021-05-09 10:24:24','参数设置菜单'),(107,'通知公告',1,8,'notice','system/notice/index',1,0,'C','0','0','system:notice:list','message','admin','2021-03-24 17:15:50','admin','2021-04-30 11:27:59','通知公告菜单'),(108,'日志管理',1,9,'log','',1,0,'M','0','0','','log','admin','2021-03-24 17:15:50','admin','2021-05-08 23:32:16','日志管理菜单'),(109,'在线用户',2,1,'online','monitor/online/index',1,0,'C','0','0','monitor:online:list','online','admin','2021-03-24 17:15:50','',NULL,'在线用户菜单'),(111,'数据监控',2,3,'druid','monitor/druid/index',1,0,'C','0','0','monitor:druid:list','druid','admin','2021-03-24 17:15:50','',NULL,'数据监控菜单'),(112,'服务监控',2,4,'server','monitor/server/index',1,0,'C','0','0','monitor:server:list','server','admin','2021-03-24 17:15:50','',NULL,'服务监控菜单'),(113,'缓存监控',2,5,'cache','monitor/cache/index',1,0,'C','0','0','monitor:cache:list','redis','admin','2021-03-24 17:15:50','',NULL,'缓存监控菜单'),(114,'表单构建',3,1,'build','tool/build/index',1,0,'C','0','0','tool:build:list','build','admin','2021-03-24 17:15:50','',NULL,'表单构建菜单'),(115,'代码生成',3,2,'gen','tool/gen/index',1,0,'C','0','0','tool:gen:list','code','admin','2021-03-24 17:15:50','',NULL,'代码生成菜单'),(116,'系统接口',3,3,'swagger','tool/swagger/index',1,0,'C','0','0','tool:swagger:list','swagger','admin','2021-03-24 17:15:50','',NULL,'系统接口菜单'),(500,'操作日志',108,1,'operlog','monitor/operlog/index',1,0,'C','0','0','monitor:operlog:list','form','admin','2021-03-24 17:15:50','',NULL,'操作日志菜单'),(501,'登录日志',108,2,'logininfor','monitor/logininfor/index',1,0,'C','0','0','monitor:logininfor:list','logininfor','admin','2021-03-24 17:15:50','',NULL,'登录日志菜单'),(1001,'用户查询',100,1,'','',1,0,'F','0','0','system:user:query','#','admin','2021-03-24 17:15:51','',NULL,''),(1002,'用户新增',100,2,'','',1,0,'F','0','0','system:user:add','#','admin','2021-03-24 17:15:51','',NULL,''),(1003,'用户修改',100,3,'','',1,0,'F','0','0','system:user:edit','#','admin','2021-03-24 17:15:51','',NULL,''),(1004,'用户删除',100,4,'','',1,0,'F','0','0','system:user:remove','#','admin','2021-03-24 17:15:51','',NULL,''),(1005,'用户导出',100,5,'','',1,0,'F','0','0','system:user:export','#','admin','2021-03-24 17:15:51','',NULL,''),(1006,'用户导入',100,6,'','',1,0,'F','0','0','system:user:import','#','admin','2021-03-24 17:15:51','',NULL,''),(1007,'重置密码',100,7,'','',1,0,'F','0','0','system:user:resetPwd','#','admin','2021-03-24 17:15:51','',NULL,''),(1008,'角色查询',101,1,'','',1,0,'F','0','0','system:role:query','#','admin','2021-03-24 17:15:52','',NULL,''),(1009,'角色新增',101,2,'','',1,0,'F','0','0','system:role:add','#','admin','2021-03-24 17:15:52','',NULL,''),(1010,'角色修改',101,3,'','',1,0,'F','0','0','system:role:edit','#','admin','2021-03-24 17:15:52','',NULL,''),(1011,'角色删除',101,4,'','',1,0,'F','0','0','system:role:remove','#','admin','2021-03-24 17:15:52','',NULL,''),(1012,'角色导出',101,5,'','',1,0,'F','0','0','system:role:export','#','admin','2021-03-24 17:15:52','',NULL,''),(1013,'菜单查询',102,1,'','',1,0,'F','0','0','system:menu:query','#','admin','2021-03-24 17:15:52','',NULL,''),(1014,'菜单新增',102,2,'','',1,0,'F','0','0','system:menu:add','#','admin','2021-03-24 17:15:52','',NULL,''),(1015,'菜单修改',102,3,'','',1,0,'F','0','0','system:menu:edit','#','admin','2021-03-24 17:15:52','',NULL,''),(1016,'菜单删除',102,4,'','',1,0,'F','0','0','system:menu:remove','#','admin','2021-03-24 17:15:52','',NULL,''),(1017,'部门查询',103,1,'','',1,0,'F','0','0','system:dept:query','#','admin','2021-03-24 17:15:53','',NULL,''),(1018,'部门新增',103,2,'','',1,0,'F','0','0','system:dept:add','#','admin','2021-03-24 17:15:53','',NULL,''),(1019,'部门修改',103,3,'','',1,0,'F','0','0','system:dept:edit','#','admin','2021-03-24 17:15:53','',NULL,''),(1020,'部门删除',103,4,'','',1,0,'F','0','0','system:dept:remove','#','admin','2021-03-24 17:15:53','',NULL,''),(1021,'岗位查询',104,1,'','',1,0,'F','0','0','system:post:query','#','admin','2021-03-24 17:15:53','',NULL,''),(1022,'岗位新增',104,2,'','',1,0,'F','0','0','system:post:add','#','admin','2021-03-24 17:15:53','',NULL,''),(1023,'岗位修改',104,3,'','',1,0,'F','0','0','system:post:edit','#','admin','2021-03-24 17:15:53','',NULL,''),(1024,'岗位删除',104,4,'','',1,0,'F','0','0','system:post:remove','#','admin','2021-03-24 17:15:53','',NULL,''),(1025,'岗位导出',104,5,'','',1,0,'F','0','0','system:post:export','#','admin','2021-03-24 17:15:53','',NULL,''),(1026,'字典查询',105,1,'#','',1,0,'F','0','0','system:dict:query','#','admin','2021-03-24 17:15:54','',NULL,''),(1027,'字典新增',105,2,'#','',1,0,'F','0','0','system:dict:add','#','admin','2021-03-24 17:15:54','',NULL,''),(1028,'字典修改',105,3,'#','',1,0,'F','0','0','system:dict:edit','#','admin','2021-03-24 17:15:54','',NULL,''),(1029,'字典删除',105,4,'#','',1,0,'F','0','0','system:dict:remove','#','admin','2021-03-24 17:15:54','',NULL,''),(1030,'字典导出',105,5,'#','',1,0,'F','0','0','system:dict:export','#','admin','2021-03-24 17:15:54','',NULL,''),(1031,'参数查询',106,1,'#','',1,0,'F','0','0','system:config:query','#','admin','2021-03-24 17:15:54','',NULL,''),(1032,'参数新增',106,2,'#','',1,0,'F','0','0','system:config:add','#','admin','2021-03-24 17:15:54','',NULL,''),(1033,'参数修改',106,3,'#','',1,0,'F','0','0','system:config:edit','#','admin','2021-03-24 17:15:54','',NULL,''),(1034,'参数删除',106,4,'#','',1,0,'F','0','0','system:config:remove','#','admin','2021-03-24 17:15:54','',NULL,''),(1035,'参数导出',106,5,'#','',1,0,'F','0','0','system:config:export','#','admin','2021-03-24 17:15:54','',NULL,''),(1036,'公告查询',107,1,'#','',1,0,'F','0','0','system:notice:query','#','admin','2021-03-24 17:15:55','',NULL,''),(1037,'公告新增',107,2,'#','',1,0,'F','0','0','system:notice:add','#','admin','2021-03-24 17:15:55','',NULL,''),(1038,'公告修改',107,3,'#','',1,0,'F','0','0','system:notice:edit','#','admin','2021-03-24 17:15:55','',NULL,''),(1039,'公告删除',107,4,'#','',1,0,'F','0','0','system:notice:remove','#','admin','2021-03-24 17:15:55','',NULL,''),(1040,'操作查询',500,1,'#','',1,0,'F','0','0','monitor:operlog:query','#','admin','2021-03-24 17:15:55','',NULL,''),(1041,'操作删除',500,2,'#','',1,0,'F','0','0','monitor:operlog:remove','#','admin','2021-03-24 17:15:55','',NULL,''),(1042,'日志导出',500,4,'#','',1,0,'F','0','0','monitor:operlog:export','#','admin','2021-03-24 17:15:55','',NULL,''),(1043,'登录查询',501,1,'#','',1,0,'F','0','0','monitor:logininfor:query','#','admin','2021-03-24 17:15:56','',NULL,''),(1044,'登录删除',501,2,'#','',1,0,'F','0','0','monitor:logininfor:remove','#','admin','2021-03-24 17:15:56','',NULL,''),(1045,'日志导出',501,3,'#','',1,0,'F','0','0','monitor:logininfor:export','#','admin','2021-03-24 17:15:56','',NULL,''),(1046,'在线查询',109,1,'#','',1,0,'F','0','0','monitor:online:query','#','admin','2021-03-24 17:15:56','',NULL,''),(1047,'批量强退',109,2,'#','',1,0,'F','0','0','monitor:online:batchLogout','#','admin','2021-03-24 17:15:56','',NULL,''),(1048,'单条强退',109,3,'#','',1,0,'F','0','0','monitor:online:forceLogout','#','admin','2021-03-24 17:15:56','',NULL,''),(1049,'任务查询',110,1,'#','',1,0,'F','0','0','monitor:job:query','#','admin','2021-03-24 17:15:57','',NULL,''),(1050,'任务新增',110,2,'#','',1,0,'F','0','0','monitor:job:add','#','admin','2021-03-24 17:15:57','',NULL,''),(1051,'任务修改',110,3,'#','',1,0,'F','0','0','monitor:job:edit','#','admin','2021-03-24 17:15:57','',NULL,''),(1052,'任务删除',110,4,'#','',1,0,'F','0','0','monitor:job:remove','#','admin','2021-03-24 17:15:57','',NULL,''),(1053,'状态修改',110,5,'#','',1,0,'F','0','0','monitor:job:changeStatus','#','admin','2021-03-24 17:15:57','',NULL,''),(1054,'任务导出',110,7,'#','',1,0,'F','0','0','monitor:job:export','#','admin','2021-03-24 17:15:57','',NULL,''),(1055,'生成查询',115,1,'#','',1,0,'F','0','0','tool:gen:query','#','admin','2021-03-24 17:15:58','',NULL,''),(1056,'生成修改',115,2,'#','',1,0,'F','0','0','tool:gen:edit','#','admin','2021-03-24 17:15:58','',NULL,''),(1057,'生成删除',115,3,'#','',1,0,'F','0','0','tool:gen:remove','#','admin','2021-03-24 17:15:58','',NULL,''),(1058,'导入代码',115,2,'#','',1,0,'F','0','0','tool:gen:import','#','admin','2021-03-24 17:15:58','',NULL,''),(1059,'预览代码',115,4,'#','',1,0,'F','0','0','tool:gen:preview','#','admin','2021-03-24 17:15:58','',NULL,''),(1060,'生成代码',115,5,'#','',1,0,'F','0','0','tool:gen:code','#','admin','2021-03-24 17:15:58','',NULL,''),(2000,'招聘管理',0,1,'recruit',NULL,1,0,'M','0','0','','checkbox','admin','2021-03-25 08:45:03','admin','2021-03-25 08:45:19',''),(2001,'企业信息',2000,1,'company','system/recruit/company/index',1,0,'C','0','0','recruit:info:list','guide','admin','2021-03-25 08:46:56','admin','2021-05-11 12:42:51','企业信息菜单'),(2002,'企业信息查询',2001,1,'#','',1,0,'F','0','0','recruit:info:query','#','admin','2021-03-25 08:46:58','',NULL,''),(2003,'企业信息新增',2001,2,'#','',1,0,'F','0','0','recruit:info:add','#','admin','2021-03-25 08:46:58','',NULL,''),(2004,'企业信息修改',2001,3,'#','',1,0,'F','0','0','recruit:info:edit','#','admin','2021-03-25 08:46:59','',NULL,''),(2005,'企业信息删除',2001,4,'#','',1,0,'F','0','0','recruit:info:remove','#','admin','2021-03-25 08:46:59','',NULL,''),(2006,'企业信息导出',2001,5,'#','',1,0,'F','0','0','recruit:info:export','#','admin','2021-03-25 08:47:00','',NULL,''),(2007,'岗位分类',2000,1,'category','system/recruit/category/index',1,0,'C','0','0','recruit:category:list','build','admin','2021-03-25 09:11:21','admin','2021-05-11 12:43:05','岗位分类菜单'),(2008,'岗位分类查询',2007,1,'#','',1,0,'F','0','0','recruit:category:query','#','admin','2021-03-25 09:11:22','',NULL,''),(2009,'岗位分类新增',2007,2,'#','',1,0,'F','0','0','recruit:category:add','#','admin','2021-03-25 09:11:22','',NULL,''),(2010,'岗位分类修改',2007,3,'#','',1,0,'F','0','0','recruit:category:edit','#','admin','2021-03-25 09:11:23','',NULL,''),(2011,'岗位分类删除',2007,4,'#','',1,0,'F','0','0','recruit:category:remove','#','admin','2021-03-25 09:11:23','',NULL,''),(2012,'岗位分类导出',2007,5,'#','',1,0,'F','0','0','recruit:category:export','#','admin','2021-03-25 09:11:24','',NULL,''),(2024,'招聘岗位',2000,1,'position','system/recruit/position/index',1,0,'C','0','0','recruit:position:list','component','admin','2021-03-25 09:12:09','admin','2021-05-11 12:43:18','招聘岗位菜单'),(2020,'招聘岗位查询',2024,1,'#','',1,0,'F','0','0','recruit:position:query','#','admin','2021-03-25 09:12:11','',NULL,''),(2021,'招聘岗位新增',2024,2,'#','',1,0,'F','0','0','recruit:position:add','#','admin','2021-03-25 09:12:11','',NULL,''),(2022,'招聘岗位修改',2024,3,'#','',1,0,'F','0','0','recruit:position:edit','#','admin','2021-03-25 09:12:12','',NULL,''),(2023,'招聘岗位删除',2024,4,'#','',1,0,'F','0','0','recruit:position:remove','#','admin','2021-03-25 09:12:12','',NULL,''),(2024,'招聘岗位导出',2024,5,'#','',1,0,'F','0','0','recruit:position:export','#','admin','2021-03-25 09:12:13','',NULL,''),(2025,'基础设施管理',2000,1,'classroom','system/recruit/classroom/index',1,0,'C','0','0','recruit:classroom:list','edit','admin','2021-04-03 21:29:14','admin','2021-05-11 12:43:26','教室菜单'),(2026,'教室查询',2025,1,'#','',1,0,'F','0','0','recruit:classroom:query','#','admin','2021-04-03 21:29:16','',NULL,''),(2027,'教室新增',2025,2,'#','',1,0,'F','0','0','recruit:classroom:add','#','admin','2021-04-03 21:29:16','',NULL,''),(2028,'教室修改',2025,3,'#','',1,0,'F','0','0','recruit:classroom:edit','#','admin','2021-04-03 21:29:17','',NULL,''),(2029,'教室删除',2025,4,'#','',1,0,'F','0','0','recruit:classroom:remove','#','admin','2021-04-03 21:29:17','',NULL,''),(2030,'教室导出',2025,5,'#','',1,0,'F','0','0','recruit:classroom:export','#','admin','2021-04-03 21:29:18','',NULL,''),(2031,'简历投递信息',2000,1,'delivery','system/recruit/delivery/index',1,0,'C','0','0','recruit:delivery:list','drag','admin','2021-04-03 21:29:28','admin','2021-05-11 12:43:35','简历投递信息菜单'),(2032,'简历投递信息查询',2031,1,'#','',1,0,'F','0','0','recruit:delivery:query','#','admin','2021-04-03 21:29:30','',NULL,''),(2034,'简历投递信息修改',2031,3,'#','',1,0,'F','0','0','recruit:delivery:edit','#','admin','2021-04-03 21:29:31','',NULL,''),(2035,'简历投递信息删除',2031,4,'#','',1,0,'F','0','0','recruit:delivery:remove','#','admin','2021-04-03 21:29:31','',NULL,''),(2036,'简历投递信息导出',2031,5,'#','',1,0,'F','0','0','recruit:delivery:export','#','admin','2021-04-03 21:29:32','',NULL,''),(2037,'讲座申请',2000,1,'lecture','system/recruit/lecture/index',1,0,'C','0','0','recruit:lecture:list','education','admin','2021-04-03 21:29:35','admin','2021-05-11 12:43:46','讲座申请菜单'),(2038,'讲座申请查询',2037,1,'#','',1,0,'F','0','0','recruit:lecture:query','#','admin','2021-04-03 21:29:37','',NULL,''),(2039,'讲座申请新增',2037,2,'#','',1,0,'F','0','0','recruit:lecture:add','#','admin','2021-04-03 21:29:37','',NULL,''),(2040,'讲座申请修改',2037,3,'#','',1,0,'F','0','0','recruit:lecture:edit','#','admin','2021-04-03 21:29:38','',NULL,''),(2041,'讲座申请删除',2037,4,'#','',1,0,'F','0','0','recruit:lecture:remove','#','admin','2021-04-03 21:29:38','',NULL,''),(2042,'讲座申请导出',2037,5,'#','',1,0,'F','0','0','recruit:lecture:export','#','admin','2021-04-03 21:29:39','',NULL,''),(2043,'消息',2000,1,'message','system/recruit/message/index',1,0,'C','0','0','recruit:message:list','#','admin','2021-04-03 21:29:47','admin','2021-04-22 13:02:56','消息菜单'),(2044,'消息查询',2043,1,'#','',1,0,'F','0','0','recruit:message:query','#','admin','2021-04-03 21:29:49','',NULL,''),(2045,'消息新增',2043,2,'#','',1,0,'F','0','0','recruit:message:add','#','admin','2021-04-03 21:29:49','',NULL,''),(2046,'消息修改',2043,3,'#','',1,0,'F','0','0','recruit:message:edit','#','admin','2021-04-03 21:29:50','',NULL,''),(2047,'消息删除',2043,4,'#','',1,0,'F','0','0','recruit:message:remove','#','admin','2021-04-03 21:29:50','',NULL,''),(2048,'消息导出',2043,5,'#','',1,0,'F','0','0','recruit:message:export','#','admin','2021-04-03 21:29:51','',NULL,''),(2049,'学生简历信息',2000,1,'resume','system/recruit/resume/index',1,0,'C','0','0','recruit:resume:list','education','admin','2021-04-03 21:30:06','admin','2021-05-11 12:44:20','学生简历信息菜单'),(2050,'学生简历信息查询',2049,1,'#','',1,0,'F','0','0','recruit:resume:query','#','admin','2021-04-03 21:30:08','',NULL,''),(2051,'学生简历信息新增',2049,2,'#','',1,0,'F','0','0','recruit:resume:add','#','admin','2021-04-03 21:30:08','',NULL,''),(2052,'学生简历信息修改',2049,3,'#','',1,0,'F','0','0','recruit:resume:edit','#','admin','2021-04-03 21:30:09','',NULL,''),(2053,'学生简历信息删除',2049,4,'#','',1,0,'F','0','0','recruit:resume:remove','#','admin','2021-04-03 21:30:09','',NULL,''),(2054,'学生简历信息导出',2049,5,'#','',1,0,'F','0','0','recruit:resume:export','#','admin','2021-04-03 21:30:10','',NULL,''),(2055,'学生个人信息',2000,1,'student','system/recruit/student/index',1,0,'C','0','0','recruit:student:list','#','admin','2021-04-03 21:30:20','admin','2021-05-05 23:39:10','学生个人信息菜单'),(2056,'学生个人信息查询',2055,1,'#','',1,0,'F','0','0','recruit:student:query','#','admin','2021-04-03 21:30:21','',NULL,''),(2057,'学生个人信息新增',2055,2,'#','',1,0,'F','0','0','recruit:student:add','#','admin','2021-04-03 21:30:21','',NULL,''),(2058,'学生个人信息修改',2055,3,'#','',1,0,'F','0','0','recruit:student:edit','#','admin','2021-04-03 21:30:22','',NULL,''),(2059,'学生个人信息删除',2055,4,'#','',1,0,'F','0','0','recruit:student:remove','#','admin','2021-04-03 21:30:23','',NULL,''),(2060,'学生个人信息导出',2055,5,'#','',1,0,'F','0','0','recruit:student:export','#','admin','2021-04-03 21:30:23','',NULL,''),(2061,'企业信息同意',2001,6,'',NULL,1,0,'F','0','0','recruit:info:agree','#','admin','2021-04-23 13:41:11','',NULL,''),(2062,'企业信息驳回',2001,7,'',NULL,1,0,'F','0','0','recruit:info:reject','#','admin','2021-04-23 13:42:42','',NULL,''),(2063,'用户管理',1,1,'sysuser',NULL,1,0,'M','0','0',NULL,'user','admin','2021-04-29 23:21:29','',NULL,''),(2064,'企业用户',2063,2,'company-user','system/user/company/index',1,0,'C','0','0','','post','admin','2021-04-29 23:39:03','admin','2021-04-30 14:44:05','');
/*!40000 ALTER TABLE `sys_menu` ENABLE KEYS */;

--
-- Table structure for table `sys_oper_log`
--

DROP TABLE IF EXISTS `sys_oper_log`;
/*!40101 SET @saved_cs_client     = @@character_set_client */;
/*!50503 SET character_set_client = utf8mb4 */;
CREATE TABLE `sys_oper_log` (
  `oper_id` bigint NOT NULL AUTO_INCREMENT COMMENT '日志主键',
  `title` varchar(50) DEFAULT '' COMMENT '模块标题',
  `business_type` int DEFAULT '0' COMMENT '业务类型（0其它 1新增 2修改 3删除）',
  `method` varchar(100) DEFAULT '' COMMENT '方法名称',
  `request_method` varchar(10) DEFAULT '' COMMENT '请求方式',
  `operator_type` int DEFAULT '0' COMMENT '操作类别（0其它 1后台用户 2手机端用户）',
  `oper_name` varchar(50) DEFAULT '' COMMENT '操作人员',
  `dept_name` varchar(50) DEFAULT '' COMMENT '部门名称',
  `oper_url` varchar(255) DEFAULT '' COMMENT '请求URL',
  `oper_ip` varchar(50) DEFAULT '' COMMENT '主机地址',
  `oper_location` varchar(255) DEFAULT '' COMMENT '操作地点',
  `oper_param` varchar(2000) DEFAULT '' COMMENT '请求参数',
  `json_result` varchar(2000) DEFAULT '' COMMENT '返回参数',
  `status` int DEFAULT '0' COMMENT '操作状态（0正常 1异常）',
  `error_msg` varchar(2000) DEFAULT '' COMMENT '错误消息',
  `oper_time` datetime DEFAULT NULL COMMENT '操作时间',
  PRIMARY KEY (`oper_id`)
) ENGINE=InnoDB AUTO_INCREMENT=583 DEFAULT CHARSET=utf8 COMMENT='操作日志记录';
/*!40101 SET character_set_client = @saved_cs_client */;

--
-- Dumping data for table `sys_oper_log`
--

/*!40000 ALTER TABLE `sys_oper_log` DISABLE KEYS */;
INSERT INTO `sys_oper_log` VALUES (100,'企业信息',3,'com.ruoyi.recruit.controller.RecruitCompanyInfoController.remove()','DELETE',1,'root',NULL,'/recruit/info/7','127.0.0.1','内网IP','{ids=7}','{\"msg\":\"操作成功\",\"code\":200}',0,NULL,'2021-05-02 22:27:10'),(101,'企业信息',2,'com.ruoyi.recruit.controller.RecruitCompanyInfoController.edit()','PUT',1,'admin',NULL,'/recruit/info','127.0.0.1','内网IP','{\"params\":{},\"userId\":100,\"auditState\":2,\"id\":6}','{\"msg\":\"操作成功\",\"code\":200}',0,NULL,'2021-05-02 22:31:22'),(102,'代码生成',6,'com.ruoyi.generator.controller.GenController.importTableSave()','POST',1,'admin',NULL,'/tool/gen/importTable','127.0.0.1','内网IP','recruit_lecture','{\"msg\":\"操作成功\",\"code\":200}',0,NULL,'2021-05-03 09:13:05'),(103,'代码生成',2,'com.ruoyi.generator.controller.GenController.synchDb()','GET',1,'admin',NULL,'/tool/gen/synchDb/recruit_lecture','127.0.0.1','内网IP','{tableName=recruit_lecture}','{\"msg\":\"操作成功\",\"code\":200}',0,NULL,'2021-05-03 09:21:39'),(104,'代码生成',3,'com.ruoyi.generator.controller.GenController.remove()','DELETE',1,'admin',NULL,'/tool/gen/1','127.0.0.1','内网IP','{tableIds=1}','{\"msg\":\"操作成功\",\"code\":200}',0,NULL,'2021-05-03 09:21:49'),(105,'代码生成',6,'com.ruoyi.generator.controller.GenController.importTableSave()','POST',1,'admin',NULL,'/tool/gen/importTable','127.0.0.1','内网IP','','{\"msg\":\"操作成功\",\"code\":200}',0,NULL,'2021-05-03 09:21:52'),(106,'代码生成',6,'com.ruoyi.generator.controller.GenController.importTableSave()','POST',1,'admin',NULL,'/tool/gen/importTable','127.0.0.1','内网IP','recruit_lecture','{\"msg\":\"操作成功\",\"code\":200}',0,NULL,'2021-05-03 09:21:59'),(107,'代码生成',2,'com.ruoyi.generator.controller.GenController.editSave()','PUT',1,'admin',NULL,'/tool/gen','127.0.0.1','内网IP','{\"functionAuthor\":\"ruoyi\",\"columns\":[{\"usableColumn\":false,\"columnId\":10,\"isIncrement\":\"1\",\"increment\":true,\"insert\":true,\"dictType\":\"\",\"required\":false,\"superColumn\":false,\"updateBy\":\"\",\"isInsert\":\"1\",\"javaField\":\"id\",\"htmlType\":\"input\",\"edit\":false,\"query\":false,\"sort\":1,\"list\":false,\"params\":{},\"javaType\":\"Long\",\"queryType\":\"EQ\",\"columnType\":\"bigint\",\"createBy\":\"admin\",\"isPk\":\"1\",\"createTime\":1620004918000,\"tableId\":2,\"pk\":true,\"columnName\":\"id\"},{\"usableColumn\":false,\"columnId\":11,\"isIncrement\":\"0\",\"increment\":false,\"insert\":true,\"isList\":\"1\",\"dictType\":\"\",\"required\":false,\"superColumn\":false,\"updateBy\":\"\",\"isInsert\":\"1\",\"javaField\":\"companyName\",\"htmlType\":\"input\",\"edit\":true,\"query\":true,\"columnComment\":\"公司名称\",\"isQuery\":\"1\",\"sort\":2,\"list\":true,\"params\":{},\"javaType\":\"String\",\"queryType\":\"LIKE\",\"columnType\":\"varchar(255)\",\"createBy\":\"admin\",\"isPk\":\"0\",\"createTime\":1620004918000,\"isEdit\":\"1\",\"tableId\":2,\"pk\":false,\"columnName\":\"company_name\"},{\"usableColumn\":false,\"columnId\":12,\"isIncrement\":\"0\",\"increment\":false,\"insert\":true,\"isList\":\"1\",\"dictType\":\"\",\"required\":false,\"superColumn\":false,\"updateBy\":\"\",\"isInsert\":\"1\",\"javaField\":\"companyAddress\",\"htmlType\":\"input\",\"edit\":true,\"query\":true,\"columnComment\":\"公司地址\",\"isQuery\":\"1\",\"sort\":3,\"list\":true,\"params\":{},\"javaType\":\"String\",\"queryType\":\"EQ\",\"columnType\":\"varchar(255)\",\"createBy\":\"admin\",\"isPk\":\"0\",\"createTime\":1620004918000,\"isEdit\":\"1\",\"tableId\":2,\"pk\":false,\"columnName\":\"company_address\"},{\"usableColumn\":false,\"columnId\":13,\"isIncrement\":\"0\",\"increment\":false,\"insert\":true,\"isList\":\"1\",\"dictType\":\"\",\"required\":false,\"superColumn\":false,\"updateBy\":\"\",\"isInsert\":\"1\",\"javaField\":\"phone\",\"htmlType\":\"input\",\"edit\":true,\"query\":true,\"columnComment\":\"联系电话\",\"isQuery\":\"1\",\"sort\":4,\"list\":true,\"params\":{},\"javaType\":\"String\",\"queryType\":\"EQ\",\"columnType\":\"varchar(11)\",\"createBy\":\"admin\",\"isPk\":\"0\",\"createTime\":1620004918000,\"isEdit\":\"1\",\"tableId\":2,\"pk\":false,\"columnName\":\"phone\"},{\"usableColumn\":false,\"columnId\":1','{\"msg\":\"操作成功\",\"code\":200}',0,NULL,'2021-05-03 09:22:45'),(108,'代码生成',8,'com.ruoyi.generator.controller.GenController.batchGenCode()','GET',1,'admin',NULL,'/tool/gen/batchGenCode','127.0.0.1','内网IP','{}','null',0,NULL,'2021-05-03 09:23:55'),(109,'代码生成',2,'com.ruoyi.generator.controller.GenController.editSave()','PUT',1,'admin',NULL,'/tool/gen','127.0.0.1','内网IP','{\"functionAuthor\":\"ruoyi\",\"columns\":[{\"usableColumn\":false,\"columnId\":10,\"isIncrement\":\"1\",\"increment\":true,\"insert\":true,\"dictType\":\"\",\"required\":false,\"superColumn\":false,\"updateBy\":\"\",\"isInsert\":\"1\",\"javaField\":\"id\",\"htmlType\":\"input\",\"edit\":false,\"query\":false,\"updateTime\":1620004964000,\"sort\":1,\"list\":false,\"params\":{},\"javaType\":\"Long\",\"queryType\":\"EQ\",\"columnType\":\"bigint\",\"createBy\":\"admin\",\"isPk\":\"1\",\"createTime\":1620004918000,\"tableId\":2,\"pk\":true,\"columnName\":\"id\"},{\"usableColumn\":false,\"columnId\":11,\"isIncrement\":\"0\",\"increment\":false,\"insert\":true,\"isList\":\"1\",\"dictType\":\"\",\"required\":false,\"superColumn\":false,\"updateBy\":\"\",\"isInsert\":\"1\",\"javaField\":\"companyName\",\"htmlType\":\"input\",\"edit\":true,\"query\":true,\"columnComment\":\"公司名称\",\"isQuery\":\"1\",\"updateTime\":1620004964000,\"sort\":2,\"list\":true,\"params\":{},\"javaType\":\"String\",\"queryType\":\"LIKE\",\"columnType\":\"varchar(255)\",\"createBy\":\"admin\",\"isPk\":\"0\",\"createTime\":1620004918000,\"isEdit\":\"1\",\"tableId\":2,\"pk\":false,\"columnName\":\"company_name\"},{\"usableColumn\":false,\"columnId\":12,\"isIncrement\":\"0\",\"increment\":false,\"insert\":true,\"isList\":\"1\",\"dictType\":\"\",\"required\":false,\"superColumn\":false,\"updateBy\":\"\",\"isInsert\":\"1\",\"javaField\":\"companyAddress\",\"htmlType\":\"input\",\"edit\":true,\"query\":true,\"columnComment\":\"公司地址\",\"isQuery\":\"1\",\"updateTime\":1620004965000,\"sort\":3,\"list\":true,\"params\":{},\"javaType\":\"String\",\"queryType\":\"EQ\",\"columnType\":\"varchar(255)\",\"createBy\":\"admin\",\"isPk\":\"0\",\"createTime\":1620004918000,\"isEdit\":\"1\",\"tableId\":2,\"pk\":false,\"columnName\":\"company_address\"},{\"usableColumn\":false,\"columnId\":13,\"isIncrement\":\"0\",\"increment\":false,\"insert\":true,\"isList\":\"1\",\"dictType\":\"\",\"required\":false,\"superColumn\":false,\"updateBy\":\"\",\"isInsert\":\"1\",\"javaField\":\"phone\",\"htmlType\":\"input\",\"edit\":true,\"query\":true,\"columnComment\":\"联系电话\",\"isQuery\":\"1\",\"updateTime\":1620004965000,\"sort\":4,\"list\":true,\"params\":{},\"javaType\":\"String\",\"queryType\":\"EQ\",\"columnType\":\"varchar(11)\",\"createBy\":\"admin\",\"isPk\":\"0\",\"createTime','{\"msg\":\"操作成功\",\"code\":200}',0,NULL,'2021-05-03 09:25:00'),(110,'代码生成',8,'com.ruoyi.generator.controller.GenController.batchGenCode()','GET',1,'admin',NULL,'/tool/gen/batchGenCode','127.0.0.1','内网IP','{}','null',0,NULL,'2021-05-03 09:25:07'),(111,'代码生成',2,'com.ruoyi.generator.controller.GenController.synchDb()','GET',1,'admin',NULL,'/tool/gen/synchDb/recruit_lecture','127.0.0.1','内网IP','{tableName=recruit_lecture}','{\"msg\":\"操作成功\",\"code\":200}',0,NULL,'2021-05-03 09:30:20'),(112,'代码生成',2,'com.ruoyi.generator.controller.GenController.editSave()','PUT',1,'admin',NULL,'/tool/gen','127.0.0.1','内网IP','{\"functionAuthor\":\"ruoyi\",\"columns\":[{\"usableColumn\":false,\"columnId\":10,\"isIncrement\":\"1\",\"increment\":true,\"insert\":true,\"dictType\":\"\",\"required\":false,\"superColumn\":false,\"updateBy\":\"\",\"isInsert\":\"1\",\"javaField\":\"id\",\"htmlType\":\"input\",\"edit\":false,\"query\":false,\"updateTime\":1620005099000,\"sort\":1,\"list\":false,\"params\":{},\"javaType\":\"Long\",\"queryType\":\"EQ\",\"columnType\":\"bigint\",\"createBy\":\"admin\",\"isPk\":\"1\",\"createTime\":1620004918000,\"tableId\":2,\"pk\":true,\"columnName\":\"id\"},{\"usableColumn\":false,\"columnId\":11,\"isIncrement\":\"0\",\"increment\":false,\"insert\":true,\"isList\":\"1\",\"dictType\":\"\",\"required\":false,\"superColumn\":false,\"updateBy\":\"\",\"isInsert\":\"1\",\"javaField\":\"companyName\",\"htmlType\":\"input\",\"edit\":true,\"query\":true,\"columnComment\":\"公司名称\",\"isQuery\":\"1\",\"updateTime\":1620005099000,\"sort\":2,\"list\":true,\"params\":{},\"javaType\":\"String\",\"queryType\":\"LIKE\",\"columnType\":\"varchar(255)\",\"createBy\":\"admin\",\"isPk\":\"0\",\"createTime\":1620004918000,\"isEdit\":\"1\",\"tableId\":2,\"pk\":false,\"columnName\":\"company_name\"},{\"usableColumn\":false,\"columnId\":12,\"isIncrement\":\"0\",\"increment\":false,\"insert\":true,\"isList\":\"1\",\"dictType\":\"\",\"required\":false,\"superColumn\":false,\"updateBy\":\"\",\"isInsert\":\"1\",\"javaField\":\"companyAddress\",\"htmlType\":\"input\",\"edit\":true,\"query\":true,\"columnComment\":\"公司地址\",\"isQuery\":\"1\",\"updateTime\":1620005100000,\"sort\":3,\"list\":true,\"params\":{},\"javaType\":\"String\",\"queryType\":\"EQ\",\"columnType\":\"varchar(255)\",\"createBy\":\"admin\",\"isPk\":\"0\",\"createTime\":1620004918000,\"isEdit\":\"1\",\"tableId\":2,\"pk\":false,\"columnName\":\"company_address\"},{\"usableColumn\":false,\"columnId\":13,\"isIncrement\":\"0\",\"increment\":false,\"insert\":true,\"isList\":\"1\",\"dictType\":\"\",\"required\":false,\"superColumn\":false,\"updateBy\":\"\",\"isInsert\":\"1\",\"javaField\":\"phone\",\"htmlType\":\"input\",\"edit\":true,\"query\":true,\"columnComment\":\"联系电话\",\"isQuery\":\"1\",\"updateTime\":1620005100000,\"sort\":4,\"list\":true,\"params\":{},\"javaType\":\"String\",\"queryType\":\"EQ\",\"columnType\":\"varchar(11)\",\"createBy\":\"admin\",\"isPk\":\"0\",\"createTime','{\"msg\":\"操作成功\",\"code\":200}',0,NULL,'2021-05-03 09:32:32'),(113,'代码生成',2,'com.ruoyi.generator.controller.GenController.editSave()','PUT',1,'admin',NULL,'/tool/gen','127.0.0.1','内网IP','{\"functionAuthor\":\"ruoyi\",\"columns\":[{\"usableColumn\":false,\"columnId\":10,\"isIncrement\":\"1\",\"increment\":true,\"insert\":true,\"dictType\":\"\",\"required\":false,\"superColumn\":false,\"updateBy\":\"\",\"isInsert\":\"1\",\"javaField\":\"id\",\"htmlType\":\"input\",\"edit\":false,\"query\":false,\"updateTime\":1620005551000,\"sort\":1,\"list\":false,\"params\":{},\"javaType\":\"Long\",\"queryType\":\"EQ\",\"columnType\":\"bigint\",\"createBy\":\"admin\",\"isPk\":\"1\",\"createTime\":1620004918000,\"tableId\":2,\"pk\":true,\"columnName\":\"id\"},{\"usableColumn\":false,\"columnId\":11,\"isIncrement\":\"0\",\"increment\":false,\"insert\":true,\"isList\":\"1\",\"dictType\":\"\",\"required\":false,\"superColumn\":false,\"updateBy\":\"\",\"isInsert\":\"1\",\"javaField\":\"companyName\",\"htmlType\":\"input\",\"edit\":true,\"query\":true,\"columnComment\":\"公司名称\",\"isQuery\":\"1\",\"updateTime\":1620005551000,\"sort\":2,\"list\":true,\"params\":{},\"javaType\":\"String\",\"queryType\":\"LIKE\",\"columnType\":\"varchar(255)\",\"createBy\":\"admin\",\"isPk\":\"0\",\"createTime\":1620004918000,\"isEdit\":\"1\",\"tableId\":2,\"pk\":false,\"columnName\":\"company_name\"},{\"usableColumn\":false,\"columnId\":12,\"isIncrement\":\"0\",\"increment\":false,\"insert\":true,\"isList\":\"1\",\"dictType\":\"\",\"required\":false,\"superColumn\":false,\"updateBy\":\"\",\"isInsert\":\"1\",\"javaField\":\"companyAddress\",\"htmlType\":\"input\",\"edit\":true,\"query\":true,\"columnComment\":\"公司地址\",\"isQuery\":\"1\",\"updateTime\":1620005551000,\"sort\":3,\"list\":true,\"params\":{},\"javaType\":\"String\",\"queryType\":\"EQ\",\"columnType\":\"varchar(255)\",\"createBy\":\"admin\",\"isPk\":\"0\",\"createTime\":1620004918000,\"isEdit\":\"1\",\"tableId\":2,\"pk\":false,\"columnName\":\"company_address\"},{\"usableColumn\":false,\"columnId\":13,\"isIncrement\":\"0\",\"increment\":false,\"insert\":true,\"isList\":\"1\",\"dictType\":\"\",\"required\":false,\"superColumn\":false,\"updateBy\":\"\",\"isInsert\":\"1\",\"javaField\":\"phone\",\"htmlType\":\"input\",\"edit\":true,\"query\":true,\"columnComment\":\"联系电话\",\"isQuery\":\"1\",\"updateTime\":1620005551000,\"sort\":4,\"list\":true,\"params\":{},\"javaType\":\"String\",\"queryType\":\"EQ\",\"columnType\":\"varchar(11)\",\"createBy\":\"admin\",\"isPk\":\"0\",\"createTime','{\"msg\":\"操作成功\",\"code\":200}',0,NULL,'2021-05-03 11:00:15'),(114,'讲座申请',1,'com.ruoyi.recruit.controller.RecruitLectureController.add()','POST',1,'admin',NULL,'/recruit/lecture','127.0.0.1','内网IP','{\"companyName\":\"阿里巴巴\",\"direct\":\"计算机Java\",\"description\":\"阿里巴巴网络技术有限公司（简称：阿里巴巴集团）是以曾担任英语教师的马云为首的18人于1999年在浙江杭州创立\",\"classroom\":\"博学楼404\",\"params\":{},\"createTime\":1620011941022,\"phone\":\"13184523478\",\"companyAddress\":\"北京\",\"id\":1}','{\"msg\":\"操作成功\",\"code\":200}',0,NULL,'2021-05-03 11:19:02'),(115,'讲座申请',2,'com.ruoyi.recruit.controller.RecruitLectureController.edit()','PUT',1,'admin',NULL,'/recruit/lecture','127.0.0.1','内网IP','{\"companyName\":\"阿里巴巴\",\"direct\":\"计算机Java\",\"description\":\"阿里巴巴网络技术有限公司（简称：阿里巴巴集团）是以曾担任英语教师的马云为首的18人于1999年在浙江杭州创立\",\"classroom\":\"博学楼404\",\"params\":{},\"auditState\":1,\"createTime\":1620011941000,\"phone\":\"13184523478\",\"companyAddress\":\"北京\",\"id\":1}','{\"msg\":\"操作成功\",\"code\":200}',0,NULL,'2021-05-03 11:22:27'),(116,'企业信息',2,'com.ruoyi.recruit.controller.RecruitCompanyInfoController.edit()','PUT',1,'zzz',NULL,'/recruit/info','127.0.0.1','内网IP','{\"params\":{},\"auditState\":1,\"logo\":\"http://localhost:8080/profile/upload/2021/05/03/25bd7632-29eb-4773-a264-305d28387a93.jpg\",\"id\":8}','null',1,'\r\n### Error updating database.  Cause: java.sql.SQLIntegrityConstraintViolationException: Column \'user_id\' cannot be null\r\n### The error may exist in file [E:\\校园招聘系统\\recruit-api\\ruoyi-system\\target\\classes\\mapper\\system\\SysUserRoleMapper.xml]\r\n### The error may involve defaultParameterMap\r\n### The error occurred while setting parameters\r\n### SQL: insert into sys_user_role(user_id, role_id) values                        (?,?)\r\n### Cause: java.sql.SQLIntegrityConstraintViolationException: Column \'user_id\' cannot be null\n; Column \'user_id\' cannot be null; nested exception is java.sql.SQLIntegrityConstraintViolationException: Column \'user_id\' cannot be null','2021-05-03 21:15:08'),(117,'企业信息',2,'com.ruoyi.recruit.controller.RecruitCompanyInfoController.edit()','PUT',1,'zzz',NULL,'/recruit/info','127.0.0.1','内网IP','{\"params\":{},\"auditState\":1,\"license\":\"http://localhost:8080/profile/upload/2021/05/03/0ac70288-52b4-48f5-805b-e1a1cf15b879.jpg\",\"id\":8}','null',1,'\r\n### Error updating database.  Cause: java.sql.SQLIntegrityConstraintViolationException: Column \'user_id\' cannot be null\r\n### The error may exist in file [E:\\校园招聘系统\\recruit-api\\ruoyi-system\\target\\classes\\mapper\\system\\SysUserRoleMapper.xml]\r\n### The error may involve defaultParameterMap\r\n### The error occurred while setting parameters\r\n### SQL: insert into sys_user_role(user_id, role_id) values                        (?,?)\r\n### Cause: java.sql.SQLIntegrityConstraintViolationException: Column \'user_id\' cannot be null\n; Column \'user_id\' cannot be null; nested exception is java.sql.SQLIntegrityConstraintViolationException: Column \'user_id\' cannot be null','2021-05-03 21:15:14'),(118,'用户管理',2,'com.ruoyi.web.controller.system.SysUserController.edit()','PUT',1,'admin',NULL,'/system/user','127.0.0.1','内网IP','{\"roles\":[{\"flag\":false,\"roleId\":102,\"admin\":false,\"dataScope\":\"1\",\"params\":{},\"roleSort\":\"5\",\"deptCheckStrictly\":false,\"menuCheckStrictly\":false,\"roleKey\":\"no_auth_company\",\"roleName\":\"未认证企业\",\"status\":\"0\"}],\"phonenumber\":\"18250014239\",\"admin\":false,\"delFlag\":\"0\",\"password\":\"$2a$10$J5LRrpGUIn8EmJuSG6R2NeCQrE8M6JLtBr6gkphAas.7iGmnoY8U2\",\"updateBy\":\"admin\",\"loginIp\":\"\",\"email\":\"7896@qq.com\",\"nickName\":\"开心就好\",\"sex\":\"0\",\"avatar\":\"\",\"params\":{},\"userName\":\"zzz\",\"userId\":101,\"createBy\":\"\",\"createTime\":1620047668000,\"userType\":\"00\",\"status\":\"0\"}','{\"msg\":\"操作成功\",\"code\":200}',0,NULL,'2021-05-03 21:24:49'),(119,'用户管理',1,'com.ruoyi.web.controller.system.SysUserController.add()','POST',1,'admin',NULL,'/system/user','127.0.0.1','内网IP','{\"phonenumber\":\"18336901105\",\"admin\":false,\"password\":\"$2a$10$K9OUaNrNfEUQ9YZ3.CJGZeiShq.yUGiAmlTLfv5COrrz54CIgL/8C\",\"postIds\":[],\"email\":\"12345@qq.com\",\"nickName\":\"哈哈\",\"sex\":\"0\",\"deptId\":100,\"params\":{},\"userName\":\"张三\",\"userId\":102,\"createBy\":\"admin\",\"roleIds\":[101],\"status\":\"0\"}','{\"msg\":\"操作成功\",\"code\":200}',0,NULL,'2021-05-03 21:32:28'),(120,'用户管理',1,'com.ruoyi.web.controller.system.SysUserController.add()','POST',1,'admin',NULL,'/system/user','127.0.0.1','内网IP','{\"phonenumber\":\"18336901105\",\"admin\":false,\"password\":\"111111\",\"postIds\":[],\"email\":\"12345@qq.com\",\"nickName\":\"哈哈\",\"sex\":\"0\",\"deptId\":100,\"params\":{},\"userName\":\"张三\",\"roleIds\":[101],\"status\":\"0\"}','{\"msg\":\"新增用户\'张三\'失败，登录账号已存在\",\"code\":500}',0,NULL,'2021-05-03 21:32:28'),(121,'用户管理',2,'com.ruoyi.web.controller.system.SysUserController.edit()','PUT',1,'admin',NULL,'/system/user','127.0.0.1','内网IP','{\"roles\":[{\"flag\":false,\"roleId\":101,\"admin\":false,\"dataScope\":\"1\",\"params\":{},\"roleSort\":\"4\",\"deptCheckStrictly\":false,\"menuCheckStrictly\":false,\"roleKey\":\"student\",\"roleName\":\"学生\",\"status\":\"0\"}],\"phonenumber\":\"18336901105\",\"admin\":false,\"delFlag\":\"0\",\"password\":\"$2a$10$O1OZEGKrDJ2Xs1FMirD.N.Zh2xBOliwcURWdF1IcLq2z1nE4T5lHO\",\"updateBy\":\"admin\",\"postIds\":[],\"loginIp\":\"\",\"email\":\"12345@qq.com\",\"nickName\":\"317\",\"sex\":\"0\",\"deptId\":100,\"avatar\":\"\",\"dept\":{\"deptName\":\"xx大学\",\"leader\":\"若依\",\"deptId\":100,\"orderNum\":\"0\",\"params\":{},\"parentId\":0,\"children\":[],\"status\":\"0\"},\"params\":{},\"userName\":\"张三\",\"userId\":102,\"createBy\":\"admin\",\"roleIds\":[101],\"createTime\":1620048747000,\"userType\":\"00\",\"status\":\"0\"}','{\"msg\":\"操作成功\",\"code\":200}',0,NULL,'2021-05-03 21:33:10'),(122,'用户管理',2,'com.ruoyi.web.controller.system.SysUserController.resetPwd()','PUT',1,'admin',NULL,'/system/user/resetPwd','127.0.0.1','内网IP','{\"admin\":false,\"password\":\"$2a$10$kxsvZfBjt7yirOjsSx1NyO5T7HXQny/6U.mQqBfW.7WT/fOW5XlV.\",\"updateBy\":\"admin\",\"params\":{},\"userId\":102}','{\"msg\":\"操作成功\",\"code\":200}',0,NULL,'2021-05-03 21:35:51'),(123,'企业信息',2,'com.ruoyi.recruit.controller.RecruitCompanyInfoController.edit()','PUT',1,'admin',NULL,'/recruit/info','127.0.0.1','内网IP','{\"params\":{},\"userId\":101,\"auditState\":2,\"id\":8}','{\"msg\":\"操作成功\",\"code\":200}',0,NULL,'2021-05-03 21:44:06'),(124,'企业信息',2,'com.ruoyi.recruit.controller.RecruitCompanyInfoController.edit()','PUT',1,'zzz',NULL,'/recruit/info','127.0.0.1','内网IP','{\"params\":{},\"auditState\":1,\"logo\":\"http://localhost:8080/profile/upload/2021/05/03/50e38c86-d7f2-4dbe-a452-e1fb091348bb.jpg\",\"id\":8}','null',1,'\r\n### Error updating database.  Cause: java.sql.SQLIntegrityConstraintViolationException: Column \'user_id\' cannot be null\r\n### The error may exist in file [E:\\校园招聘系统\\recruit-api\\ruoyi-system\\target\\classes\\mapper\\system\\SysUserRoleMapper.xml]\r\n### The error may involve defaultParameterMap\r\n### The error occurred while setting parameters\r\n### SQL: insert into sys_user_role(user_id, role_id) values                        (?,?)\r\n### Cause: java.sql.SQLIntegrityConstraintViolationException: Column \'user_id\' cannot be null\n; Column \'user_id\' cannot be null; nested exception is java.sql.SQLIntegrityConstraintViolationException: Column \'user_id\' cannot be null','2021-05-03 21:45:03'),(125,'企业信息',2,'com.ruoyi.recruit.controller.RecruitCompanyInfoController.edit()','PUT',1,'zzz',NULL,'/recruit/info','127.0.0.1','内网IP','{\"params\":{},\"auditState\":1,\"license\":\"http://localhost:8080/profile/upload/2021/05/03/9d8cd1f7-c699-4d0f-af77-d0b6002a1b6c.jpg\",\"id\":8}','null',1,'\r\n### Error updating database.  Cause: java.sql.SQLIntegrityConstraintViolationException: Column \'user_id\' cannot be null\r\n### The error may exist in file [E:\\校园招聘系统\\recruit-api\\ruoyi-system\\target\\classes\\mapper\\system\\SysUserRoleMapper.xml]\r\n### The error may involve defaultParameterMap\r\n### The error occurred while setting parameters\r\n### SQL: insert into sys_user_role(user_id, role_id) values                        (?,?)\r\n### Cause: java.sql.SQLIntegrityConstraintViolationException: Column \'user_id\' cannot be null\n; Column \'user_id\' cannot be null; nested exception is java.sql.SQLIntegrityConstraintViolationException: Column \'user_id\' cannot be null','2021-05-03 21:45:08'),(126,'讲座申请',1,'com.ruoyi.recruit.controller.RecruitLectureController.add()','POST',1,'zzz',NULL,'/recruit/lecture','127.0.0.1','内网IP','{\"companyName\":\"福州科技有限公司\",\"direct\":\"IT\",\"description\":\"很好很好\",\"classroom\":\"博学楼101\",\"params\":{},\"createTime\":1620050163562,\"phone\":\"18250014239\",\"companyAddress\":\"福州\",\"id\":2}','{\"msg\":\"操作成功\",\"code\":200}',0,NULL,'2021-05-03 21:56:05'),(127,'讲座申请',2,'com.ruoyi.recruit.controller.RecruitLectureController.edit()','PUT',1,'admin',NULL,'/recruit/lecture','127.0.0.1','内网IP','{\"companyName\":\"福州科技有限公司\",\"direct\":\"IT\",\"description\":\"很好很好\",\"classroom\":\"博学楼101\",\"params\":{},\"auditState\":1,\"createTime\":1620050164000,\"phone\":\"18250014239\",\"companyAddress\":\"福州\",\"id\":2}','{\"msg\":\"操作成功\",\"code\":200}',0,NULL,'2021-05-03 21:56:55'),(128,'讲座申请',2,'com.ruoyi.recruit.controller.RecruitLectureController.edit()','PUT',1,'zzz',NULL,'/recruit/lecture','127.0.0.1','内网IP','{\"companyName\":\"福州科技有限公司\",\"direct\":\"IT\",\"description\":\"很好很好\",\"classroom\":\"博学楼101\",\"params\":{},\"auditState\":1,\"createTime\":1620050164000,\"phone\":\"18250014239\",\"companyAddress\":\"福州\",\"id\":2}','{\"msg\":\"操作成功\",\"code\":200}',0,NULL,'2021-05-03 21:58:59'),(129,'讲座申请',1,'com.ruoyi.recruit.controller.RecruitLectureController.add()','POST',1,'zzz',NULL,'/recruit/lecture','127.0.0.1','内网IP','{\"companyName\":\"福州科技有限公司\",\"direct\":\"IT\",\"description\":\"不错不错\",\"classroom\":\"博学楼102\",\"params\":{},\"createTime\":1620050391395,\"phone\":\"18250014239\",\"companyAddress\":\"福州\",\"id\":3}','{\"msg\":\"操作成功\",\"code\":200}',0,NULL,'2021-05-03 21:59:53'),(130,'讲座申请',3,'com.ruoyi.recruit.controller.RecruitLectureController.remove()','DELETE',1,'zzz',NULL,'/recruit/lecture/3','127.0.0.1','内网IP','{ids=3}','{\"msg\":\"操作成功\",\"code\":200}',0,NULL,'2021-05-03 22:00:44'),(131,'讲座申请',1,'com.ruoyi.recruit.controller.RecruitLectureController.add()','POST',1,'zzz',NULL,'/recruit/lecture','127.0.0.1','内网IP','{\"companyName\":\"福州科技有限公司\",\"direct\":\"IT\",\"description\":\"不错不错\",\"classroom\":\"博学楼103\",\"params\":{},\"createTime\":1620050524981,\"phone\":\"18250014239\",\"companyAddress\":\"福州\",\"id\":4}','{\"msg\":\"操作成功\",\"code\":200}',0,NULL,'2021-05-03 22:02:06'),(132,'企业信息',2,'com.ruoyi.recruit.controller.RecruitCompanyInfoController.edit()','PUT',1,'11111',NULL,'/recruit/info','127.0.0.1','内网IP','{\"params\":{},\"auditState\":1,\"logo\":\"http://localhost:8080/profile/upload/2021/05/03/42acc178-87ab-475f-ae6e-8b0ffd6d37ba.png\",\"id\":9}','null',1,'\r\n### Error updating database.  Cause: java.sql.SQLIntegrityConstraintViolationException: Column \'user_id\' cannot be null\r\n### The error may exist in file [D:\\Program Files\\JetBrains\\新建文件夹\\毕业设计\\ruoyi\\recruit\\recruit-api\\ruoyi-system\\target\\classes\\mapper\\system\\SysUserRoleMapper.xml]\r\n### The error may involve defaultParameterMap\r\n### The error occurred while setting parameters\r\n### SQL: insert into sys_user_role(user_id, role_id) values                        (?,?)\r\n### Cause: java.sql.SQLIntegrityConstraintViolationException: Column \'user_id\' cannot be null\n; Column \'user_id\' cannot be null; nested exception is java.sql.SQLIntegrityConstraintViolationException: Column \'user_id\' cannot be null','2021-05-03 22:43:47'),(133,'企业信息',2,'com.ruoyi.recruit.controller.RecruitCompanyInfoController.edit()','PUT',1,'11111',NULL,'/recruit/info','127.0.0.1','内网IP','{\"params\":{},\"auditState\":1,\"logo\":\"http://localhost:8080/profile/upload/2021/05/03/f1b93f08-33cd-464b-a0cb-6e7d526a9602.png\",\"id\":9}','null',1,'\r\n### Error updating database.  Cause: java.sql.SQLIntegrityConstraintViolationException: Column \'user_id\' cannot be null\r\n### The error may exist in file [D:\\Program Files\\JetBrains\\新建文件夹\\毕业设计\\ruoyi\\recruit\\recruit-api\\ruoyi-system\\target\\classes\\mapper\\system\\SysUserRoleMapper.xml]\r\n### The error may involve defaultParameterMap\r\n### The error occurred while setting parameters\r\n### SQL: insert into sys_user_role(user_id, role_id) values                        (?,?)\r\n### Cause: java.sql.SQLIntegrityConstraintViolationException: Column \'user_id\' cannot be null\n; Column \'user_id\' cannot be null; nested exception is java.sql.SQLIntegrityConstraintViolationException: Column \'user_id\' cannot be null','2021-05-03 22:45:58'),(134,'企业信息',2,'com.ruoyi.recruit.controller.RecruitCompanyInfoController.edit()','PUT',1,'11111',NULL,'/recruit/info','127.0.0.1','内网IP','{\"params\":{},\"auditState\":1,\"logo\":\"http://localhost:8080/profile/upload/2021/05/03/781fb244-5f25-421f-add1-31146a2581df.png\",\"id\":9}','null',1,'\r\n### Error updating database.  Cause: java.sql.SQLIntegrityConstraintViolationException: Column \'user_id\' cannot be null\r\n### The error may exist in file [D:\\Program Files\\JetBrains\\新建文件夹\\毕业设计\\ruoyi\\recruit\\recruit-api\\ruoyi-system\\target\\classes\\mapper\\system\\SysUserRoleMapper.xml]\r\n### The error may involve defaultParameterMap\r\n### The error occurred while setting parameters\r\n### SQL: insert into sys_user_role(user_id, role_id) values                        (?,?)\r\n### Cause: java.sql.SQLIntegrityConstraintViolationException: Column \'user_id\' cannot be null\n; Column \'user_id\' cannot be null; nested exception is java.sql.SQLIntegrityConstraintViolationException: Column \'user_id\' cannot be null','2021-05-03 22:46:17'),(135,'企业信息',2,'com.ruoyi.recruit.controller.RecruitCompanyInfoController.edit()','PUT',1,'11111',NULL,'/recruit/info','127.0.0.1','内网IP','{\"params\":{},\"userId\":103,\"auditState\":1,\"logo\":\"http://localhost:8080/profile/upload/2021/05/03/77caf9eb-3599-4ee0-b826-8e8121657a93.png\",\"id\":9}','{\"msg\":\"操作成功\",\"code\":200}',0,NULL,'2021-05-03 22:50:52'),(136,'企业信息',2,'com.ruoyi.recruit.controller.RecruitCompanyInfoController.edit()','PUT',1,'11111',NULL,'/recruit/info','127.0.0.1','内网IP','{\"params\":{},\"userId\":103,\"auditState\":1,\"license\":\"http://localhost:8080/profile/upload/2021/05/03/631ca984-2148-4874-8e0f-c964c3bb6ccd.png\",\"id\":9}','{\"msg\":\"操作成功\",\"code\":200}',0,NULL,'2021-05-03 22:51:09'),(137,'企业信息',2,'com.ruoyi.recruit.controller.RecruitCompanyInfoController.edit()','PUT',1,'admin',NULL,'/recruit/info','127.0.0.1','内网IP','{\"params\":{},\"userId\":103,\"auditState\":2,\"id\":9}','{\"msg\":\"操作成功\",\"code\":200}',0,NULL,'2021-05-03 22:51:26'),(138,'角色管理',2,'com.ruoyi.web.controller.system.SysRoleController.edit()','PUT',1,'admin',NULL,'/system/role','127.0.0.1','内网IP','{\"flag\":false,\"roleId\":100,\"admin\":false,\"dataScope\":\"1\",\"delFlag\":\"0\",\"params\":{},\"roleSort\":\"3\",\"deptCheckStrictly\":true,\"createTime\":1618880879000,\"updateBy\":\"admin\",\"menuCheckStrictly\":true,\"roleKey\":\"auth_company\",\"roleName\":\"已认证企业用户\",\"menuIds\":[2000,2001,2004,2005,2006,2024,2020,2021,2022,2023,2024,2031,2032,2034,2035,2036,2037,2038,2039,2040,2041,2042],\"status\":\"0\"}','{\"msg\":\"操作成功\",\"code\":200}',0,NULL,'2021-05-03 22:52:29'),(139,'角色管理',2,'com.ruoyi.web.controller.system.SysRoleController.edit()','PUT',1,'admin',NULL,'/system/role','127.0.0.1','内网IP','{\"flag\":false,\"roleId\":102,\"admin\":false,\"dataScope\":\"1\",\"delFlag\":\"0\",\"params\":{},\"roleSort\":\"5\",\"deptCheckStrictly\":true,\"createTime\":1618884439000,\"updateBy\":\"admin\",\"menuCheckStrictly\":true,\"roleKey\":\"no_auth_company\",\"roleName\":\"未认证企业\",\"menuIds\":[2000,2001,2002,2003,2004,2005,2006],\"status\":\"0\"}','{\"msg\":\"操作成功\",\"code\":200}',0,NULL,'2021-05-03 22:52:39'),(140,'角色管理',2,'com.ruoyi.web.controller.system.SysRoleController.edit()','PUT',1,'admin',NULL,'/system/role','127.0.0.1','内网IP','{\"flag\":false,\"roleId\":100,\"admin\":false,\"dataScope\":\"1\",\"delFlag\":\"0\",\"params\":{},\"roleSort\":\"3\",\"deptCheckStrictly\":true,\"createTime\":1618880879000,\"updateBy\":\"admin\",\"menuCheckStrictly\":true,\"roleKey\":\"auth_company\",\"roleName\":\"已认证企业用户\",\"menuIds\":[2000,2001,2004,2005,2006,2024,2020,2021,2022,2023,2024,2031,2032,2034,2035,2036,2037,2038,2039,2040,2041,2042],\"status\":\"0\"}','{\"msg\":\"操作成功\",\"code\":200}',0,NULL,'2021-05-03 22:58:34'),(141,'角色管理',2,'com.ruoyi.web.controller.system.SysRoleController.edit()','PUT',1,'admin',NULL,'/system/role','127.0.0.1','内网IP','{\"flag\":false,\"roleId\":100,\"admin\":false,\"dataScope\":\"1\",\"delFlag\":\"0\",\"params\":{},\"roleSort\":\"3\",\"deptCheckStrictly\":true,\"createTime\":1618880879000,\"updateBy\":\"admin\",\"menuCheckStrictly\":true,\"roleKey\":\"auth_company\",\"roleName\":\"已认证企业用户\",\"menuIds\":[2000,2001,2025,2004,2005,2006,2024,2020,2021,2022,2023,2024,2026,2031,2032,2034,2035,2036,2037,2038,2039,2040,2041,2042],\"status\":\"0\"}','{\"msg\":\"操作成功\",\"code\":200}',0,NULL,'2021-05-03 23:03:15'),(142,'角色管理',2,'com.ruoyi.web.controller.system.SysRoleController.edit()','PUT',1,'admin',NULL,'/system/role','127.0.0.1','内网IP','{\"flag\":false,\"roleId\":100,\"admin\":false,\"dataScope\":\"1\",\"delFlag\":\"0\",\"params\":{},\"roleSort\":\"3\",\"deptCheckStrictly\":true,\"createTime\":1618880879000,\"updateBy\":\"admin\",\"menuCheckStrictly\":true,\"roleKey\":\"auth_company\",\"roleName\":\"已认证企业用户\",\"menuIds\":[2000,2001,2025,2037,2004,2005,2006,2024,2020,2021,2022,2023,2024,2026,2031,2032,2034,2035,2036,2038,2039,2041,2042],\"status\":\"0\"}','{\"msg\":\"操作成功\",\"code\":200}',0,NULL,'2021-05-03 23:06:07'),(143,'讲座申请',1,'com.ruoyi.recruit.controller.RecruitLectureController.add()','POST',1,'root',NULL,'/recruit/lecture','127.0.0.1','内网IP','{\"companyName\":\"shandong\",\"direct\":\"12\",\"description\":\"123\",\"classroom\":\"博学楼103\",\"params\":{},\"createTime\":1620055845238,\"phone\":\"13181351311\",\"companyAddress\":\"运河开发区\",\"id\":5}','{\"msg\":\"操作成功\",\"code\":200}',0,NULL,'2021-05-03 23:30:46'),(144,'讲座申请',1,'com.ruoyi.recruit.controller.RecruitLectureController.add()','POST',1,'root',NULL,'/recruit/lecture','127.0.0.1','内网IP','{\"companyName\":\"shandong\",\"direct\":\"123\",\"description\":\"123\",\"classroom\":\"博学楼105\",\"params\":{},\"createTime\":1620055979537,\"phone\":\"13181351311\",\"companyAddress\":\"运河开发区\",\"id\":6}','{\"msg\":\"操作成功\",\"code\":200}',0,NULL,'2021-05-03 23:33:00'),(145,'讲座申请',1,'com.ruoyi.recruit.controller.RecruitLectureController.add()','POST',1,'root',NULL,'/recruit/lecture','127.0.0.1','内网IP','{\"companyName\":\"shandong\",\"direct\":\"12\",\"description\":\"123\",\"classroom\":\"博学楼102\",\"params\":{},\"createTime\":1620056189214,\"phone\":\"13181351311\",\"companyAddress\":\"运河开发区\",\"id\":7}','{\"msg\":\"操作成功\",\"code\":200}',0,NULL,'2021-05-03 23:36:29'),(146,'代码生成',2,'com.ruoyi.generator.controller.GenController.synchDb()','GET',1,'admin',NULL,'/tool/gen/synchDb/recruit_lecture','127.0.0.1','内网IP','{tableName=recruit_lecture}','{\"msg\":\"操作成功\",\"code\":200}',0,NULL,'2021-05-03 23:38:46'),(147,'讲座申请',1,'com.ruoyi.recruit.controller.RecruitLectureController.add()','POST',1,'root',NULL,'/recruit/lecture','127.0.0.1','内网IP','{\"companyName\":\"shandong\",\"description\":\"123\",\"classroom\":\"博学楼103\",\"params\":{},\"createTime\":1620056530617,\"phone\":\"13181351311\",\"companyAddress\":\"运河开发区\",\"id\":1}','{\"msg\":\"操作成功\",\"code\":200}',0,NULL,'2021-05-03 23:42:11'),(148,'讲座申请',1,'com.ruoyi.recruit.controller.RecruitLectureController.add()','POST',1,'root',NULL,'/recruit/lecture','127.0.0.1','内网IP','{\"companyName\":\"shandong\",\"description\":\"123\",\"classroom\":\"博学楼103\",\"params\":{},\"createTime\":1620056648416,\"phone\":\"13181351311\",\"companyAddress\":\"运河开发区\",\"id\":2}','{\"msg\":\"操作成功\",\"code\":200}',0,NULL,'2021-05-03 23:44:09'),(149,'用户管理',3,'com.ruoyi.web.controller.system.SysUserController.remove()','DELETE',1,'admin',NULL,'/system/user/102','127.0.0.1','内网IP','{userIds=102}','{\"msg\":\"操作成功\",\"code\":200}',0,NULL,'2021-05-04 15:15:32'),(150,'用户管理',1,'com.ruoyi.web.controller.system.SysUserController.add()','POST',1,'admin',NULL,'/system/user','127.0.0.1','内网IP','{\"phonenumber\":\"18250096311\",\"admin\":false,\"password\":\"$2a$10$D3qTE9.KADcr5HAs/8ZwQOFbZVtyOlkLpWZt619O1ObxtYUpbamDi\",\"postIds\":[],\"email\":\"256@qq.com\",\"nickName\":\"217\",\"sex\":\"0\",\"deptId\":100,\"params\":{},\"userName\":\"李四\",\"userId\":104,\"createBy\":\"admin\",\"roleIds\":[101],\"status\":\"0\"}','{\"msg\":\"操作成功\",\"code\":200}',0,NULL,'2021-05-04 15:16:32'),(151,'企业信息',2,'com.ruoyi.recruit.controller.RecruitCompanyInfoController.edit()','PUT',1,'bbb',NULL,'/recruit/info','127.0.0.1','内网IP','{\"params\":{},\"userId\":105,\"auditState\":1,\"logo\":\"http://localhost:8080/profile/upload/2021/05/04/a850c874-5f47-4754-96c9-e882006409c9.jpg\",\"id\":10}','{\"msg\":\"操作成功\",\"code\":200}',0,NULL,'2021-05-04 15:22:19'),(152,'企业信息',2,'com.ruoyi.recruit.controller.RecruitCompanyInfoController.edit()','PUT',1,'bbb',NULL,'/recruit/info','127.0.0.1','内网IP','{\"params\":{},\"userId\":105,\"auditState\":1,\"license\":\"http://localhost:8080/profile/upload/2021/05/04/86d5c4d1-efd9-4e23-a9d7-59235985e0d5.jpg\",\"id\":10}','{\"msg\":\"操作成功\",\"code\":200}',0,NULL,'2021-05-04 15:22:28'),(153,'企业信息',2,'com.ruoyi.recruit.controller.RecruitCompanyInfoController.edit()','PUT',1,'admin',NULL,'/recruit/info','127.0.0.1','内网IP','{\"params\":{},\"userId\":105,\"auditState\":2,\"id\":10}','{\"msg\":\"操作成功\",\"code\":200}',0,NULL,'2021-05-04 15:23:10'),(154,'讲座申请',1,'com.ruoyi.recruit.controller.RecruitLectureController.add()','POST',1,'bbb',NULL,'/recruit/lecture','127.0.0.1','内网IP','{\"companyName\":\"厦门有限公司\",\"description\":\"ppp\",\"classroom\":\"博学楼102\",\"params\":{},\"phone\":\"17777777777\",\"companyAddress\":\"厦门\",\"startTime\":1620489600000,\"id\":3}','{\"msg\":\"操作成功\",\"code\":200}',0,NULL,'2021-05-04 15:25:50'),(155,'讲座申请',2,'com.ruoyi.recruit.controller.RecruitLectureController.edit()','PUT',1,'admin',NULL,'/recruit/lecture','127.0.0.1','内网IP','{\"companyName\":\"厦门有限公司\",\"description\":\"ppp\",\"classroom\":\"博学楼102\",\"params\":{},\"auditState\":1,\"phone\":\"17777777777\",\"companyAddress\":\"厦门\",\"startTime\":1620489600000,\"id\":3}','{\"msg\":\"操作成功\",\"code\":200}',0,NULL,'2021-05-04 15:26:39'),(156,'讲座申请',1,'com.ruoyi.recruit.controller.RecruitLectureController.add()','POST',1,'bbb',NULL,'/recruit/lecture','127.0.0.1','内网IP','{\"companyName\":\"厦门有限公司\",\"description\":\"234556\",\"classroom\":\"博学楼103\",\"params\":{},\"phone\":\"17777777777\",\"companyAddress\":\"厦门\",\"startTime\":1620662400000,\"id\":4}','{\"msg\":\"操作成功\",\"code\":200}',0,NULL,'2021-05-04 16:31:48'),(157,'讲座申请',2,'com.ruoyi.recruit.controller.RecruitLectureController.edit()','PUT',1,'admin',NULL,'/recruit/lecture','127.0.0.1','内网IP','{\"companyName\":\"厦门有限公司\",\"description\":\"234556\",\"classroom\":\"博学楼103\",\"params\":{},\"auditState\":1,\"phone\":\"17777777777\",\"companyAddress\":\"厦门\",\"startTime\":1620662400000,\"id\":4}','{\"msg\":\"操作成功\",\"code\":200}',0,NULL,'2021-05-04 16:34:52'),(158,'企业信息',2,'com.ruoyi.recruit.controller.RecruitCompanyInfoController.edit()','PUT',1,'ccc',NULL,'/recruit/info','127.0.0.1','内网IP','{\"params\":{},\"userId\":106,\"auditState\":1,\"logo\":\"http://localhost:8080/profile/upload/2021/05/04/1bf4f605-e05b-45df-95c1-843f3d1a68ab.jpg\",\"id\":11}','{\"msg\":\"操作成功\",\"code\":200}',0,NULL,'2021-05-04 16:52:47'),(159,'企业信息',2,'com.ruoyi.recruit.controller.RecruitCompanyInfoController.edit()','PUT',1,'ccc',NULL,'/recruit/info','127.0.0.1','内网IP','{\"params\":{},\"userId\":106,\"auditState\":1,\"license\":\"http://localhost:8080/profile/upload/2021/05/04/f2270259-eda4-4f0d-b2bf-fe69121bff37.jpg\",\"id\":11}','{\"msg\":\"操作成功\",\"code\":200}',0,NULL,'2021-05-04 16:52:55'),(160,'代码生成',6,'com.ruoyi.generator.controller.GenController.importTableSave()','POST',1,'admin',NULL,'/tool/gen/importTable','127.0.0.1','内网IP','sys_user','{\"msg\":\"操作成功\",\"code\":200}',0,NULL,'2021-05-04 21:23:13'),(161,'代码生成',2,'com.ruoyi.generator.controller.GenController.editSave()','PUT',1,'admin',NULL,'/tool/gen','127.0.0.1','内网IP','{\"functionAuthor\":\"ruoyi\",\"columns\":[{\"usableColumn\":false,\"columnId\":21,\"isIncrement\":\"1\",\"increment\":true,\"insert\":true,\"dictType\":\"\",\"required\":false,\"superColumn\":false,\"updateBy\":\"\",\"isInsert\":\"1\",\"javaField\":\"userId\",\"htmlType\":\"input\",\"edit\":false,\"query\":false,\"columnComment\":\"用户ID\",\"sort\":1,\"list\":false,\"params\":{},\"javaType\":\"Long\",\"queryType\":\"EQ\",\"columnType\":\"bigint\",\"createBy\":\"admin\",\"isPk\":\"1\",\"createTime\":1620134591000,\"tableId\":3,\"pk\":true,\"columnName\":\"user_id\"},{\"usableColumn\":false,\"columnId\":22,\"isIncrement\":\"0\",\"increment\":false,\"insert\":true,\"isList\":\"1\",\"dictType\":\"\",\"required\":false,\"superColumn\":false,\"updateBy\":\"\",\"isInsert\":\"1\",\"javaField\":\"deptId\",\"htmlType\":\"input\",\"edit\":true,\"query\":true,\"columnComment\":\"部门ID\",\"isQuery\":\"1\",\"sort\":2,\"list\":true,\"params\":{},\"javaType\":\"Long\",\"queryType\":\"EQ\",\"columnType\":\"bigint\",\"createBy\":\"admin\",\"isPk\":\"0\",\"createTime\":1620134591000,\"isEdit\":\"1\",\"tableId\":3,\"pk\":false,\"columnName\":\"dept_id\"},{\"usableColumn\":false,\"columnId\":23,\"isIncrement\":\"0\",\"increment\":false,\"insert\":true,\"isList\":\"1\",\"dictType\":\"\",\"required\":true,\"superColumn\":false,\"updateBy\":\"\",\"isInsert\":\"1\",\"isRequired\":\"1\",\"javaField\":\"userName\",\"htmlType\":\"input\",\"edit\":true,\"query\":true,\"columnComment\":\"用户账号\",\"isQuery\":\"1\",\"sort\":3,\"list\":true,\"params\":{},\"javaType\":\"String\",\"queryType\":\"LIKE\",\"columnType\":\"varchar(30)\",\"createBy\":\"admin\",\"isPk\":\"0\",\"createTime\":1620134591000,\"isEdit\":\"1\",\"tableId\":3,\"pk\":false,\"columnName\":\"user_name\"},{\"usableColumn\":false,\"columnId\":24,\"isIncrement\":\"0\",\"increment\":false,\"insert\":true,\"isList\":\"1\",\"dictType\":\"\",\"required\":true,\"superColumn\":false,\"updateBy\":\"\",\"isInsert\":\"1\",\"isRequired\":\"1\",\"javaField\":\"nickName\",\"htmlType\":\"input\",\"edit\":true,\"query\":true,\"columnComment\":\"用户昵称\",\"isQuery\":\"1\",\"sort\":4,\"list\":true,\"params\":{},\"javaType\":\"String\",\"queryType\":\"LIKE\",\"columnType\":\"varchar(30)\",\"createBy\":\"admin\",\"isPk\":\"0\",\"createTime\":1620134591000,\"isEdit\":\"1\",\"tableId\":3,\"pk\":false,\"columnName\":\"nick','{\"msg\":\"操作成功\",\"code\":200}',0,NULL,'2021-05-04 21:23:32'),(162,'讲座申请',1,'com.ruoyi.recruit.controller.RecruitLectureController.add()','POST',1,'admin',NULL,'/recruit/lecture','127.0.0.1','内网IP','{\"companyName\":\"阿里巴巴\",\"description\":\"阿里巴巴网络技术有限公司（简称：阿里巴巴集团）是以曾担任英语教师的马云为首的18人于1999年在浙江杭州创立\",\"classroom\":\"博学楼104\",\"params\":{},\"phone\":\"13184523478\",\"companyAddress\":\"北京\",\"startTime\":1620057600000,\"id\":5}','{\"msg\":\"操作成功\",\"code\":200}',0,NULL,'2021-05-04 21:51:14'),(163,'讲座申请',2,'com.ruoyi.recruit.controller.RecruitLectureController.edit()','PUT',1,'admin',NULL,'/recruit/lecture','127.0.0.1','内网IP','{\"companyName\":\"阿里巴巴\",\"description\":\"阿里巴巴网络技术有限公司（简称：阿里巴巴集团）是以曾担任英语教师的马云为首的18人于1999年在浙江杭州创立\",\"classroom\":\"博学楼104\",\"params\":{},\"auditState\":1,\"phone\":\"13184523478\",\"companyAddress\":\"北京\",\"startTime\":1620057600000,\"id\":5}','{\"msg\":\"操作成功\",\"code\":200}',0,NULL,'2021-05-04 21:51:41'),(164,'讲座申请',2,'com.ruoyi.recruit.controller.RecruitLectureController.edit()','PUT',1,'admin',NULL,'/recruit/lecture','127.0.0.1','内网IP','{\"companyName\":\"阿里巴巴\",\"direct\":\"123\",\"description\":\"阿里巴巴网络技术有限公司（简称：阿里巴巴集团）是以曾担任英语教师的马云为首的18人于1999年在浙江杭州创立\",\"classroom\":\"博学楼104\",\"params\":{},\"auditState\":1,\"phone\":\"13184523478\",\"companyAddress\":\"北京\",\"startTime\":1620057600000,\"id\":5}','{\"msg\":\"操作成功\",\"code\":200}',0,NULL,'2021-05-04 21:56:19'),(165,'用户管理',1,'com.ruoyi.web.controller.system.SysUserController.add()','POST',1,'admin',NULL,'/system/user','127.0.0.1','内网IP','{\"admin\":false,\"password\":\"$2a$10$qQCebFeb6Q7ppYvTQ/LJT.L8KmkTT56CsKwcMemnfPErjgBBe3Aae\",\"postIds\":[],\"nickName\":\"12\",\"params\":{},\"userName\":\"a1\",\"userId\":107,\"createBy\":\"admin\",\"roleIds\":[101],\"status\":\"0\"}','{\"msg\":\"操作成功\",\"code\":200}',0,NULL,'2021-05-04 21:59:49'),(166,'用户管理',2,'com.ruoyi.web.controller.system.SysUserController.edit()','PUT',1,'admin',NULL,'/system/user','127.0.0.1','内网IP','{\"roles\":[{\"flag\":false,\"roleId\":100,\"admin\":false,\"dataScope\":\"1\",\"params\":{},\"roleSort\":\"3\",\"deptCheckStrictly\":false,\"menuCheckStrictly\":false,\"roleKey\":\"auth_company\",\"roleName\":\"已认证企业用户\",\"status\":\"0\"}],\"phonenumber\":\"13181351388\",\"admin\":false,\"delFlag\":\"0\",\"updateBy\":\"admin\",\"loginIp\":\"\",\"email\":\"044@qq.com\",\"nickName\":\"root\",\"sex\":\"0\",\"avatar\":\"\",\"params\":{},\"userName\":\"111\",\"userId\":100,\"createBy\":\"\",\"createTime\":1619965577000,\"userType\":\"00\",\"status\":\"0\"}','null',1,'rawPassword cannot be null','2021-05-04 22:01:58'),(167,'用户管理',2,'com.ruoyi.web.controller.system.SysUserController.edit()','PUT',1,'admin',NULL,'/system/user','127.0.0.1','内网IP','{\"roles\":[{\"flag\":false,\"roleId\":100,\"admin\":false,\"dataScope\":\"1\",\"params\":{},\"roleSort\":\"3\",\"deptCheckStrictly\":false,\"menuCheckStrictly\":false,\"roleKey\":\"auth_company\",\"roleName\":\"已认证企业用户\",\"status\":\"0\"}],\"phonenumber\":\"13181351388\",\"admin\":false,\"delFlag\":\"0\",\"updateBy\":\"admin\",\"loginIp\":\"\",\"email\":\"044@qq.com\",\"nickName\":\"riit\",\"sex\":\"0\",\"avatar\":\"\",\"params\":{},\"userName\":\"111\",\"userId\":100,\"createBy\":\"\",\"createTime\":1619965577000,\"userType\":\"00\",\"status\":\"0\"}','null',1,'rawPassword cannot be null','2021-05-04 22:02:11'),(168,'用户管理',2,'com.ruoyi.web.controller.system.SysUserController.edit()','PUT',1,'admin',NULL,'/system/user','127.0.0.1','内网IP','{\"roles\":[{\"flag\":false,\"roleId\":100,\"admin\":false,\"dataScope\":\"1\",\"params\":{},\"roleSort\":\"3\",\"deptCheckStrictly\":false,\"menuCheckStrictly\":false,\"roleKey\":\"auth_company\",\"roleName\":\"已认证企业用户\",\"status\":\"0\"}],\"phonenumber\":\"13181351388\",\"admin\":false,\"delFlag\":\"0\",\"updateBy\":\"admin\",\"loginIp\":\"\",\"email\":\"044@qq.com\",\"nickName\":\"riit\",\"sex\":\"0\",\"avatar\":\"\",\"params\":{},\"userName\":\"111\",\"userId\":100,\"createBy\":\"\",\"createTime\":1619965577000,\"userType\":\"00\",\"status\":\"0\"}','null',1,'rawPassword cannot be null','2021-05-04 22:02:17'),(169,'用户管理',2,'com.ruoyi.web.controller.system.SysUserController.edit()','PUT',1,'admin',NULL,'/system/user','127.0.0.1','内网IP','{\"roles\":[{\"flag\":false,\"roleId\":100,\"admin\":false,\"dataScope\":\"1\",\"params\":{},\"roleSort\":\"3\",\"deptCheckStrictly\":false,\"menuCheckStrictly\":false,\"roleKey\":\"auth_company\",\"roleName\":\"已认证企业用户\",\"status\":\"0\"}],\"phonenumber\":\"13181351388\",\"admin\":false,\"delFlag\":\"0\",\"updateBy\":\"admin\",\"loginIp\":\"\",\"email\":\"044@qq.com\",\"nickName\":\"riit\",\"sex\":\"0\",\"avatar\":\"\",\"params\":{},\"userName\":\"111\",\"userId\":100,\"createBy\":\"\",\"createTime\":1619965577000,\"userType\":\"00\",\"status\":\"0\"}','null',1,'rawPassword cannot be null','2021-05-04 22:02:53'),(170,'角色管理',2,'com.ruoyi.web.controller.system.SysRoleController.edit()','PUT',1,'admin',NULL,'/system/role','127.0.0.1','内网IP','{\"flag\":false,\"roleId\":100,\"admin\":false,\"dataScope\":\"1\",\"delFlag\":\"0\",\"params\":{},\"roleSort\":\"3\",\"deptCheckStrictly\":true,\"createTime\":1618880879000,\"updateBy\":\"admin\",\"menuCheckStrictly\":true,\"roleKey\":\"auth_company\",\"roleName\":\"已认证企业用户\",\"menuIds\":[2000,2001,2037,2004,2005,2006,2024,2020,2021,2022,2023,2024,2031,2032,2034,2035,2036,2038,2039,2041,2042],\"status\":\"0\"}','{\"msg\":\"操作成功\",\"code\":200}',0,NULL,'2021-05-04 22:06:08'),(171,'用户管理',2,'com.ruoyi.web.controller.system.SysUserController.edit()','PUT',1,'admin',NULL,'/system/user','127.0.0.1','内网IP','{\"roles\":[{\"flag\":false,\"roleId\":101,\"admin\":false,\"dataScope\":\"1\",\"params\":{},\"roleSort\":\"4\",\"deptCheckStrictly\":false,\"menuCheckStrictly\":false,\"roleKey\":\"student\",\"roleName\":\"学生\",\"status\":\"0\"}],\"phonenumber\":\"\",\"admin\":false,\"delFlag\":\"0\",\"password\":\"$2a$10$7gGGMdBzPa5IaKuAkNXH0uYTq31jiV55gdBzmNDAaD/w.pu8WpmzK\",\"updateBy\":\"admin\",\"postIds\":[],\"loginIp\":\"\",\"email\":\"\",\"nickName\":\"12\",\"sex\":\"0\",\"avatar\":\"\",\"params\":{},\"userName\":\"a1\",\"userId\":107,\"createBy\":\"admin\",\"roleIds\":[101],\"createTime\":1620136788000,\"userType\":\"00\",\"status\":\"0\"}','{\"msg\":\"操作成功\",\"code\":200}',0,NULL,'2021-05-04 22:22:38'),(172,'用户管理',1,'com.ruoyi.web.controller.system.SysUserController.add()','POST',1,'admin',NULL,'/system/user','127.0.0.1','内网IP','{\"phonenumber\":\"13111111111\",\"admin\":false,\"password\":\"$2a$10$9VUqZOc88Quw4rYSdKYwYOlYgJ0oxkyLWogj0txStOkUUEb/sBPDG\",\"postIds\":[],\"email\":\"7676@qq.com\",\"nickName\":\"pp\",\"sex\":\"0\",\"deptId\":103,\"params\":{},\"userName\":\"王五\",\"userId\":108,\"createBy\":\"admin\",\"roleIds\":[101],\"status\":\"0\"}','{\"msg\":\"操作成功\",\"code\":200}',0,NULL,'2021-05-04 22:30:24'),(173,'用户管理',2,'com.ruoyi.web.controller.system.SysUserController.edit()','PUT',1,'admin',NULL,'/system/user','127.0.0.1','内网IP','{\"roles\":[{\"flag\":false,\"roleId\":101,\"admin\":false,\"dataScope\":\"1\",\"params\":{},\"roleSort\":\"4\",\"deptCheckStrictly\":false,\"menuCheckStrictly\":false,\"roleKey\":\"student\",\"roleName\":\"学生\",\"status\":\"0\"}],\"phonenumber\":\"13111111111\",\"admin\":false,\"delFlag\":\"0\",\"password\":\"$2a$10$RHv5k1zZ.TAeBwKfhu/kUuoDKLXpik2D8mxFakTBNO0jtGywgpwnO\",\"updateBy\":\"admin\",\"postIds\":[],\"loginIp\":\"\",\"email\":\"7676@qq.com\",\"nickName\":\"pp\",\"sex\":\"0\",\"deptId\":103,\"avatar\":\"\",\"dept\":{\"deptName\":\"计算机科学与技术专业\",\"leader\":\"若依\",\"deptId\":103,\"orderNum\":\"1\",\"params\":{},\"parentId\":101,\"children\":[],\"status\":\"0\"},\"params\":{},\"userName\":\"王五\",\"userId\":108,\"createBy\":\"admin\",\"roleIds\":[101],\"createTime\":1620138624000,\"userType\":\"00\",\"status\":\"0\"}','{\"msg\":\"操作成功\",\"code\":200}',0,NULL,'2021-05-04 22:32:13'),(174,'角色管理',2,'com.ruoyi.web.controller.system.SysRoleController.edit()','PUT',1,'admin',NULL,'/system/role','127.0.0.1','内网IP','{\"flag\":false,\"roleId\":101,\"admin\":false,\"dataScope\":\"1\",\"delFlag\":\"0\",\"params\":{},\"roleSort\":\"4\",\"deptCheckStrictly\":true,\"createTime\":1618880903000,\"updateBy\":\"admin\",\"menuCheckStrictly\":true,\"roleKey\":\"student\",\"roleName\":\"学生\",\"menuIds\":[1,2063,100,1001,1002,1003,1004,1005,1006,1007,2064,101,1008,1009,1010,1011,1012,102,1013,1014,1015,1016,103,1017,1018,1019,1020,104,1021,1022,1023,1024,1025,105,1026,1027,1028,1029,1030,106,1031,1032,1033,1034,1035,107,1036,1037,1038,1039,108,500,1040,1041,1042,501,1043,1044,1045,2000,2001,2002,2003,2004,2005,2006,2061,2062,2007,2008,2009,2010,2011,2012,2024,2020,2021,2022,2023,2024,2025,2026,2027,2028,2029,2030,2031,2032,2034,2035,2036,2037,2038,2039,2040,2041,2042,2043,2044,2045,2046,2047,2048,2049,2050,2051,2052,2053,2054,2055,2056,2057,2058,2059,2060,2,109,1046,1047,1048,110,1049,1050,1051,1052,1053,1054,111,112,113,3,114,115,1055,1056,1058,1057,1059,1060,116,4],\"status\":\"0\"}','{\"msg\":\"操作成功\",\"code\":200}',0,NULL,'2021-05-04 22:35:02'),(175,'用户管理',2,'com.ruoyi.web.controller.system.SysUserController.resetPwd()','PUT',1,'admin',NULL,'/system/user/resetPwd','127.0.0.1','内网IP','{\"admin\":false,\"password\":\"$2a$10$StVsOycOtDyABGLG/K6EgeSY8GavbkYVM71bN/Gil5ugEv4PtIF1q\",\"updateBy\":\"admin\",\"params\":{},\"userId\":108}','{\"msg\":\"操作成功\",\"code\":200}',0,NULL,'2021-05-04 22:35:05'),(176,'用户管理',2,'com.ruoyi.web.controller.system.SysUserController.edit()','PUT',1,'admin',NULL,'/system/user','127.0.0.1','内网IP','{\"roles\":[{\"flag\":false,\"roleId\":101,\"admin\":false,\"dataScope\":\"1\",\"params\":{},\"roleSort\":\"4\",\"deptCheckStrictly\":false,\"menuCheckStrictly\":false,\"roleKey\":\"student\",\"roleName\":\"学生\",\"status\":\"0\"}],\"phonenumber\":\"13111111111\",\"admin\":false,\"delFlag\":\"0\",\"password\":\"$2a$10$yUWgl31J54kItD0qJBsLjumDUouJHbv8x7rdufrs23YSfCMhkRWpm\",\"updateBy\":\"admin\",\"postIds\":[],\"loginIp\":\"\",\"email\":\"7676@qq.com\",\"nickName\":\"a2\",\"sex\":\"0\",\"deptId\":103,\"avatar\":\"\",\"dept\":{\"deptName\":\"计算机科学与技术专业\",\"leader\":\"若依\",\"deptId\":103,\"orderNum\":\"1\",\"params\":{},\"parentId\":101,\"children\":[],\"status\":\"0\"},\"params\":{},\"userName\":\"王五\",\"userId\":108,\"createBy\":\"admin\",\"roleIds\":[101],\"createTime\":1620138624000,\"userType\":\"00\",\"status\":\"0\"}','{\"msg\":\"操作成功\",\"code\":200}',0,NULL,'2021-05-04 22:39:38'),(177,'用户管理',3,'com.ruoyi.web.controller.system.SysUserController.remove()','DELETE',1,'admin',NULL,'/system/user/108','127.0.0.1','内网IP','{userIds=108}','{\"msg\":\"操作成功\",\"code\":200}',0,NULL,'2021-05-04 22:41:21'),(178,'用户管理',1,'com.ruoyi.web.controller.system.SysUserController.add()','POST',1,'admin',NULL,'/system/user','127.0.0.1','内网IP','{\"admin\":false,\"password\":\"$2a$10$q/ej8JbNeIhfJtg8Ni4ZS.o3X5/aeNbt9g3hMcQlB8yAa1QoNf9DO\",\"postIds\":[],\"nickName\":\"pp\",\"sex\":\"0\",\"deptId\":103,\"params\":{},\"userName\":\"a2\",\"userId\":109,\"createBy\":\"admin\",\"roleIds\":[101],\"status\":\"0\"}','{\"msg\":\"操作成功\",\"code\":200}',0,NULL,'2021-05-04 22:41:46'),(179,'角色管理',2,'com.ruoyi.web.controller.system.SysRoleController.edit()','PUT',1,'admin',NULL,'/system/role','127.0.0.1','内网IP','{\"flag\":false,\"roleId\":101,\"admin\":false,\"dataScope\":\"1\",\"delFlag\":\"0\",\"params\":{},\"roleSort\":\"4\",\"deptCheckStrictly\":true,\"createTime\":1618880903000,\"updateBy\":\"admin\",\"menuCheckStrictly\":true,\"roleKey\":\"student\",\"roleName\":\"学生\",\"menuIds\":[2000,2001,2002,2003,2004,2005,2006,2061,2062,2007,2008,2009,2010,2011,2012,2024,2020,2021,2022,2023,2024,2025,2026,2027,2028,2029,2030,2031,2032,2034,2035,2036,2037,2038,2039,2040,2041,2042,2043,2044,2045,2046,2047,2048,2049,2050,2051,2052,2053,2054,2055,2056,2057,2058,2059,2060,4],\"status\":\"0\"}','{\"msg\":\"操作成功\",\"code\":200}',0,NULL,'2021-05-04 22:56:14'),(180,'简历投递信息',1,'com.ruoyi.recruit.controller.RecruitDeliveryController.add()','POST',1,'a2',NULL,'/recruit/delivery','127.0.0.1','内网IP','{\"companyName\":\"爱奇艺\",\"params\":{},\"userName\":\"a2\",\"userId\":109,\"positionName\":\"Java工程师\",\"companyId\":1,\"positionId\":1,\"id\":1}','{\"msg\":\"操作成功\",\"code\":200}',0,NULL,'2021-05-04 23:03:25'),(181,'简历投递信息',1,'com.ruoyi.recruit.controller.RecruitDeliveryController.add()','POST',1,'a2',NULL,'/recruit/delivery','127.0.0.1','内网IP','{\"companyName\":\"爱奇艺\",\"params\":{},\"userName\":\"a2\",\"userId\":109,\"positionName\":\"Java工程师\",\"companyId\":2,\"positionId\":2,\"id\":2}','{\"msg\":\"操作成功\",\"code\":200}',0,NULL,'2021-05-04 23:29:09'),(182,'用户管理',2,'com.ruoyi.web.controller.system.SysUserController.edit()','PUT',1,'admin',NULL,'/system/user','127.0.0.1','内网IP','{\"roles\":[{\"flag\":false,\"roleId\":102,\"admin\":false,\"dataScope\":\"1\",\"params\":{},\"roleSort\":\"5\",\"deptCheckStrictly\":false,\"menuCheckStrictly\":false,\"roleKey\":\"no_auth_company\",\"roleName\":\"未认证企业\",\"status\":\"0\"}],\"phonenumber\":\"15082301111\",\"admin\":false,\"delFlag\":\"0\",\"password\":\"$2a$10$ZVaKjIcTdOvXfYPoP7QBR.qYCUISNnlUiBILokRrt.2DQ9UZA0LSK\",\"updateBy\":\"admin\",\"loginIp\":\"\",\"email\":\"7777@qq.com\",\"nickName\":\"ene\",\"sex\":\"0\",\"avatar\":\"\",\"params\":{},\"userName\":\"ccc\",\"userId\":106,\"createBy\":\"\",\"createTime\":1620118282000,\"userType\":\"00\",\"status\":\"0\"}','{\"msg\":\"操作成功\",\"code\":200}',0,NULL,'2021-05-05 10:37:28'),(183,'用户管理',1,'com.ruoyi.web.controller.system.SysUserController.add()','POST',1,'admin',NULL,'/system/user','127.0.0.1','内网IP','{\"phonenumber\":\"16666666666\",\"admin\":false,\"password\":\"$2a$10$ghKpWS2OlvPc2AkVvG3sHO.RAlcdWtywsXPXy3IfVHl2FiUIpHiUW\",\"postIds\":[],\"email\":\"666@yuyi.com\",\"nickName\":\"666 \",\"sex\":\"0\",\"deptId\":103,\"params\":{},\"userName\":\"tony\",\"userId\":110,\"createBy\":\"admin\",\"roleIds\":[101],\"status\":\"0\"}','{\"msg\":\"操作成功\",\"code\":200}',0,NULL,'2021-05-05 14:54:12'),(184,'用户管理',2,'com.ruoyi.web.controller.system.SysUserController.edit()','PUT',1,'admin',NULL,'/system/user','127.0.0.1','内网IP','{\"roles\":[{\"flag\":false,\"roleId\":101,\"admin\":false,\"dataScope\":\"1\",\"params\":{},\"roleSort\":\"4\",\"deptCheckStrictly\":false,\"menuCheckStrictly\":false,\"roleKey\":\"student\",\"roleName\":\"学生\",\"status\":\"0\"}],\"phonenumber\":\"16666666666\",\"admin\":false,\"delFlag\":\"0\",\"password\":\"3\",\"updateBy\":\"admin\",\"postIds\":[],\"loginIp\":\"\",\"email\":\"666@yuyi.com\",\"nickName\":\"666 \",\"sex\":\"0\",\"deptId\":103,\"avatar\":\"\",\"dept\":{\"deptName\":\"计算机科学与技术专业\",\"leader\":\"若依\",\"deptId\":103,\"orderNum\":\"1\",\"params\":{},\"parentId\":101,\"children\":[],\"status\":\"0\"},\"params\":{},\"userName\":\"tony\",\"userId\":110,\"createBy\":\"admin\",\"roleIds\":[101],\"createTime\":1620247652000,\"userType\":\"00\",\"status\":\"0\"}','{\"msg\":\"操作成功\",\"code\":200}',0,NULL,'2021-05-05 14:54:28'),(185,'用户管理',3,'com.ruoyi.web.controller.system.SysUserController.remove()','DELETE',1,'admin',NULL,'/system/user/110','127.0.0.1','内网IP','{userIds=110}','{\"msg\":\"操作成功\",\"code\":200}',0,NULL,'2021-05-05 14:54:50'),(186,'用户管理',1,'com.ruoyi.web.controller.system.SysUserController.add()','POST',1,'admin',NULL,'/system/user','127.0.0.1','内网IP','{\"phonenumber\":\"15555555555\",\"admin\":false,\"password\":\"$2a$10$FJRciGFRmi4h2c8vNGoGLuqvXhOZrYgfGvaNC/oOoFFduKVM7eZHi\",\"postIds\":[],\"email\":\"666@yuyi.com\",\"nickName\":\"777\",\"sex\":\"0\",\"deptId\":103,\"params\":{},\"userName\":\"kkk\",\"userId\":111,\"createBy\":\"admin\",\"roleIds\":[101],\"status\":\"0\"}','{\"msg\":\"操作成功\",\"code\":200}',0,NULL,'2021-05-05 14:55:40'),(187,'用户管理',3,'com.ruoyi.web.controller.system.SysUserController.remove()','DELETE',1,'admin',NULL,'/system/user/111','127.0.0.1','内网IP','{userIds=111}','{\"msg\":\"操作成功\",\"code\":200}',0,NULL,'2021-05-05 15:18:12'),(188,'用户管理',2,'com.ruoyi.web.controller.system.SysUserController.edit()','PUT',1,'admin',NULL,'/system/user','127.0.0.1','内网IP','{\"roles\":[{\"flag\":false,\"roleId\":101,\"admin\":false,\"dataScope\":\"1\",\"params\":{},\"roleSort\":\"4\",\"deptCheckStrictly\":false,\"menuCheckStrictly\":false,\"roleKey\":\"student\",\"roleName\":\"学生\",\"status\":\"0\"}],\"phonenumber\":\"18250096311\",\"admin\":false,\"delFlag\":\"0\",\"password\":\"$2a$10$YSVg1KwObPCtb./AygI1G.R9Og0d8KEUpHDphoto/tmxvZNvV3QtK\",\"updateBy\":\"admin\",\"postIds\":[],\"loginIp\":\"\",\"email\":\"256@qq.com\",\"nickName\":\"217\",\"sex\":\"0\",\"deptId\":100,\"avatar\":\"\",\"dept\":{\"deptName\":\"xx大学\",\"leader\":\"若依\",\"deptId\":100,\"orderNum\":\"0\",\"params\":{},\"parentId\":0,\"children\":[],\"status\":\"0\"},\"params\":{},\"userName\":\"李四\",\"userId\":104,\"createBy\":\"admin\",\"roleIds\":[101],\"createTime\":1620112592000,\"userType\":\"00\",\"status\":\"0\"}','{\"msg\":\"操作成功\",\"code\":200}',0,NULL,'2021-05-05 17:20:43'),(189,'用户管理',2,'com.ruoyi.web.controller.system.SysUserController.edit()','PUT',1,'admin',NULL,'/system/user','127.0.0.1','内网IP','{\"roles\":[{\"flag\":false,\"roleId\":101,\"admin\":false,\"dataScope\":\"1\",\"params\":{},\"roleSort\":\"4\",\"deptCheckStrictly\":false,\"menuCheckStrictly\":false,\"roleKey\":\"student\",\"roleName\":\"学生\",\"status\":\"0\"}],\"phonenumber\":\"18250096311\",\"admin\":false,\"delFlag\":\"0\",\"password\":\"$2a$10$4NQpZOIxZMzeNV4yqYNxkunEBd/BLm1dDF5F6UBBqk0g07cMEDqbC\",\"updateBy\":\"admin\",\"postIds\":[],\"loginIp\":\"\",\"email\":\"256@qq.com\",\"nickName\":\"217\",\"sex\":\"0\",\"deptId\":100,\"avatar\":\"\",\"dept\":{\"deptName\":\"xx大学\",\"leader\":\"若依\",\"deptId\":100,\"orderNum\":\"0\",\"params\":{},\"parentId\":0,\"children\":[],\"status\":\"0\"},\"params\":{},\"userName\":\"李四\",\"userId\":104,\"createBy\":\"admin\",\"roleIds\":[101],\"createTime\":1620112592000,\"userType\":\"00\",\"status\":\"0\"}','{\"msg\":\"操作成功\",\"code\":200}',0,NULL,'2021-05-05 17:22:16'),(190,'菜单管理',2,'com.ruoyi.web.controller.system.SysMenuController.edit()','PUT',1,'admin',NULL,'/system/menu','127.0.0.1','内网IP','{\"visible\":\"1\",\"icon\":\"#\",\"orderNum\":\"1\",\"menuName\":\"学生个人信息\",\"params\":{},\"parentId\":2000,\"isCache\":\"0\",\"path\":\"student\",\"component\":\"system/recruit/student/index\",\"children\":[],\"createTime\":1617456620000,\"updateBy\":\"admin\",\"isFrame\":\"1\",\"menuId\":2055,\"menuType\":\"C\",\"perms\":\"recruit:student:list\",\"status\":\"0\"}','{\"msg\":\"操作成功\",\"code\":200}',0,NULL,'2021-05-05 23:39:10'),(191,'讲座申请',2,'com.ruoyi.recruit.controller.RecruitLectureController.edit()','PUT',1,'admin',NULL,'/recruit/lecture','127.0.0.1','内网IP','{\"companyName\":\"shandong\",\"description\":\"123\",\"classroom\":\"博学楼103\",\"params\":{},\"auditState\":1,\"phone\":\"13181351311\",\"companyAddress\":\"运河开发区\",\"startTime\":1619971200000,\"id\":1}','{\"msg\":\"操作成功\",\"code\":200}',0,NULL,'2021-05-06 14:26:55'),(192,'用户管理',3,'com.ruoyi.web.controller.system.SysUserController.remove()','DELETE',1,'admin',NULL,'/system/user/104','127.0.0.1','内网IP','{userIds=104}','{\"msg\":\"操作成功\",\"code\":200}',0,NULL,'2021-05-06 14:28:25'),(193,'用户管理',3,'com.ruoyi.web.controller.system.SysUserController.remove()','DELETE',1,'admin',NULL,'/system/user/109','127.0.0.1','内网IP','{userIds=109}','{\"msg\":\"操作成功\",\"code\":200}',0,NULL,'2021-05-06 14:28:29'),(194,'用户管理',1,'com.ruoyi.web.controller.system.SysUserController.add()','POST',1,'admin',NULL,'/system/user','127.0.0.1','内网IP','{\"phonenumber\":\"13840960847\",\"admin\":false,\"password\":\"$2a$10$0OOIQrDa.rLd.9h.2CX5g.DuWhg2ndKaUVpYWaTao9GcylTBH/3JW\",\"postIds\":[],\"email\":\"452681658@qq.com\",\"nickName\":\"lijianxu\",\"sex\":\"0\",\"deptId\":103,\"params\":{},\"userName\":\"17110100717\",\"userId\":112,\"createBy\":\"admin\",\"roleIds\":[101],\"status\":\"0\"}','{\"msg\":\"操作成功\",\"code\":200}',0,NULL,'2021-05-06 14:30:11'),(195,'用户管理',2,'com.ruoyi.web.controller.system.SysUserController.edit()','PUT',1,'admin',NULL,'/system/user','127.0.0.1','内网IP','{\"roles\":[{\"flag\":false,\"roleId\":101,\"admin\":false,\"dataScope\":\"1\",\"params\":{},\"roleSort\":\"4\",\"deptCheckStrictly\":false,\"menuCheckStrictly\":false,\"roleKey\":\"student\",\"roleName\":\"学生\",\"status\":\"0\"}],\"phonenumber\":\"13840960847\",\"admin\":false,\"delFlag\":\"0\",\"password\":\"$2a$10$zRX4ovdEK0A1Et8bNv0jvO11CL3KzwAYk3FU/KZJQdGiYsIQWI2mO\",\"updateBy\":\"admin\",\"postIds\":[],\"loginIp\":\"\",\"email\":\"452681658@qq.com\",\"nickName\":\"lijianxu\",\"sex\":\"0\",\"deptId\":103,\"avatar\":\"\",\"dept\":{\"deptName\":\"计算机科学与技术专业\",\"leader\":\"若依\",\"deptId\":103,\"orderNum\":\"1\",\"params\":{},\"parentId\":101,\"children\":[],\"status\":\"0\"},\"params\":{},\"userName\":\"17110100717\",\"userId\":112,\"createBy\":\"admin\",\"roleIds\":[101],\"createTime\":1620282611000,\"userType\":\"00\",\"status\":\"0\"}','{\"msg\":\"操作成功\",\"code\":200}',0,NULL,'2021-05-06 14:31:21'),(196,'用户管理',2,'com.ruoyi.web.controller.system.SysUserController.edit()','PUT',1,'admin',NULL,'/system/user','127.0.0.1','内网IP','{\"roles\":[{\"flag\":false,\"roleId\":101,\"admin\":false,\"dataScope\":\"1\",\"params\":{},\"roleSort\":\"4\",\"deptCheckStrictly\":false,\"menuCheckStrictly\":false,\"roleKey\":\"student\",\"roleName\":\"学生\",\"status\":\"0\"}],\"phonenumber\":\"13840960847\",\"admin\":false,\"delFlag\":\"0\",\"password\":\"$2a$10$5rpnNp4H0jUpUQhkniYfmeiV9zcyoQGPpJ0YxHrwjMaXgzRM1OAby\",\"updateBy\":\"admin\",\"postIds\":[],\"loginIp\":\"\",\"email\":\"452681658@qq.com\",\"nickName\":\"lijianxu\",\"sex\":\"0\",\"deptId\":103,\"avatar\":\"\",\"dept\":{\"deptName\":\"计算机科学与技术专业\",\"leader\":\"若依\",\"deptId\":103,\"orderNum\":\"1\",\"params\":{},\"parentId\":101,\"children\":[],\"status\":\"0\"},\"params\":{},\"userName\":\"17110100717\",\"userId\":112,\"createBy\":\"admin\",\"roleIds\":[101],\"createTime\":1620282611000,\"userType\":\"00\",\"status\":\"0\"}','{\"msg\":\"操作成功\",\"code\":200}',0,NULL,'2021-05-06 14:32:59'),(197,'用户管理',2,'com.ruoyi.web.controller.system.SysUserController.edit()','PUT',1,'admin',NULL,'/system/user','127.0.0.1','内网IP','{\"roles\":[{\"flag\":false,\"roleId\":101,\"admin\":false,\"dataScope\":\"1\",\"params\":{},\"roleSort\":\"4\",\"deptCheckStrictly\":false,\"menuCheckStrictly\":false,\"roleKey\":\"student\",\"roleName\":\"学生\",\"status\":\"0\"}],\"phonenumber\":\"13840960847\",\"admin\":false,\"delFlag\":\"0\",\"password\":\"$2a$10$xlx683DBgI5gSuwmVKK4oOw.ZmmUjgBeauvaGo1U/qQi.nhP/egN.\",\"updateBy\":\"admin\",\"postIds\":[],\"loginIp\":\"\",\"email\":\"452681658@qq.com\",\"nickName\":\"lijianxu\",\"sex\":\"0\",\"deptId\":103,\"avatar\":\"\",\"dept\":{\"deptName\":\"计算机科学与技术专业\",\"leader\":\"若依\",\"deptId\":103,\"orderNum\":\"1\",\"params\":{},\"parentId\":101,\"children\":[],\"status\":\"0\"},\"params\":{},\"userName\":\"17110100717\",\"userId\":112,\"createBy\":\"admin\",\"roleIds\":[101],\"createTime\":1620282611000,\"userType\":\"00\",\"status\":\"0\"}','{\"msg\":\"操作成功\",\"code\":200}',0,NULL,'2021-05-06 14:33:17'),(198,'简历投递信息',1,'com.ruoyi.recruit.controller.RecruitDeliveryController.add()','POST',1,'17110100717',NULL,'/recruit/delivery','127.0.0.1','内网IP','{\"companyName\":\"爱奇艺\",\"params\":{},\"userName\":\"17110100717\",\"userId\":112,\"positionName\":\"Java工程师\",\"companyId\":1,\"positionId\":1,\"id\":3}','{\"msg\":\"操作成功\",\"code\":200}',0,NULL,'2021-05-06 14:34:47'),(199,'用户头像',2,'com.ruoyi.web.controller.system.SysProfileController.avatar()','POST',1,'17110100717',NULL,'/system/user/profile/avatar','127.0.0.1','内网IP','','{\"msg\":\"操作成功\",\"imgUrl\":\"/profile/avatar/2021/05/06/83a8ed71-8c3f-4b99-b3f4-543430e3d71c.jpeg\",\"code\":200}',0,NULL,'2021-05-06 14:35:53'),(200,'部门管理',2,'com.ruoyi.web.controller.system.SysDeptController.edit()','PUT',1,'admin',NULL,'/system/dept','127.0.0.1','内网IP','{\"deptName\":\"东北大学\",\"leader\":\"若依\",\"deptId\":100,\"orderNum\":\"0\",\"delFlag\":\"0\",\"params\":{},\"parentId\":0,\"createBy\":\"admin\",\"children\":[],\"createTime\":1616577343000,\"phone\":\"15888888888\",\"updateBy\":\"admin\",\"ancestors\":\"0\",\"email\":\"ry@qq.com\",\"status\":\"0\"}','{\"msg\":\"操作成功\",\"code\":200}',0,NULL,'2021-05-06 15:36:33'),(201,'代码生成',6,'com.ruoyi.generator.controller.GenController.importTableSave()','POST',1,'admin',NULL,'/tool/gen/importTable','127.0.0.1','内网IP','recruit_position','{\"msg\":\"操作成功\",\"code\":200}',0,NULL,'2021-05-06 19:05:53'),(202,'代码生成',2,'com.ruoyi.generator.controller.GenController.editSave()','PUT',1,'admin',NULL,'/tool/gen','127.0.0.1','内网IP','{\"functionAuthor\":\"ruoyi\",\"columns\":[{\"usableColumn\":false,\"columnId\":40,\"isIncrement\":\"1\",\"increment\":true,\"insert\":true,\"dictType\":\"\",\"required\":false,\"superColumn\":false,\"updateBy\":\"\",\"isInsert\":\"1\",\"javaField\":\"id\",\"htmlType\":\"input\",\"edit\":false,\"query\":false,\"sort\":1,\"list\":false,\"params\":{},\"javaType\":\"Long\",\"queryType\":\"EQ\",\"columnType\":\"bigint\",\"createBy\":\"admin\",\"isPk\":\"1\",\"createTime\":1620299152000,\"tableId\":4,\"pk\":true,\"columnName\":\"id\"},{\"usableColumn\":false,\"columnId\":41,\"isIncrement\":\"0\",\"increment\":false,\"insert\":true,\"isList\":\"1\",\"dictType\":\"\",\"required\":false,\"superColumn\":false,\"updateBy\":\"\",\"isInsert\":\"1\",\"javaField\":\"name\",\"htmlType\":\"input\",\"edit\":true,\"query\":true,\"columnComment\":\"职务名称\",\"isQuery\":\"1\",\"sort\":2,\"list\":true,\"params\":{},\"javaType\":\"String\",\"queryType\":\"LIKE\",\"columnType\":\"varchar(255)\",\"createBy\":\"admin\",\"isPk\":\"0\",\"createTime\":1620299152000,\"isEdit\":\"1\",\"tableId\":4,\"pk\":false,\"columnName\":\"name\"},{\"usableColumn\":false,\"columnId\":42,\"isIncrement\":\"0\",\"increment\":false,\"insert\":true,\"isList\":\"1\",\"dictType\":\"\",\"required\":true,\"superColumn\":false,\"updateBy\":\"\",\"isInsert\":\"1\",\"isRequired\":\"1\",\"javaField\":\"requirement\",\"htmlType\":\"input\",\"edit\":true,\"query\":true,\"columnComment\":\"要求\",\"isQuery\":\"1\",\"sort\":3,\"list\":true,\"params\":{},\"javaType\":\"String\",\"queryType\":\"EQ\",\"columnType\":\"text\",\"createBy\":\"admin\",\"isPk\":\"0\",\"createTime\":1620299152000,\"isEdit\":\"1\",\"tableId\":4,\"pk\":false,\"columnName\":\"requirement\"},{\"usableColumn\":false,\"columnId\":43,\"isIncrement\":\"0\",\"increment\":false,\"insert\":true,\"isList\":\"1\",\"dictType\":\"\",\"required\":true,\"superColumn\":false,\"updateBy\":\"\",\"isInsert\":\"1\",\"isRequired\":\"1\",\"javaField\":\"workCity\",\"htmlType\":\"input\",\"edit\":true,\"query\":true,\"columnComment\":\"工作城市\",\"isQuery\":\"1\",\"sort\":4,\"list\":true,\"params\":{},\"javaType\":\"String\",\"queryType\":\"EQ\",\"columnType\":\"varchar(50)\",\"createBy\":\"admin\",\"isPk\":\"0\",\"createTime\":1620299152000,\"isEdit\":\"1\",\"tableId\":4,\"pk\":false,\"columnName\":\"work_city\"},{\"usableColumn\":false,\"colu','{\"msg\":\"操作成功\",\"code\":200}',0,NULL,'2021-05-06 19:06:30'),(203,'招聘岗位',2,'com.ruoyi.recruit.controller.RecruitPositionController.edit()','PUT',1,'admin',NULL,'/recruit/position','127.0.0.1','内网IP','{\"quantity\":5,\"releaseDate\":1573056000000,\"validDate\":1619625600000,\"phonenumber\":\"15200632969\",\"requirement\":\"接收应届实习生，实习期满应聘上岗接收应届实习生，实习期满应聘上岗收应届实习生，实习期满应聘上岗\",\"params\":{},\"auditState\":0,\"companyId\":6,\"salaryDown\":11000,\"workCity\":\"上海市\",\"name\":\"Java工程师\",\"company\":{\"address\":\"北京\",\"nature\":0,\"phonenumber\":\"13184523478\",\"description\":\"自成立伊始，爱奇艺坚持“悦享品质”的公司理念，以“用户体验”为生命，专注为用户提供清晰、流畅、界面友好的观映体验\",\"hot\":0,\"params\":{},\"auditState\":2,\"license\":\"http://localhost:8080/profile/upload/logo/yyzz.png\",\"name\":\"爱奇艺\",\"logo\":\"http://localhost:8080/profile/upload/logo/aqy.jpg\",\"id\":2},\"id\":2,\"category\":{\"params\":{},\"categoryName\":\"Java\",\"parentId\":2,\"parentCategory\":{\"description\":\"后端技术技术大分类\",\"params\":{},\"categoryName\":\"后端技术\"},\"id\":8},\"categoryId\":8,\"salaryUp\":16000,\"status\":0}','{\"msg\":\"操作成功\",\"code\":200}',0,NULL,'2021-05-06 19:08:41'),(204,'招聘岗位',2,'com.ruoyi.recruit.controller.RecruitPositionController.edit()','PUT',1,'admin',NULL,'/recruit/position','127.0.0.1','内网IP','{\"quantity\":5,\"releaseDate\":1573056000000,\"validDate\":1619625600000,\"phonenumber\":\"15200632969\",\"requirement\":\"接收应届实习生，实习期满应聘上岗接收应届实习生，实习期满应聘上岗收应届实习生，实习期满应聘上岗\",\"params\":{},\"auditState\":1,\"companyId\":6,\"salaryDown\":11000,\"workCity\":\"上海市\",\"name\":\"Java工程师\",\"company\":{\"address\":\"北京\",\"nature\":0,\"phonenumber\":\"13184523478\",\"description\":\"自成立伊始，爱奇艺坚持“悦享品质”的公司理念，以“用户体验”为生命，专注为用户提供清晰、流畅、界面友好的观映体验\",\"hot\":0,\"params\":{},\"auditState\":2,\"license\":\"http://localhost:8080/profile/upload/logo/yyzz.png\",\"name\":\"爱奇艺\",\"logo\":\"http://localhost:8080/profile/upload/logo/aqy.jpg\",\"id\":2},\"id\":2,\"category\":{\"params\":{},\"categoryName\":\"Java\",\"parentId\":2,\"parentCategory\":{\"description\":\"后端技术技术大分类\",\"params\":{},\"categoryName\":\"后端技术\"},\"id\":8},\"categoryId\":8,\"salaryUp\":16000,\"status\":0}','{\"msg\":\"操作成功\",\"code\":200}',0,NULL,'2021-05-06 19:08:49'),(205,'简历投递信息',1,'com.ruoyi.recruit.controller.RecruitDeliveryController.add()','POST',1,'17110100717',NULL,'/recruit/delivery','127.0.0.1','内网IP','{\"companyName\":\"爱奇艺\",\"params\":{},\"userName\":\"17110100717\",\"userId\":112,\"positionName\":\"Java工程师\",\"companyId\":1,\"positionId\":1,\"id\":4}','{\"msg\":\"操作成功\",\"code\":200}',0,NULL,'2021-05-06 20:27:11'),(206,'个人信息',2,'com.ruoyi.web.controller.system.SysProfileController.updatePwd()','PUT',1,'admin',NULL,'/system/user/profile/updatePwd','127.0.0.1','内网IP','admin 123456','{\"msg\":\"修改密码失败，旧密码错误\",\"code\":500}',0,NULL,'2021-05-06 20:42:41'),(207,'个人信息',2,'com.ruoyi.web.controller.system.SysProfileController.updatePwd()','PUT',1,'admin',NULL,'/system/user/profile/updatePwd','127.0.0.1','内网IP','admin123 123456','{\"msg\":\"操作成功\",\"code\":200}',0,NULL,'2021-05-06 20:42:50'),(208,'个人信息',2,'com.ruoyi.web.controller.system.SysProfileController.updatePwd()','PUT',1,'admin',NULL,'/system/user/profile/updatePwd','127.0.0.1','内网IP','123456 300010','{\"msg\":\"操作成功\",\"code\":200}',0,NULL,'2021-05-06 20:47:32'),(209,'个人信息',2,'com.ruoyi.web.controller.system.SysProfileController.updatePwd()','PUT',1,'admin',NULL,'/system/user/profile/updatePwd','127.0.0.1','内网IP','456465456456 300010','{\"msg\":\"修改密码失败，旧密码错误\",\"code\":500}',0,NULL,'2021-05-06 20:47:44'),(210,'个人信息',2,'com.ruoyi.web.controller.system.SysProfileController.updatePwd()','PUT',1,'admin',NULL,'/system/user/profile/updatePwd','127.0.0.1','内网IP','456465456456 300010','{\"msg\":\"修改密码失败，旧密码错误\",\"code\":500}',0,NULL,'2021-05-06 20:48:02'),(211,'个人信息',2,'com.ruoyi.web.controller.system.SysProfileController.updatePwd()','PUT',1,'admin',NULL,'/system/user/profile/updatePwd','127.0.0.1','内网IP','456465456456 300010','{\"msg\":\"修改密码失败，旧密码错误\",\"code\":500}',0,NULL,'2021-05-06 20:48:21'),(212,'用户管理',2,'com.ruoyi.web.controller.system.SysUserController.edit()','PUT',1,'admin',NULL,'/system/user','127.0.0.1','内网IP','{\"roles\":[{\"flag\":false,\"roleId\":101,\"admin\":false,\"dataScope\":\"1\",\"params\":{},\"roleSort\":\"4\",\"deptCheckStrictly\":false,\"menuCheckStrictly\":false,\"roleKey\":\"student\",\"roleName\":\"学生\",\"status\":\"0\"}],\"phonenumber\":\"\",\"admin\":false,\"delFlag\":\"0\",\"password\":\"$2a$10$9Cmhoqc2jtiXH/pBaxH5quEGJSShP1Gr4ltWECtUg0fUMmxmCVuV.\",\"updateBy\":\"admin\",\"postIds\":[],\"loginIp\":\"\",\"email\":\"\",\"nickName\":\"12\",\"sex\":\"0\",\"avatar\":\"\",\"params\":{},\"userName\":\"a1\",\"userId\":107,\"createBy\":\"admin\",\"roleIds\":[101],\"createTime\":1620136788000,\"userType\":\"00\",\"status\":\"0\"}','{\"msg\":\"操作成功\",\"code\":200}',0,NULL,'2021-05-06 21:17:04'),(213,'用户管理',2,'com.ruoyi.web.controller.system.SysUserController.edit()','PUT',1,'admin',NULL,'/system/user','127.0.0.1','内网IP','{\"roles\":[{\"flag\":false,\"roleId\":100,\"admin\":false,\"dataScope\":\"1\",\"params\":{},\"roleSort\":\"3\",\"deptCheckStrictly\":false,\"menuCheckStrictly\":false,\"roleKey\":\"auth_company\",\"roleName\":\"已认证企业用户\",\"status\":\"0\"}],\"phonenumber\":\"17777777777\",\"admin\":false,\"delFlag\":\"0\",\"password\":\"$2a$10$gFn3GMGbjSkPheuaxwWSQODh7WkGQxNsAbL4i5RuDzpRvBHi.4Fsy\",\"updateBy\":\"admin\",\"loginIp\":\"\",\"email\":\"741@qq.com\",\"nickName\":\"哈哈哈\",\"sex\":\"0\",\"avatar\":\"\",\"params\":{},\"userName\":\"bbb\",\"userId\":105,\"createBy\":\"\",\"createTime\":1620112898000,\"userType\":\"00\",\"status\":\"0\"}','{\"msg\":\"操作成功\",\"code\":200}',0,NULL,'2021-05-06 21:27:20'),(214,'个人信息',2,'com.ruoyi.web.controller.system.SysProfileController.updateProfile()','PUT',1,'a1',NULL,'/system/user/profile','127.0.0.1','内网IP','{\"roles\":[{\"flag\":false,\"roleId\":101,\"admin\":false,\"dataScope\":\"1\",\"params\":{},\"roleSort\":\"4\",\"deptCheckStrictly\":false,\"menuCheckStrictly\":false,\"roleKey\":\"student\",\"roleName\":\"学生\",\"status\":\"0\"}],\"phonenumber\":\"13456789010\",\"admin\":false,\"delFlag\":\"0\",\"loginIp\":\"\",\"email\":\"987@qq.com\",\"nickName\":\"12\",\"sex\":\"0\",\"avatar\":\"\",\"params\":{},\"userName\":\"a1\",\"userId\":107,\"createBy\":\"admin\",\"createTime\":1620136788000,\"userType\":\"00\",\"status\":\"0\"}','{\"msg\":\"操作成功\",\"code\":200}',0,NULL,'2021-05-06 22:00:43'),(215,'个人信息',2,'com.ruoyi.web.controller.system.SysProfileController.updateProfile()','PUT',1,'a1',NULL,'/system/user/profile','127.0.0.1','内网IP','{\"roles\":[{\"flag\":false,\"roleId\":101,\"admin\":false,\"dataScope\":\"1\",\"params\":{},\"roleSort\":\"4\",\"deptCheckStrictly\":false,\"menuCheckStrictly\":false,\"roleKey\":\"student\",\"roleName\":\"学生\",\"status\":\"0\"}],\"phonenumber\":\"13456789010\",\"admin\":false,\"delFlag\":\"0\",\"loginIp\":\"\",\"email\":\"987@qq.com\",\"nickName\":\"12\",\"sex\":\"0\",\"avatar\":\"\",\"params\":{},\"userName\":\"a1\",\"userId\":107,\"createBy\":\"admin\",\"createTime\":1620136788000,\"userType\":\"00\",\"status\":\"0\"}','{\"msg\":\"操作成功\",\"code\":200}',0,NULL,'2021-05-06 22:00:44'),(216,'用户管理',2,'com.ruoyi.web.controller.system.SysUserController.edit()','PUT',1,'admin',NULL,'/system/user','127.0.0.1','内网IP','{\"roles\":[{\"flag\":false,\"roleId\":101,\"admin\":false,\"dataScope\":\"1\",\"params\":{},\"roleSort\":\"4\",\"deptCheckStrictly\":false,\"menuCheckStrictly\":false,\"roleKey\":\"student\",\"roleName\":\"学生\",\"status\":\"0\"}],\"phonenumber\":\"13456789010\",\"admin\":false,\"delFlag\":\"0\",\"password\":\"$2a$10$I53qhqfG.jcg4O3l2G9gluMHggvFe4T/kJUOifSOl9X5I467hWjiu\",\"updateBy\":\"admin\",\"postIds\":[],\"loginIp\":\"\",\"email\":\"987@qq.com\",\"nickName\":\"12\",\"sex\":\"0\",\"deptId\":104,\"avatar\":\"\",\"params\":{},\"userName\":\"a1\",\"userId\":107,\"createBy\":\"admin\",\"roleIds\":[101],\"createTime\":1620136788000,\"userType\":\"00\",\"status\":\"0\"}','{\"msg\":\"操作成功\",\"code\":200}',0,NULL,'2021-05-06 22:23:11'),(217,'简历投递信息',1,'com.ruoyi.recruit.controller.RecruitDeliveryController.add()','POST',1,'a1',NULL,'/recruit/delivery','127.0.0.1','内网IP','{\"companyName\":\"爱奇艺\",\"params\":{},\"userName\":\"a1\",\"userId\":107,\"positionName\":\"Java工程师\",\"companyId\":1,\"positionId\":1,\"id\":5}','{\"msg\":\"操作成功\",\"code\":200}',0,NULL,'2021-05-06 22:25:08'),(218,'简历投递信息',3,'com.ruoyi.recruit.controller.RecruitDeliveryController.remove()','DELETE',1,'a1',NULL,'/recruit/delivery/5','127.0.0.1','内网IP','{ids=5}','{\"msg\":\"操作成功\",\"code\":200}',0,NULL,'2021-05-07 00:18:13'),(219,'简历投递信息',1,'com.ruoyi.recruit.controller.RecruitDeliveryController.add()','POST',1,'a1',NULL,'/recruit/delivery','127.0.0.1','内网IP','{\"companyName\":\"爱奇艺\",\"params\":{},\"userName\":\"a1\",\"userId\":107,\"positionName\":\"Java工程师\",\"companyId\":1,\"positionId\":1,\"id\":6}','{\"msg\":\"操作成功\",\"code\":200}',0,NULL,'2021-05-07 00:18:20'),(220,'学生简历信息',1,'com.ruoyi.recruit.controller.RecruitResumeController.add()','POST',1,'a1',NULL,'/recruit/resume','127.0.0.1','内网IP','{\"highestEducation\":\"本科\",\"minority\":\"汉族\",\"id\":1,\"politicalOutlook\":\"团员\",\"height\":\"160cm\",\"sex\":\"1\",\"health\":\"良好\",\"weight\":\"60kg\",\"params\":{},\"userName\":\"12\"}','{\"msg\":\"操作成功\",\"code\":200}',0,NULL,'2021-05-07 00:19:29'),(221,'学生简历信息',2,'com.ruoyi.recruit.controller.RecruitResumeController.edit()','PUT',1,'a1',NULL,'/recruit/resume','127.0.0.1','内网IP','{\"highestEducation\":\"本科\",\"minority\":\"汉族\",\"id\":1,\"politicalOutlook\":\"团员\",\"height\":\"160cm\",\"sex\":\"0\",\"health\":\"良好\",\"weight\":\"60kg\",\"params\":{},\"userName\":\"12\"}','{\"msg\":\"操作成功\",\"code\":200}',0,NULL,'2021-05-07 00:31:23'),(222,'学生简历信息',2,'com.ruoyi.recruit.controller.RecruitResumeController.edit()','PUT',1,'a1',NULL,'/recruit/resume','127.0.0.1','内网IP','{\"highestEducation\":\"本科\",\"minority\":\"汉族\",\"id\":1,\"politicalOutlook\":\"团员\",\"height\":\"160cm\",\"sex\":\"0\",\"health\":\"良好\",\"weight\":\"60kg\",\"params\":{},\"userName\":\"12\"}','{\"msg\":\"操作成功\",\"code\":200}',0,NULL,'2021-05-07 00:31:26'),(223,'学生简历信息',2,'com.ruoyi.recruit.controller.RecruitResumeController.edit()','PUT',1,'a1',NULL,'/recruit/resume','127.0.0.1','内网IP','{\"highestEducation\":\"本科\",\"minority\":\"汉族\",\"id\":1,\"politicalOutlook\":\"团员\",\"height\":\"160cm\",\"sex\":\"0\",\"health\":\"良好\",\"weight\":\"60kg\",\"params\":{},\"userName\":\"12\"}','{\"msg\":\"操作成功\",\"code\":200}',0,NULL,'2021-05-07 00:31:27'),(224,'简历投递信息',3,'com.ruoyi.recruit.controller.RecruitDeliveryController.remove()','DELETE',1,'admin',NULL,'/recruit/delivery/6','127.0.0.1','内网IP','{ids=6}','{\"msg\":\"操作成功\",\"code\":200}',0,NULL,'2021-05-07 10:03:03'),(225,'简历投递信息',1,'com.ruoyi.recruit.controller.RecruitDeliveryController.add()','POST',1,'a1',NULL,'/recruit/delivery','127.0.0.1','内网IP','{\"companyName\":\"爱奇艺\",\"params\":{},\"userName\":\"a1\",\"userId\":107,\"positionName\":\"Java工程师\",\"companyId\":1,\"positionId\":1,\"id\":7}','{\"msg\":\"操作成功\",\"code\":200}',0,NULL,'2021-05-07 10:04:10'),(226,'招聘岗位',1,'com.ruoyi.recruit.controller.RecruitPositionController.add()','POST',1,'zzz',NULL,'/recruit/position','127.0.0.1','内网IP','{\"validDate\":1621440000000,\"phonenumber\":\"17956565645\",\"workCity\":\"福州\",\"quantity\":5,\"releaseDate\":1620316800000,\"requirement\":\"具有一定的软件测试能力\",\"params\":{},\"salaryDown\":6000,\"name\":\"软件测试工程师\",\"salaryUp\":4000,\"status\":1}','null',1,'\r\n### Error updating database.  Cause: java.sql.SQLException: Field \'company_id\' doesn\'t have a default value\r\n### The error may exist in file [E:\\校园招聘系统\\recruit-api\\root-recruit\\target\\classes\\mapper\\recruit\\RecruitPositionMapper.xml]\r\n### The error may involve com.ruoyi.recruit.mapper.RecruitPositionMapper.insertRecruitPosition-Inline\r\n### The error occurred while setting parameters\r\n### SQL: insert into recruit_position          ( name,             requirement,             work_city,             phonenumber,             release_date,             valid_date,             quantity,             status,                          salary_up,             salary_down )           values ( ?,             ?,             ?,             ?,             ?,             ?,             ?,             ?,                          ?,             ? )\r\n### Cause: java.sql.SQLException: Field \'company_id\' doesn\'t have a default value\n; Field \'company_id\' doesn\'t have a default value; nested exception is java.sql.SQLException: Field \'company_id\' doesn\'t have a default value','2021-05-07 10:08:43'),(227,'招聘岗位',1,'com.ruoyi.recruit.controller.RecruitPositionController.add()','POST',1,'zzz',NULL,'/recruit/position','127.0.0.1','内网IP','{\"validDate\":1621440000000,\"phonenumber\":\"17956565645\",\"workCity\":\"福州\",\"quantity\":5,\"releaseDate\":1620316800000,\"requirement\":\"具有一定的软件测试能力\",\"params\":{},\"salaryDown\":6000,\"name\":\"软件测试工程师\",\"salaryUp\":4000,\"status\":1}','null',1,'\r\n### Error updating database.  Cause: java.sql.SQLException: Field \'company_id\' doesn\'t have a default value\r\n### The error may exist in file [E:\\校园招聘系统\\recruit-api\\root-recruit\\target\\classes\\mapper\\recruit\\RecruitPositionMapper.xml]\r\n### The error may involve com.ruoyi.recruit.mapper.RecruitPositionMapper.insertRecruitPosition-Inline\r\n### The error occurred while setting parameters\r\n### SQL: insert into recruit_position          ( name,             requirement,             work_city,             phonenumber,             release_date,             valid_date,             quantity,             status,                          salary_up,             salary_down )           values ( ?,             ?,             ?,             ?,             ?,             ?,             ?,             ?,                          ?,             ? )\r\n### Cause: java.sql.SQLException: Field \'company_id\' doesn\'t have a default value\n; Field \'company_id\' doesn\'t have a default value; nested exception is java.sql.SQLException: Field \'company_id\' doesn\'t have a default value','2021-05-07 10:08:50'),(228,'招聘岗位',1,'com.ruoyi.recruit.controller.RecruitPositionController.add()','POST',1,'zzz',NULL,'/recruit/position','127.0.0.1','内网IP','{\"validDate\":1621440000000,\"phonenumber\":\"17956565645\",\"workCity\":\"福州\",\"quantity\":5,\"releaseDate\":1620316800000,\"requirement\":\"具有一定的软件测试能力\",\"params\":{},\"salaryDown\":6000,\"name\":\"软件测试工程师\",\"salaryUp\":4000,\"status\":1}','null',1,'\r\n### Error updating database.  Cause: java.sql.SQLException: Field \'company_id\' doesn\'t have a default value\r\n### The error may exist in file [E:\\校园招聘系统\\recruit-api\\root-recruit\\target\\classes\\mapper\\recruit\\RecruitPositionMapper.xml]\r\n### The error may involve com.ruoyi.recruit.mapper.RecruitPositionMapper.insertRecruitPosition-Inline\r\n### The error occurred while setting parameters\r\n### SQL: insert into recruit_position          ( name,             requirement,             work_city,             phonenumber,             release_date,             valid_date,             quantity,             status,                          salary_up,             salary_down )           values ( ?,             ?,             ?,             ?,             ?,             ?,             ?,             ?,                          ?,             ? )\r\n### Cause: java.sql.SQLException: Field \'company_id\' doesn\'t have a default value\n; Field \'company_id\' doesn\'t have a default value; nested exception is java.sql.SQLException: Field \'company_id\' doesn\'t have a default value','2021-05-07 10:10:44'),(229,'招聘岗位',1,'com.ruoyi.recruit.controller.RecruitPositionController.add()','POST',1,'zzz',NULL,'/recruit/position','127.0.0.1','内网IP','{\"validDate\":1621440000000,\"phonenumber\":\"17956565645\",\"workCity\":\"福州\",\"quantity\":5,\"releaseDate\":1620316800000,\"requirement\":\"具有一定的软件测试能力\",\"params\":{},\"salaryDown\":6000,\"name\":\"软件测试工程师\",\"salaryUp\":4000,\"status\":1}','null',1,'\r\n### Error updating database.  Cause: java.sql.SQLException: Field \'company_id\' doesn\'t have a default value\r\n### The error may exist in file [E:\\校园招聘系统\\recruit-api\\root-recruit\\target\\classes\\mapper\\recruit\\RecruitPositionMapper.xml]\r\n### The error may involve com.ruoyi.recruit.mapper.RecruitPositionMapper.insertRecruitPosition-Inline\r\n### The error occurred while setting parameters\r\n### SQL: insert into recruit_position          ( name,             requirement,             work_city,             phonenumber,             release_date,             valid_date,             quantity,             status,                          salary_up,             salary_down )           values ( ?,             ?,             ?,             ?,             ?,             ?,             ?,             ?,                          ?,             ? )\r\n### Cause: java.sql.SQLException: Field \'company_id\' doesn\'t have a default value\n; Field \'company_id\' doesn\'t have a default value; nested exception is java.sql.SQLException: Field \'company_id\' doesn\'t have a default value','2021-05-07 10:10:44'),(230,'招聘岗位',1,'com.ruoyi.recruit.controller.RecruitPositionController.add()','POST',1,'zzz',NULL,'/recruit/position','127.0.0.1','内网IP','{\"validDate\":1621440000000,\"phonenumber\":\"17956565645\",\"workCity\":\"福州\",\"quantity\":5,\"releaseDate\":1620316800000,\"requirement\":\"具有一定的软件测试能力\",\"params\":{},\"salaryDown\":6000,\"name\":\"软件测试工程师\",\"salaryUp\":4000,\"status\":1}','null',1,'\r\n### Error updating database.  Cause: java.sql.SQLException: Field \'company_id\' doesn\'t have a default value\r\n### The error may exist in file [E:\\校园招聘系统\\recruit-api\\root-recruit\\target\\classes\\mapper\\recruit\\RecruitPositionMapper.xml]\r\n### The error may involve com.ruoyi.recruit.mapper.RecruitPositionMapper.insertRecruitPosition-Inline\r\n### The error occurred while setting parameters\r\n### SQL: insert into recruit_position          ( name,             requirement,             work_city,             phonenumber,             release_date,             valid_date,             quantity,             status,                          salary_up,             salary_down )           values ( ?,             ?,             ?,             ?,             ?,             ?,             ?,             ?,                          ?,             ? )\r\n### Cause: java.sql.SQLException: Field \'company_id\' doesn\'t have a default value\n; Field \'company_id\' doesn\'t have a default value; nested exception is java.sql.SQLException: Field \'company_id\' doesn\'t have a default value','2021-05-07 10:10:44'),(231,'招聘岗位',1,'com.ruoyi.recruit.controller.RecruitPositionController.add()','POST',1,'zzz',NULL,'/recruit/position','127.0.0.1','内网IP','{\"validDate\":1621440000000,\"phonenumber\":\"17956565645\",\"workCity\":\"福州\",\"quantity\":5,\"releaseDate\":1620316800000,\"requirement\":\"具有一定的软件测试能力\",\"params\":{},\"salaryDown\":6000,\"name\":\"软件测试工程师\",\"salaryUp\":4000,\"status\":1}','null',1,'\r\n### Error updating database.  Cause: java.sql.SQLException: Field \'company_id\' doesn\'t have a default value\r\n### The error may exist in file [E:\\校园招聘系统\\recruit-api\\root-recruit\\target\\classes\\mapper\\recruit\\RecruitPositionMapper.xml]\r\n### The error may involve com.ruoyi.recruit.mapper.RecruitPositionMapper.insertRecruitPosition-Inline\r\n### The error occurred while setting parameters\r\n### SQL: insert into recruit_position          ( name,             requirement,             work_city,             phonenumber,             release_date,             valid_date,             quantity,             status,                          salary_up,             salary_down )           values ( ?,             ?,             ?,             ?,             ?,             ?,             ?,             ?,                          ?,             ? )\r\n### Cause: java.sql.SQLException: Field \'company_id\' doesn\'t have a default value\n; Field \'company_id\' doesn\'t have a default value; nested exception is java.sql.SQLException: Field \'company_id\' doesn\'t have a default value','2021-05-07 10:10:44'),(232,'学生简历信息',1,'com.ruoyi.recruit.controller.RecruitResumeController.add()','POST',1,'admin',NULL,'/recruit/resume','127.0.0.1','内网IP','{\"birthday\":\"1\",\"highestEducation\":\"1\",\"selfEvaluation\":\"1\",\"minority\":\"1\",\"major\":\"1\",\"id\":2,\"politicalOutlook\":\"1\",\"email\":\"1\",\"height\":\"1\",\"jobIntention\":\"1\",\"sex\":\"0\",\"health\":\"1\",\"weight\":\"1\",\"params\":{},\"userName\":\"若依\",\"postalAddress\":\"1\",\"phone\":\"1\",\"awards\":\"1\",\"currentResidence\":\"1\",\"professionalCourses\":\"1\"}','{\"msg\":\"操作成功\",\"code\":200}',0,NULL,'2021-05-07 22:04:59'),(233,'学生简历信息',2,'com.ruoyi.recruit.controller.RecruitResumeController.edit()','PUT',1,'admin',NULL,'/recruit/resume','127.0.0.1','内网IP','{\"id\":2,\"params\":{},\"url\":\"http://localhost:8080/profile/upload/2021/05/07/91bf629c-de48-4dea-877b-6a8b3d3914e7.docx\"}','{\"msg\":\"操作成功\",\"code\":200}',0,NULL,'2021-05-07 22:20:04'),(234,'招聘岗位',1,'com.ruoyi.recruit.controller.RecruitPositionController.add()','POST',1,'admin',NULL,'/recruit/position','127.0.0.1','内网IP','{\"validDate\":1621180800000,\"phonenumber\":\"12\",\"workCity\":\"12\",\"quantity\":12,\"releaseDate\":1620576000000,\"requirement\":\"12\",\"params\":{},\"salaryDown\":12,\"name\":\"12\",\"salaryUp\":12,\"status\":1}','null',1,'\r\n### Error updating database.  Cause: java.sql.SQLException: Field \'company_id\' doesn\'t have a default value\r\n### The error may exist in file [D:\\Program Files\\JetBrains\\新建文件夹\\毕业设计\\ruoyi\\recruit\\recruit-api\\root-recruit\\target\\classes\\mapper\\recruit\\RecruitPositionMapper.xml]\r\n### The error may involve com.ruoyi.recruit.mapper.RecruitPositionMapper.insertRecruitPosition-Inline\r\n### The error occurred while setting parameters\r\n### SQL: insert into recruit_position          ( name,             requirement,             work_city,             phonenumber,             release_date,             valid_date,             quantity,             status,                          salary_up,             salary_down )           values ( ?,             ?,             ?,             ?,             ?,             ?,             ?,             ?,                          ?,             ? )\r\n### Cause: java.sql.SQLException: Field \'company_id\' doesn\'t have a default value\n; Field \'company_id\' doesn\'t have a default value; nested exception is java.sql.SQLException: Field \'company_id\' doesn\'t have a default value','2021-05-07 22:25:55'),(235,'招聘岗位',1,'com.ruoyi.recruit.controller.RecruitPositionController.add()','POST',1,'admin',NULL,'/recruit/position','127.0.0.1','内网IP','{\"validDate\":1620057600000,\"phonenumber\":\"12\",\"workCity\":\"12\",\"quantity\":12,\"releaseDate\":1620057600000,\"requirement\":\"12\",\"params\":{},\"salaryDown\":12,\"name\":\"1\",\"salaryUp\":12,\"status\":0}','null',1,'\r\n### Error updating database.  Cause: java.sql.SQLException: Field \'company_id\' doesn\'t have a default value\r\n### The error may exist in file [D:\\Program Files\\JetBrains\\新建文件夹\\毕业设计\\ruoyi\\recruit\\recruit-api\\root-recruit\\target\\classes\\mapper\\recruit\\RecruitPositionMapper.xml]\r\n### The error may involve com.ruoyi.recruit.mapper.RecruitPositionMapper.insertRecruitPosition-Inline\r\n### The error occurred while setting parameters\r\n### SQL: insert into recruit_position          ( name,             requirement,             work_city,             phonenumber,             release_date,             valid_date,             quantity,             status,                          salary_up,             salary_down )           values ( ?,             ?,             ?,             ?,             ?,             ?,             ?,             ?,                          ?,             ? )\r\n### Cause: java.sql.SQLException: Field \'company_id\' doesn\'t have a default value\n; Field \'company_id\' doesn\'t have a default value; nested exception is java.sql.SQLException: Field \'company_id\' doesn\'t have a default value','2021-05-07 22:42:42'),(236,'招聘岗位',1,'com.ruoyi.recruit.controller.RecruitPositionController.add()','POST',1,'admin',NULL,'/recruit/position','127.0.0.1','内网IP','{\"validDate\":1620057600000,\"phonenumber\":\"sdf\",\"workCity\":\"sdf\",\"quantity\":1,\"releaseDate\":1619971200000,\"requirement\":\"sdf\",\"params\":{},\"companyId\":1,\"salaryDown\":1,\"name\":\"dsf\",\"salaryUp\":1,\"status\":0}','null',1,'\r\n### Error updating database.  Cause: java.sql.SQLException: Field \'category_id\' doesn\'t have a default value\r\n### The error may exist in file [D:\\Program Files\\JetBrains\\新建文件夹\\毕业设计\\ruoyi\\recruit\\recruit-api\\root-recruit\\target\\classes\\mapper\\recruit\\RecruitPositionMapper.xml]\r\n### The error may involve com.ruoyi.recruit.mapper.RecruitPositionMapper.insertRecruitPosition-Inline\r\n### The error occurred while setting parameters\r\n### SQL: insert into recruit_position          ( name,             requirement,             work_city,             phonenumber,             release_date,             valid_date,             quantity,             status,                          salary_up,             salary_down,                          company_id )           values ( ?,             ?,             ?,             ?,             ?,             ?,             ?,             ?,                          ?,             ?,                          ? )\r\n### Cause: java.sql.SQLException: Field \'category_id\' doesn\'t have a default value\n; Field \'category_id\' doesn\'t have a default value; nested exception is java.sql.SQLException: Field \'category_id\' doesn\'t have a default value','2021-05-07 22:43:15'),(237,'招聘岗位',1,'com.ruoyi.recruit.controller.RecruitPositionController.add()','POST',1,'admin',NULL,'/recruit/position','127.0.0.1','内网IP','{\"validDate\":1620057600000,\"phonenumber\":\"sdf\",\"workCity\":\"sdf\",\"id\":1015,\"quantity\":1,\"releaseDate\":1619971200000,\"requirement\":\"sdf\",\"params\":{},\"companyId\":1,\"salaryDown\":1,\"name\":\"dsf\",\"salaryUp\":1,\"status\":0}','{\"msg\":\"操作成功\",\"code\":200}',0,NULL,'2021-05-07 22:49:42'),(238,'招聘岗位',1,'com.ruoyi.recruit.controller.RecruitPositionController.add()','POST',1,'zzz',NULL,'/recruit/position','127.0.0.1','内网IP','{\"validDate\":1621008000000,\"phonenumber\":\"15836933333\",\"workCity\":\"福州\",\"id\":1016,\"quantity\":5,\"releaseDate\":1620316800000,\"requirement\":\"具有一定测试能力\",\"params\":{},\"companyId\":8,\"salaryDown\":6000,\"name\":\"软件测试工程师\",\"salaryUp\":4000,\"status\":1}','{\"msg\":\"操作成功\",\"code\":200}',0,NULL,'2021-05-07 23:04:06'),(239,'招聘岗位',1,'com.ruoyi.recruit.controller.RecruitPositionController.add()','POST',1,'zzz',NULL,'/recruit/position','127.0.0.1','内网IP','{\"validDate\":1621008000000,\"phonenumber\":\"15836933333\",\"workCity\":\"福州\",\"id\":1017,\"quantity\":5,\"releaseDate\":1620316800000,\"requirement\":\"具有一定测试能力\",\"params\":{},\"companyId\":8,\"salaryDown\":6000,\"name\":\"软件测试工程师\",\"salaryUp\":4000,\"status\":1}','{\"msg\":\"操作成功\",\"code\":200}',0,NULL,'2021-05-07 23:04:06'),(240,'招聘岗位',3,'com.ruoyi.recruit.controller.RecruitPositionController.remove()','DELETE',1,'zzz',NULL,'/recruit/position/1017','127.0.0.1','内网IP','{ids=1017}','{\"msg\":\"操作成功\",\"code\":200}',0,NULL,'2021-05-07 23:04:11'),(241,'招聘岗位',2,'com.ruoyi.recruit.controller.RecruitPositionController.edit()','PUT',1,'admin',NULL,'/recruit/position','127.0.0.1','内网IP','{\"validDate\":1621008000000,\"phonenumber\":\"15836933333\",\"auditState\":1,\"workCity\":\"福州\",\"company\":{\"address\":\"福州\",\"nature\":0,\"phonenumber\":\"18250014239\",\"hot\":0,\"params\":{},\"auditState\":2,\"name\":\"福州科技有限公司\",\"id\":1016},\"id\":1016,\"quantity\":5,\"releaseDate\":1620316800000,\"requirement\":\"具有一定测试能力\",\"params\":{},\"companyId\":8,\"salaryDown\":6000,\"name\":\"软件测试工程师\",\"salaryUp\":4000,\"status\":1}','{\"msg\":\"操作成功\",\"code\":200}',0,NULL,'2021-05-07 23:16:13'),(242,'学生简历信息',2,'com.ruoyi.recruit.controller.RecruitResumeController.edit()','PUT',1,'a1',NULL,'/recruit/resume','127.0.0.1','内网IP','{\"id\":1,\"params\":{},\"url\":\"http://localhost:8080/profile/upload/2021/05/07/7f55d7a3-f81e-4a82-9697-a4adb4ab4425.doc\"}','{\"msg\":\"操作成功\",\"code\":200}',0,NULL,'2021-05-07 23:18:31'),(243,'招聘岗位',1,'com.ruoyi.recruit.controller.RecruitPositionController.add()','POST',1,'zzz',NULL,'/recruit/position','127.0.0.1','内网IP','{\"validDate\":1621008000000,\"phonenumber\":\"15813466666\",\"workCity\":\"福州\",\"id\":1015,\"quantity\":5,\"releaseDate\":1620316800000,\"requirement\":\"很好很好\",\"params\":{},\"companyId\":8,\"salaryDown\":6000,\"name\":\"软件测试工程师\",\"salaryUp\":4000,\"status\":1}','{\"msg\":\"操作成功\",\"code\":200}',0,NULL,'2021-05-07 23:31:19'),(244,'招聘岗位',2,'com.ruoyi.recruit.controller.RecruitPositionController.edit()','PUT',1,'admin',NULL,'/recruit/position','127.0.0.1','内网IP','{\"validDate\":1621008000000,\"phonenumber\":\"15813466666\",\"auditState\":1,\"workCity\":\"福州\",\"company\":{\"address\":\"福州\",\"nature\":0,\"phonenumber\":\"18250014239\",\"hot\":0,\"params\":{},\"auditState\":2,\"name\":\"福州科技有限公司\",\"id\":1015},\"id\":1015,\"quantity\":5,\"releaseDate\":1620316800000,\"requirement\":\"很好很好\",\"params\":{},\"companyId\":8,\"salaryDown\":6000,\"name\":\"软件测试工程师\",\"category\":{\"params\":{},\"categoryName\":\"区块链\",\"parentId\":4,\"parentCategory\":{\"description\":\"大数据技术大分类\",\"params\":{},\"categoryName\":\"大数据\"},\"id\":17},\"categoryId\":17,\"salaryUp\":4000,\"status\":1}','{\"msg\":\"操作成功\",\"code\":200}',0,NULL,'2021-05-07 23:31:59'),(245,'简历投递信息',1,'com.ruoyi.recruit.controller.RecruitDeliveryController.add()','POST',1,'a1',NULL,'/recruit/delivery','127.0.0.1','内网IP','{\"companyName\":\"福州科技有限公司\",\"params\":{},\"userName\":\"a1\",\"userId\":107,\"positionName\":\"软件测试工程师\",\"companyId\":1015,\"positionId\":1015,\"id\":8}','{\"msg\":\"操作成功\",\"code\":200}',0,NULL,'2021-05-07 23:37:36'),(246,'简历投递信息',2,'com.ruoyi.recruit.controller.RecruitDeliveryController.edit()','PUT',1,'admin',NULL,'/recruit/delivery','127.0.0.1','内网IP','{\"companyName\":\"福州科技有限公司\",\"params\":{},\"userName\":\"a1\",\"userId\":107,\"positionName\":\"软件测试工程师\",\"companyId\":1015,\"positionId\":1015,\"id\":8,\"position\":{\"validDate\":1621008000000,\"phonenumber\":\"15813466666\",\"workCity\":\"福州\",\"quantity\":5,\"releaseDate\":1620316800000,\"requirement\":\"很好很好\",\"params\":{},\"salaryDown\":6000,\"salaryUp\":4000,\"status\":1},\"status\":1}','{\"msg\":\"操作成功\",\"code\":200}',0,NULL,'2021-05-07 23:51:51'),(247,'简历投递信息',2,'com.ruoyi.recruit.controller.RecruitDeliveryController.edit()','PUT',1,'admin',NULL,'/recruit/delivery','127.0.0.1','内网IP','{\"companyName\":\"福州科技有限公司\",\"params\":{},\"userName\":\"a1\",\"userId\":107,\"positionName\":\"软件测试工程师\",\"companyId\":1015,\"positionId\":1015,\"id\":8,\"position\":{\"validDate\":1621008000000,\"phonenumber\":\"15813466666\",\"workCity\":\"福州\",\"quantity\":5,\"releaseDate\":1620316800000,\"requirement\":\"很好很好\",\"params\":{},\"salaryDown\":6000,\"salaryUp\":4000,\"status\":1},\"status\":1}','{\"msg\":\"操作成功\",\"code\":200}',0,NULL,'2021-05-07 23:51:52'),(248,'简历投递信息',1,'com.ruoyi.recruit.controller.RecruitDeliveryController.add()','POST',1,'a1',NULL,'/recruit/delivery','127.0.0.1','内网IP','{\"companyName\":\"爱奇艺\",\"params\":{},\"userName\":\"a1\",\"userId\":107,\"positionName\":\"Java工程师\",\"companyId\":1,\"positionId\":1,\"id\":9}','{\"msg\":\"操作成功\",\"code\":200}',0,NULL,'2021-05-08 00:07:21'),(249,'学生简历信息',2,'com.ruoyi.recruit.controller.RecruitResumeController.edit()','PUT',1,'a1',NULL,'/recruit/resume','127.0.0.1','内网IP','{\"highestEducation\":\"本科\",\"minority\":\"汉族\",\"id\":1,\"politicalOutlook\":\"团员\",\"height\":\"160cm\",\"sex\":\"0\",\"health\":\"良好\",\"weight\":\"60kg\",\"params\":{},\"userName\":\"12\",\"url\":\"http://localhost:8080/profile/upload/2021/05/07/7f55d7a3-f81e-4a82-9697-a4adb4ab4425.doc\"}','{\"msg\":\"操作失败\",\"code\":500}',0,NULL,'2021-05-08 00:19:46'),(250,'学生简历信息',1,'com.ruoyi.recruit.controller.RecruitResumeController.add()','POST',1,'a1',NULL,'/recruit/resume','127.0.0.1','内网IP','{\"minority\":\"12\",\"id\":3,\"politicalOutlook\":\"12\",\"height\":\"12\",\"sex\":\"0\",\"weight\":\"12\",\"params\":{},\"userName\":\"12\",\"userId\":107}','{\"msg\":\"操作成功\",\"code\":200}',0,NULL,'2021-05-08 00:20:04'),(251,'简历投递信息',1,'com.ruoyi.recruit.controller.RecruitDeliveryController.add()','POST',1,'a1',NULL,'/recruit/delivery','127.0.0.1','内网IP','{\"companyName\":\"爱奇艺\",\"params\":{},\"userName\":\"a1\",\"userId\":107,\"positionName\":\"Java工程师\",\"companyId\":2,\"positionId\":2,\"id\":10}','{\"msg\":\"操作成功\",\"code\":200}',0,NULL,'2021-05-08 00:26:30'),(252,'简历投递信息',1,'com.ruoyi.recruit.controller.RecruitDeliveryController.add()','POST',1,'a1',NULL,'/recruit/delivery','127.0.0.1','内网IP','{\"companyName\":\"爱奇艺\",\"params\":{},\"userName\":\"a1\",\"userId\":107,\"positionName\":\"Java工程师\",\"companyId\":2,\"positionId\":2,\"id\":11}','{\"msg\":\"操作成功\",\"code\":200}',0,NULL,'2021-05-08 00:38:39'),(253,'简历投递信息',1,'com.ruoyi.recruit.controller.RecruitDeliveryController.add()','POST',1,'a1',NULL,'/recruit/delivery','127.0.0.1','内网IP','{\"companyName\":\"爱奇艺\",\"params\":{},\"userName\":\"a1\",\"userId\":107,\"positionName\":\"Java工程师\",\"companyId\":6,\"positionId\":1,\"id\":12}','{\"msg\":\"操作成功\",\"code\":200}',0,NULL,'2021-05-08 00:41:31'),(254,'学生简历信息',2,'com.ruoyi.recruit.controller.RecruitResumeController.edit()','PUT',1,'a1',NULL,'/recruit/resume','127.0.0.1','内网IP','{\"id\":3,\"params\":{},\"url\":\"http://localhost:8080/profile/upload/2021/05/08/0bb7ee6e-ab74-45dc-a871-5514e083a146.doc\"}','{\"msg\":\"操作成功\",\"code\":200}',0,NULL,'2021-05-08 10:06:32'),(255,'简历投递信息',1,'com.ruoyi.recruit.controller.RecruitDeliveryController.add()','POST',1,'a1',NULL,'/recruit/delivery','127.0.0.1','内网IP','{\"companyName\":\"福州科技有限公司\",\"params\":{},\"userName\":\"a1\",\"userId\":107,\"positionName\":\"软件测试工程师\",\"companyId\":8,\"positionId\":1015,\"id\":13}','{\"msg\":\"操作成功\",\"code\":200}',0,NULL,'2021-05-08 10:06:56'),(256,'简历投递信息',2,'com.ruoyi.recruit.controller.RecruitDeliveryController.edit()','PUT',1,'admin',NULL,'/recruit/delivery','127.0.0.1','内网IP','{\"params\":{},\"id\":3,\"status\":1}','{\"msg\":\"操作失败\",\"code\":500}',0,NULL,'2021-05-08 15:13:48'),(257,'简历投递信息',2,'com.ruoyi.recruit.controller.RecruitDeliveryController.edit()','PUT',1,'admin',NULL,'/recruit/delivery','127.0.0.1','内网IP','{\"companyName\":\"福州科技有限公司\",\"params\":{},\"userName\":\"a1\",\"userId\":107,\"positionName\":\"软件测试工程师\",\"companyId\":8,\"positionId\":1015,\"company\":{\"address\":\"福州\",\"nature\":0,\"phonenumber\":\"18250014239\",\"params\":{}},\"id\":13,\"position\":{\"validDate\":1621008000000,\"phonenumber\":\"15813466666\",\"workCity\":\"福州\",\"quantity\":5,\"releaseDate\":1620316800000,\"requirement\":\"很好很好\",\"params\":{},\"salaryDown\":6000,\"salaryUp\":4000,\"status\":1},\"status\":1}','{\"msg\":\"操作成功\",\"code\":200}',0,NULL,'2021-05-08 15:14:25'),(258,'简历投递信息',2,'com.ruoyi.recruit.controller.RecruitDeliveryController.edit()','PUT',1,'admin',NULL,'/recruit/delivery','127.0.0.1','内网IP','{\"params\":{},\"id\":3,\"status\":1}','{\"msg\":\"操作失败\",\"code\":500}',0,NULL,'2021-05-08 15:18:10'),(259,'简历投递信息',2,'com.ruoyi.recruit.controller.RecruitDeliveryController.edit()','PUT',1,'admin',NULL,'/recruit/delivery','127.0.0.1','内网IP','{\"params\":{},\"id\":3,\"status\":1}','{\"msg\":\"操作失败\",\"code\":500}',0,NULL,'2021-05-08 15:18:10'),(260,'简历投递信息',2,'com.ruoyi.recruit.controller.RecruitDeliveryController.edit()','PUT',1,'admin',NULL,'/recruit/delivery','127.0.0.1','内网IP','{\"params\":{},\"id\":3,\"status\":1}','{\"msg\":\"操作失败\",\"code\":500}',0,NULL,'2021-05-08 15:18:10'),(261,'简历投递信息',2,'com.ruoyi.recruit.controller.RecruitDeliveryController.edit()','PUT',1,'admin',NULL,'/recruit/delivery','127.0.0.1','内网IP','{\"params\":{},\"id\":3,\"status\":1}','{\"msg\":\"操作失败\",\"code\":500}',0,NULL,'2021-05-08 15:18:10'),(262,'简历投递信息',2,'com.ruoyi.recruit.controller.RecruitDeliveryController.edit()','PUT',1,'admin',NULL,'/recruit/delivery','127.0.0.1','内网IP','{\"params\":{},\"id\":3,\"status\":1}','{\"msg\":\"操作失败\",\"code\":500}',0,NULL,'2021-05-08 15:18:11'),(263,'简历投递信息',2,'com.ruoyi.recruit.controller.RecruitDeliveryController.edit()','PUT',1,'admin',NULL,'/recruit/delivery','127.0.0.1','内网IP','{\"params\":{},\"id\":3,\"status\":1}','{\"msg\":\"操作失败\",\"code\":500}',0,NULL,'2021-05-08 15:18:11'),(264,'简历投递信息',2,'com.ruoyi.recruit.controller.RecruitDeliveryController.edit()','PUT',1,'admin',NULL,'/recruit/delivery','127.0.0.1','内网IP','{\"params\":{},\"id\":3,\"status\":1}','{\"msg\":\"操作失败\",\"code\":500}',0,NULL,'2021-05-08 15:18:11'),(265,'简历投递信息',2,'com.ruoyi.recruit.controller.RecruitDeliveryController.edit()','PUT',1,'admin',NULL,'/recruit/delivery','127.0.0.1','内网IP','{\"params\":{},\"id\":3,\"status\":1}','{\"msg\":\"操作失败\",\"code\":500}',0,NULL,'2021-05-08 15:18:11'),(266,'简历投递信息',2,'com.ruoyi.recruit.controller.RecruitDeliveryController.edit()','PUT',1,'admin',NULL,'/recruit/delivery','127.0.0.1','内网IP','{\"params\":{},\"id\":3,\"status\":1}','{\"msg\":\"操作失败\",\"code\":500}',0,NULL,'2021-05-08 15:18:16'),(267,'简历投递信息',2,'com.ruoyi.recruit.controller.RecruitDeliveryController.edit()','PUT',1,'admin',NULL,'/recruit/delivery','127.0.0.1','内网IP','{\"params\":{},\"id\":3,\"status\":2}','{\"msg\":\"操作失败\",\"code\":500}',0,NULL,'2021-05-08 15:18:40'),(268,'角色管理',2,'com.ruoyi.web.controller.system.SysRoleController.edit()','PUT',1,'admin',NULL,'/system/role','127.0.0.1','内网IP','{\"flag\":false,\"roleId\":100,\"admin\":false,\"dataScope\":\"1\",\"delFlag\":\"0\",\"params\":{},\"roleSort\":\"3\",\"deptCheckStrictly\":true,\"createTime\":1618880879000,\"updateBy\":\"admin\",\"menuCheckStrictly\":true,\"roleKey\":\"auth_company\",\"roleName\":\"已认证企业用户\",\"menuIds\":[2000,2001,2025,2037,2004,2005,2006,2024,2020,2021,2022,2023,2024,2026,2031,2032,2034,2035,2036,2038,2039,2041,2042],\"status\":\"0\"}','{\"msg\":\"操作成功\",\"code\":200}',0,NULL,'2021-05-08 23:25:54'),(269,'菜单管理',2,'com.ruoyi.web.controller.system.SysMenuController.edit()','PUT',1,'admin',NULL,'/system/menu','127.0.0.1','内网IP','{\"visible\":\"1\",\"icon\":\"tool\",\"orderNum\":\"3\",\"menuName\":\"系统工具\",\"params\":{},\"parentId\":0,\"isCache\":\"0\",\"path\":\"tool\",\"children\":[],\"createTime\":1616577349000,\"updateBy\":\"admin\",\"isFrame\":\"1\",\"menuId\":3,\"menuType\":\"M\",\"perms\":\"\",\"status\":\"0\"}','{\"msg\":\"操作成功\",\"code\":200}',0,NULL,'2021-05-08 23:31:35'),(270,'菜单管理',2,'com.ruoyi.web.controller.system.SysMenuController.edit()','PUT',1,'admin',NULL,'/system/menu','127.0.0.1','内网IP','{\"visible\":\"1\",\"icon\":\"monitor\",\"orderNum\":\"2\",\"menuName\":\"系统监控\",\"params\":{},\"parentId\":0,\"isCache\":\"0\",\"path\":\"monitor\",\"children\":[],\"createTime\":1616577349000,\"updateBy\":\"admin\",\"isFrame\":\"1\",\"menuId\":2,\"menuType\":\"M\",\"perms\":\"\",\"status\":\"0\"}','{\"msg\":\"操作成功\",\"code\":200}',0,NULL,'2021-05-08 23:31:51'),(271,'菜单管理',2,'com.ruoyi.web.controller.system.SysMenuController.edit()','PUT',1,'admin',NULL,'/system/menu','127.0.0.1','内网IP','{\"visible\":\"1\",\"icon\":\"log\",\"orderNum\":\"9\",\"menuName\":\"日志管理\",\"params\":{},\"parentId\":1,\"isCache\":\"0\",\"path\":\"log\",\"component\":\"\",\"children\":[],\"createTime\":1616577350000,\"updateBy\":\"admin\",\"isFrame\":\"1\",\"menuId\":108,\"menuType\":\"M\",\"perms\":\"\",\"status\":\"0\"}','{\"msg\":\"操作成功\",\"code\":200}',0,NULL,'2021-05-08 23:32:16'),(272,'菜单管理',2,'com.ruoyi.web.controller.system.SysMenuController.edit()','PUT',1,'admin',NULL,'/system/menu','127.0.0.1','内网IP','{\"visible\":\"1\",\"icon\":\"dict\",\"orderNum\":\"6\",\"menuName\":\"字典管理\",\"params\":{},\"parentId\":1,\"isCache\":\"0\",\"path\":\"dict\",\"component\":\"system/dict/index\",\"children\":[],\"createTime\":1616577350000,\"updateBy\":\"admin\",\"isFrame\":\"1\",\"menuId\":105,\"menuType\":\"C\",\"perms\":\"system:dict:list\",\"status\":\"0\"}','{\"msg\":\"操作成功\",\"code\":200}',0,NULL,'2021-05-08 23:32:25'),(273,'简历投递信息',2,'com.ruoyi.recruit.controller.RecruitDeliveryController.edit()','PUT',1,'admin',NULL,'/recruit/delivery','127.0.0.1','内网IP','{\"params\":{},\"id\":3,\"status\":1}','{\"msg\":\"操作失败\",\"code\":500}',0,NULL,'2021-05-08 23:32:37'),(274,'简历投递信息',2,'com.ruoyi.recruit.controller.RecruitDeliveryController.edit()','PUT',1,'admin',NULL,'/recruit/delivery','127.0.0.1','内网IP','{\"params\":{},\"id\":3,\"status\":1}','{\"msg\":\"操作失败\",\"code\":500}',0,NULL,'2021-05-08 23:32:45'),(275,'角色管理',2,'com.ruoyi.web.controller.system.SysRoleController.edit()','PUT',1,'admin',NULL,'/system/role','127.0.0.1','内网IP','{\"flag\":false,\"roleId\":100,\"admin\":false,\"dataScope\":\"1\",\"delFlag\":\"0\",\"params\":{},\"roleSort\":\"3\",\"deptCheckStrictly\":true,\"createTime\":1618880879000,\"updateBy\":\"admin\",\"menuCheckStrictly\":true,\"roleKey\":\"auth_company\",\"roleName\":\"已认证企业用户\",\"menuIds\":[2000,2001,2025,2037,2049,2004,2005,2006,2024,2020,2021,2022,2023,2024,2026,2031,2032,2034,2035,2036,2038,2039,2041,2042,2050],\"status\":\"0\"}','{\"msg\":\"操作成功\",\"code\":200}',0,NULL,'2021-05-08 23:48:23'),(276,'简历投递信息',2,'com.ruoyi.recruit.controller.RecruitDeliveryController.edit()','PUT',1,'admin',NULL,'/recruit/delivery','127.0.0.1','内网IP','{\"params\":{},\"id\":3,\"status\":1}','{\"msg\":\"操作失败\",\"code\":500}',0,NULL,'2021-05-08 23:51:17'),(277,'简历投递信息',2,'com.ruoyi.recruit.controller.RecruitDeliveryController.edit()','PUT',1,'admin',NULL,'/recruit/delivery','127.0.0.1','内网IP','{\"params\":{},\"id\":3,\"status\":1}','{\"msg\":\"操作失败\",\"code\":500}',0,NULL,'2021-05-08 23:51:25'),(278,'简历投递信息',2,'com.ruoyi.recruit.controller.RecruitDeliveryController.edit()','PUT',1,'zzz',NULL,'/recruit/delivery','127.0.0.1','内网IP','{\"params\":{},\"id\":3,\"status\":1}','{\"msg\":\"操作失败\",\"code\":500}',0,NULL,'2021-05-09 10:19:11'),(279,'简历投递信息',2,'com.ruoyi.recruit.controller.RecruitDeliveryController.edit()','PUT',1,'zzz',NULL,'/recruit/delivery','127.0.0.1','内网IP','{\"params\":{},\"id\":3,\"status\":1}','{\"msg\":\"操作失败\",\"code\":500}',0,NULL,'2021-05-09 10:19:29'),(280,'简历投递信息',2,'com.ruoyi.recruit.controller.RecruitDeliveryController.edit()','PUT',1,'zzz',NULL,'/recruit/delivery','127.0.0.1','内网IP','{\"params\":{},\"id\":3,\"status\":2}','{\"msg\":\"操作失败\",\"code\":500}',0,NULL,'2021-05-09 10:20:35'),(281,'简历投递信息',2,'com.ruoyi.recruit.controller.RecruitDeliveryController.edit()','PUT',1,'zzz',NULL,'/recruit/delivery','127.0.0.1','内网IP','{\"companyName\":\"福州科技有限公司\",\"params\":{},\"userName\":\"a1\",\"userId\":107,\"positionName\":\"软件测试工程师\",\"companyId\":8,\"positionId\":1015,\"company\":{\"address\":\"福州\",\"nature\":0,\"phonenumber\":\"18250014239\",\"params\":{}},\"id\":13,\"position\":{\"validDate\":1621008000000,\"phonenumber\":\"15813466666\",\"workCity\":\"福州\",\"quantity\":5,\"releaseDate\":1620316800000,\"requirement\":\"很好很好\",\"params\":{},\"salaryDown\":6000,\"salaryUp\":4000,\"status\":1},\"status\":0}','{\"msg\":\"操作成功\",\"code\":200}',0,NULL,'2021-05-09 10:20:45'),(282,'简历投递信息',2,'com.ruoyi.recruit.controller.RecruitDeliveryController.edit()','PUT',1,'zzz',NULL,'/recruit/delivery','127.0.0.1','内网IP','{\"params\":{},\"id\":3,\"status\":1}','{\"msg\":\"操作失败\",\"code\":500}',0,NULL,'2021-05-09 10:20:50'),(283,'简历投递信息',2,'com.ruoyi.recruit.controller.RecruitDeliveryController.edit()','PUT',1,'zzz',NULL,'/recruit/delivery','127.0.0.1','内网IP','{\"companyName\":\"福州科技有限公司\",\"params\":{},\"userName\":\"a1\",\"userId\":107,\"positionName\":\"软件测试工程师\",\"companyId\":8,\"positionId\":1015,\"company\":{\"address\":\"福州\",\"nature\":0,\"phonenumber\":\"18250014239\",\"params\":{}},\"id\":13,\"position\":{\"validDate\":1621008000000,\"phonenumber\":\"15813466666\",\"workCity\":\"福州\",\"quantity\":5,\"releaseDate\":1620316800000,\"requirement\":\"很好很好\",\"params\":{},\"salaryDown\":6000,\"salaryUp\":4000,\"status\":1},\"status\":1}','{\"msg\":\"操作成功\",\"code\":200}',0,NULL,'2021-05-09 10:20:58'),(284,'菜单管理',2,'com.ruoyi.web.controller.system.SysMenuController.edit()','PUT',1,'admin',NULL,'/system/menu','127.0.0.1','内网IP','{\"visible\":\"1\",\"icon\":\"edit\",\"orderNum\":\"7\",\"menuName\":\"参数设置\",\"params\":{},\"parentId\":1,\"isCache\":\"0\",\"path\":\"config\",\"component\":\"system/config/index\",\"children\":[],\"createTime\":1616577350000,\"updateBy\":\"admin\",\"isFrame\":\"1\",\"menuId\":106,\"menuType\":\"C\",\"perms\":\"system:config:list\",\"status\":\"0\"}','{\"msg\":\"操作成功\",\"code\":200}',0,NULL,'2021-05-09 10:24:24'),(285,'菜单管理',3,'com.ruoyi.web.controller.system.SysMenuController.remove()','DELETE',1,'admin',NULL,'/system/menu/4','127.0.0.1','内网IP','{menuId=4}','{\"msg\":\"菜单已分配,不允许删除\",\"code\":500}',0,NULL,'2021-05-09 10:24:52'),(286,'简历投递信息',2,'com.ruoyi.recruit.controller.RecruitDeliveryController.edit()','PUT',1,'admin',NULL,'/recruit/delivery','127.0.0.1','内网IP','{\"params\":{},\"id\":3,\"status\":1}','{\"msg\":\"操作失败\",\"code\":500}',0,NULL,'2021-05-09 10:25:08'),(287,'个人信息',2,'com.ruoyi.web.controller.system.SysProfileController.updateProfile()','PUT',1,'admin',NULL,'/system/user/profile','127.0.0.1','内网IP','{\"roles\":[{\"flag\":false,\"roleId\":1,\"admin\":true,\"dataScope\":\"1\",\"params\":{},\"roleSort\":\"1\",\"deptCheckStrictly\":false,\"menuCheckStrictly\":false,\"roleKey\":\"admin\",\"roleName\":\"超级管理员\",\"status\":\"0\"}],\"phonenumber\":\"15888888888\",\"admin\":true,\"loginDate\":1619965041000,\"remark\":\"管理员\",\"delFlag\":\"0\",\"loginIp\":\"127.0.0.1\",\"email\":\"ry@163.com\",\"nickName\":\"***大学\",\"sex\":\"1\",\"deptId\":103,\"avatar\":\"\",\"dept\":{\"deptName\":\"计算机科学与技术专业\",\"leader\":\"若依\",\"deptId\":103,\"orderNum\":\"1\",\"params\":{},\"parentId\":101,\"children\":[],\"status\":\"0\"},\"params\":{},\"userName\":\"admin\",\"userId\":1,\"createBy\":\"admin\",\"createTime\":1619965041000,\"userType\":\"00\",\"status\":\"0\"}','{\"msg\":\"操作成功\",\"code\":200}',0,NULL,'2021-05-09 10:27:37'),(288,'简历投递信息',1,'com.ruoyi.recruit.controller.RecruitDeliveryController.add()','POST',1,'a1',NULL,'/recruit/delivery','127.0.0.1','内网IP','{\"companyName\":\"福州科技有限公司\",\"params\":{},\"userName\":\"a1\",\"userId\":107,\"positionName\":\"软件测试工程师\",\"companyId\":8,\"positionId\":1015,\"id\":14}','{\"msg\":\"操作成功\",\"code\":200}',0,NULL,'2021-05-09 12:25:41'),(289,'简历投递信息',2,'com.ruoyi.recruit.controller.RecruitDeliveryController.edit()','PUT',1,'zzz',NULL,'/recruit/delivery','127.0.0.1','内网IP','{\"params\":{},\"id\":3,\"status\":1}','{\"msg\":\"操作失败\",\"code\":500}',0,NULL,'2021-05-09 12:26:24'),(290,'简历投递信息',3,'com.ruoyi.recruit.controller.RecruitDeliveryController.remove()','DELETE',1,'zzz',NULL,'/recruit/delivery/14','127.0.0.1','内网IP','{ids=14}','{\"msg\":\"操作成功\",\"code\":200}',0,NULL,'2021-05-09 12:27:02'),(291,'学生简历信息',2,'com.ruoyi.recruit.controller.RecruitResumeController.edit()','PUT',1,'a1',NULL,'/recruit/resume','127.0.0.1','内网IP','{\"birthday\":\"11\",\"highestEducation\":\"11\",\"selfEvaluation\":\"11\",\"minority\":\"12\",\"major\":\"11\",\"id\":3,\"politicalOutlook\":\"12\",\"email\":\"11\",\"height\":\"12\",\"jobIntention\":\"11\",\"sex\":\"0\",\"health\":\"11\",\"weight\":\"12\",\"params\":{},\"userName\":\"12\",\"userId\":107,\"url\":\"http://localhost:8080/profile/upload/2021/05/08/0bb7ee6e-ab74-45dc-a871-5514e083a146.doc\",\"postalAddress\":\"11\",\"phone\":\"11\",\"awards\":\"11\",\"currentResidence\":\"11\",\"professionalCourses\":\"11\"}','{\"msg\":\"操作成功\",\"code\":200}',0,NULL,'2021-05-09 12:27:51'),(292,'简历投递信息',1,'com.ruoyi.recruit.controller.RecruitDeliveryController.add()','POST',1,'a1',NULL,'/recruit/delivery','127.0.0.1','内网IP','{\"companyName\":\"福州科技有限公司\",\"params\":{},\"userName\":\"a1\",\"userId\":107,\"positionName\":\"软件测试工程师\",\"companyId\":8,\"positionId\":1015,\"id\":15}','{\"msg\":\"操作成功\",\"code\":200}',0,NULL,'2021-05-09 12:28:26'),(293,'简历投递信息',2,'com.ruoyi.recruit.controller.RecruitDeliveryController.edit()','PUT',1,'zzz',NULL,'/recruit/delivery','127.0.0.1','内网IP','{\"params\":{},\"id\":3,\"status\":1}','{\"msg\":\"操作失败\",\"code\":500}',0,NULL,'2021-05-09 12:29:25'),(294,'简历投递信息',2,'com.ruoyi.recruit.controller.RecruitDeliveryController.edit()','PUT',1,'zzz',NULL,'/recruit/delivery','127.0.0.1','内网IP','{\"params\":{},\"id\":3,\"status\":2}','{\"msg\":\"操作失败\",\"code\":500}',0,NULL,'2021-05-09 12:30:31'),(295,'企业信息',2,'com.ruoyi.recruit.controller.RecruitCompanyInfoController.edit()','PUT',1,'root',NULL,'/recruit/info','127.0.0.1','内网IP','{\"params\":{},\"userId\":103,\"auditState\":1,\"logo\":\"http://localhost:8080/profile/upload/2021/05/09/176872bd-2310-4ef6-a709-a6b65aaca9f7.png\",\"id\":6}','{\"msg\":\"操作成功\",\"code\":200}',0,NULL,'2021-05-09 12:49:22'),(296,'学生简历信息',3,'com.ruoyi.recruit.controller.RecruitResumeController.remove()','DELETE',1,'admin',NULL,'/recruit/resume/2,3','127.0.0.1','内网IP','{ids=2,3}','{\"msg\":\"操作成功\",\"code\":200}',0,NULL,'2021-05-09 12:56:24'),(297,'学生简历信息',1,'com.ruoyi.recruit.controller.RecruitResumeController.add()','POST',1,'a1',NULL,'/recruit/resume','127.0.0.1','内网IP','{\"highestEducation\":\"1\",\"minority\":\"1\",\"id\":4,\"politicalOutlook\":\"1\",\"height\":\"1\",\"sex\":\"0\",\"weight\":\"1\",\"params\":{},\"userName\":\"12\",\"userId\":107}','{\"msg\":\"操作成功\",\"code\":200}',0,NULL,'2021-05-09 12:58:03'),(298,'简历投递信息',1,'com.ruoyi.recruit.controller.RecruitDeliveryController.add()','POST',1,'a1',NULL,'/recruit/delivery','127.0.0.1','内网IP','{\"companyName\":\"爱奇艺\",\"params\":{},\"userName\":\"a1\",\"userId\":107,\"positionName\":\"Java工程师\",\"companyId\":6,\"positionId\":1,\"id\":16}','{\"msg\":\"操作成功\",\"code\":200}',0,NULL,'2021-05-09 12:58:12'),(299,'简历投递信息',2,'com.ruoyi.recruit.controller.RecruitDeliveryController.edit()','PUT',1,'admin',NULL,'/recruit/delivery','127.0.0.1','内网IP','{\"params\":{},\"id\":4,\"status\":1}','{\"msg\":\"操作失败\",\"code\":500}',0,NULL,'2021-05-09 12:58:28'),(300,'简历投递信息',2,'com.ruoyi.recruit.controller.RecruitDeliveryController.edit()','PUT',1,'admin',NULL,'/recruit/delivery','127.0.0.1','内网IP','{\"params\":{},\"id\":4,\"status\":1}','{\"msg\":\"操作失败\",\"code\":500}',0,NULL,'2021-05-09 12:58:53'),(301,'简历投递信息',2,'com.ruoyi.recruit.controller.RecruitDeliveryController.edit()','PUT',1,'admin',NULL,'/recruit/delivery','127.0.0.1','内网IP','{\"params\":{},\"id\":4,\"status\":1}','{\"msg\":\"操作失败\",\"code\":500}',0,NULL,'2021-05-09 13:09:01'),(302,'简历投递信息',2,'com.ruoyi.recruit.controller.RecruitDeliveryController.edit()','PUT',1,'admin',NULL,'/recruit/delivery','127.0.0.1','内网IP','{\"params\":{},\"id\":4,\"status\":1}','{\"msg\":\"操作失败\",\"code\":500}',0,NULL,'2021-05-09 13:09:11'),(303,'简历投递信息',2,'com.ruoyi.recruit.controller.RecruitDeliveryController.edit()','PUT',1,'admin',NULL,'/recruit/delivery','127.0.0.1','内网IP','{\"params\":{},\"id\":16,\"status\":1}','{\"msg\":\"操作成功\",\"code\":200}',0,NULL,'2021-05-09 13:09:42'),(304,'简历投递信息',2,'com.ruoyi.recruit.controller.RecruitDeliveryController.edit()','PUT',1,'admin',NULL,'/recruit/delivery','127.0.0.1','内网IP','{\"params\":{},\"id\":16,\"status\":2}','{\"msg\":\"操作成功\",\"code\":200}',0,NULL,'2021-05-09 13:09:50'),(305,'角色管理',2,'com.ruoyi.web.controller.system.SysRoleController.edit()','PUT',1,'admin',NULL,'/system/role','127.0.0.1','内网IP','{\"flag\":false,\"roleId\":100,\"admin\":false,\"dataScope\":\"1\",\"delFlag\":\"0\",\"params\":{},\"roleSort\":\"3\",\"deptCheckStrictly\":true,\"createTime\":1618880879000,\"updateBy\":\"admin\",\"menuCheckStrictly\":true,\"roleKey\":\"auth_company\",\"roleName\":\"已认证企业用户\",\"menuIds\":[2000,2001,2025,2037,2004,2005,2006,2024,2020,2021,2022,2023,2024,2026,2031,2032,2034,2035,2036,2038,2039,2041,2042],\"status\":\"0\"}','{\"msg\":\"操作成功\",\"code\":200}',0,NULL,'2021-05-09 13:13:11'),(306,'企业信息',2,'com.ruoyi.recruit.controller.RecruitCompanyInfoController.edit()','PUT',1,'admin',NULL,'/recruit/info','127.0.0.1','内网IP','{\"params\":{},\"userId\":103,\"auditState\":2,\"id\":6}','{\"msg\":\"操作成功\",\"code\":200}',0,NULL,'2021-05-09 13:14:55'),(307,'简历投递信息',1,'com.ruoyi.recruit.controller.RecruitDeliveryController.add()','POST',1,'a1',NULL,'/recruit/delivery','127.0.0.1','内网IP','{\"companyName\":\"福州科技有限公司\",\"params\":{},\"userName\":\"a1\",\"userId\":107,\"positionName\":\"软件测试工程师\",\"companyId\":8,\"positionId\":1015,\"id\":17}','{\"msg\":\"操作成功\",\"code\":200}',0,NULL,'2021-05-09 14:55:54'),(308,'学生简历信息',2,'com.ruoyi.recruit.controller.RecruitResumeController.edit()','PUT',1,'a1',NULL,'/recruit/resume','127.0.0.1','内网IP','{\"id\":4,\"params\":{},\"url\":\"http://localhost:8080/profile/upload/2021/05/09/fc1d6a83-58fb-4240-aa2d-957bb835a46c.doc\"}','{\"msg\":\"操作成功\",\"code\":200}',0,NULL,'2021-05-09 14:56:19'),(309,'简历投递信息',1,'com.ruoyi.recruit.controller.RecruitDeliveryController.add()','POST',1,'a1',NULL,'/recruit/delivery','127.0.0.1','内网IP','{\"companyName\":\"福州科技有限公司\",\"params\":{},\"userName\":\"a1\",\"userId\":107,\"positionName\":\"软件测试工程师\",\"companyId\":8,\"positionId\":1015,\"id\":18}','{\"msg\":\"操作成功\",\"code\":200}',0,NULL,'2021-05-09 14:56:48'),(310,'简历投递信息',3,'com.ruoyi.recruit.controller.RecruitDeliveryController.remove()','DELETE',1,'a1',NULL,'/recruit/delivery/17','127.0.0.1','内网IP','{ids=17}','{\"msg\":\"操作成功\",\"code\":200}',0,NULL,'2021-05-09 14:56:54'),(311,'讲座申请',1,'com.ruoyi.recruit.controller.RecruitLectureController.add()','POST',1,'zzz',NULL,'/recruit/lecture','127.0.0.1','内网IP','{\"companyName\":\"福州科技有限公司\",\"params\":{},\"phone\":\"18250014239\",\"companyAddress\":\"福州\",\"id\":6}','{\"msg\":\"操作成功\",\"code\":200}',0,NULL,'2021-05-09 15:11:00'),(312,'讲座申请',3,'com.ruoyi.recruit.controller.RecruitLectureController.remove()','DELETE',1,'zzz',NULL,'/recruit/lecture/6','127.0.0.1','内网IP','{ids=6}','{\"msg\":\"操作成功\",\"code\":200}',0,NULL,'2021-05-09 15:11:06'),(313,'企业信息',2,'com.ruoyi.recruit.controller.RecruitCompanyInfoController.edit()','PUT',1,'zzz',NULL,'/recruit/info','127.0.0.1','内网IP','{\"params\":{},\"userId\":101,\"auditState\":1,\"logo\":\"http://localhost:8080/profile/upload/2021/05/09/ac6dd529-ebec-4fcc-9cda-0a00079faa0e.jpg\",\"id\":8}','{\"msg\":\"操作成功\",\"code\":200}',0,NULL,'2021-05-09 15:39:30'),(314,'企业信息',2,'com.ruoyi.recruit.controller.RecruitCompanyInfoController.edit()','PUT',1,'zzz',NULL,'/recruit/info','127.0.0.1','内网IP','{\"params\":{},\"userId\":101,\"auditState\":1,\"license\":\"http://localhost:8080/profile/upload/2021/05/09/6384a9d3-50dc-4a55-884c-31206dafb821.jpg\",\"id\":8}','{\"msg\":\"操作成功\",\"code\":200}',0,NULL,'2021-05-09 15:39:39'),(315,'企业信息',2,'com.ruoyi.recruit.controller.RecruitCompanyInfoController.edit()','PUT',1,'admin',NULL,'/recruit/info','127.0.0.1','内网IP','{\"params\":{},\"userId\":101,\"auditState\":2,\"id\":8}','{\"msg\":\"操作成功\",\"code\":200}',0,NULL,'2021-05-09 15:40:21'),(316,'学生简历信息',2,'com.ruoyi.recruit.controller.RecruitResumeController.edit()','PUT',1,'a1',NULL,'/recruit/resume','127.0.0.1','内网IP','{\"highestEducation\":\"1\",\"minority\":\"1\",\"id\":4,\"politicalOutlook\":\"1\",\"height\":\"1\",\"sex\":\"0\",\"weight\":\"1\",\"params\":{},\"userName\":\"12\",\"userId\":107,\"url\":\"http://localhost:8080/profile/upload/2021/05/09/fc1d6a83-58fb-4240-aa2d-957bb835a46c.doc\"}','{\"msg\":\"操作成功\",\"code\":200}',0,NULL,'2021-05-09 15:42:01'),(317,'简历投递信息',1,'com.ruoyi.recruit.controller.RecruitDeliveryController.add()','POST',1,'a1',NULL,'/recruit/delivery','127.0.0.1','内网IP','{\"companyName\":\"福州科技有限公司\",\"params\":{},\"userName\":\"a1\",\"userId\":107,\"positionName\":\"软件测试工程师\",\"companyId\":8,\"positionId\":1015,\"id\":19}','{\"msg\":\"操作成功\",\"code\":200}',0,NULL,'2021-05-09 15:42:31'),(318,'简历投递信息',1,'com.ruoyi.recruit.controller.RecruitDeliveryController.add()','POST',1,'17110100717',NULL,'/recruit/delivery','127.0.0.1','内网IP','{\"companyName\":\"爱奇艺\",\"params\":{},\"userName\":\"17110100717\",\"userId\":112,\"positionName\":\"Java工程师\",\"companyId\":6,\"positionId\":2,\"id\":20}','{\"msg\":\"操作成功\",\"code\":200}',0,NULL,'2021-05-10 12:06:40'),(319,'用户管理',1,'com.ruoyi.web.controller.system.SysUserController.add()','POST',1,'admin',NULL,'/system/user','127.0.0.1','内网IP','{\"phonenumber\":\"18514293696\",\"admin\":false,\"password\":\"$2a$10$QeiWVVtFqS8vAAhJ7n.42.f47UJDhdqTZLKsjLTLoqSBpYaLV4ZiO\",\"postIds\":[],\"email\":\"951@qq.com\",\"nickName\":\"李四\",\"sex\":\"0\",\"deptId\":103,\"params\":{},\"userName\":\"a2\",\"userId\":113,\"createBy\":\"admin\",\"roleIds\":[101],\"status\":\"0\"}','{\"msg\":\"操作成功\",\"code\":200}',0,NULL,'2021-05-10 19:26:10'),(320,'学生简历信息',2,'com.ruoyi.recruit.controller.RecruitResumeController.edit()','PUT',1,'a2',NULL,'/recruit/resume','127.0.0.1','内网IP','{\"params\":{},\"url\":\"http://localhost:8080/profile/upload/2021/05/10/ca13d25b-8612-4ce8-99d9-ad4a9c399045.doc\"}','{\"msg\":\"操作失败\",\"code\":500}',0,NULL,'2021-05-10 19:26:50'),(321,'学生简历信息',1,'com.ruoyi.recruit.controller.RecruitResumeController.add()','POST',1,'a2',NULL,'/recruit/resume','127.0.0.1','内网IP','{\"id\":5,\"sex\":\"0\",\"params\":{},\"userName\":\"李四\",\"userId\":113,\"url\":\"http://localhost:8080/profile/upload/2021/05/10/ca13d25b-8612-4ce8-99d9-ad4a9c399045.doc\"}','{\"msg\":\"操作成功\",\"code\":200}',0,NULL,'2021-05-10 19:27:01'),(322,'简历投递信息',1,'com.ruoyi.recruit.controller.RecruitDeliveryController.add()','POST',1,'a2',NULL,'/recruit/delivery','127.0.0.1','内网IP','{\"companyName\":\"福州科技有限公司\",\"params\":{},\"userName\":\"a2\",\"userId\":113,\"positionName\":\"软件测试工程师\",\"companyId\":8,\"positionId\":1015,\"id\":21}','{\"msg\":\"操作成功\",\"code\":200}',0,NULL,'2021-05-10 19:27:22'),(323,'简历投递信息',1,'com.ruoyi.recruit.controller.RecruitDeliveryController.add()','POST',1,'a1',NULL,'/recruit/delivery','127.0.0.1','内网IP','{\"companyName\":\"爱奇艺\",\"params\":{},\"userName\":\"a1\",\"userId\":107,\"positionName\":\"Java工程师\",\"companyId\":6,\"positionId\":1,\"id\":22}','{\"msg\":\"操作成功\",\"code\":200}',0,NULL,'2021-05-10 23:50:18'),(324,'简历投递信息',2,'com.ruoyi.recruit.controller.RecruitDeliveryController.edit()','PUT',1,'admin',NULL,'/recruit/delivery','127.0.0.1','内网IP','{\"params\":{},\"id\":18,\"status\":1}','{\"msg\":\"操作成功\",\"code\":200}',0,NULL,'2021-05-11 12:37:50'),(325,'简历投递信息',2,'com.ruoyi.recruit.controller.RecruitDeliveryController.edit()','PUT',1,'admin',NULL,'/recruit/delivery','127.0.0.1','内网IP','{\"params\":{},\"id\":18,\"status\":2}','{\"msg\":\"操作成功\",\"code\":200}',0,NULL,'2021-05-11 12:37:55'),(326,'简历投递信息',2,'com.ruoyi.recruit.controller.RecruitDeliveryController.edit()','PUT',1,'admin',NULL,'/recruit/delivery','127.0.0.1','内网IP','{\"params\":{},\"id\":18,\"status\":1}','{\"msg\":\"操作成功\",\"code\":200}',0,NULL,'2021-05-11 12:38:01'),(327,'简历投递信息',2,'com.ruoyi.recruit.controller.RecruitDeliveryController.edit()','PUT',1,'zzz',NULL,'/recruit/delivery','127.0.0.1','内网IP','{\"params\":{},\"id\":18,\"status\":1}','{\"msg\":\"操作成功\",\"code\":200}',0,NULL,'2021-05-11 12:38:45'),(328,'简历投递信息',2,'com.ruoyi.recruit.controller.RecruitDeliveryController.edit()','PUT',1,'zzz',NULL,'/recruit/delivery','127.0.0.1','内网IP','{\"params\":{},\"id\":18,\"status\":2}','{\"msg\":\"操作成功\",\"code\":200}',0,NULL,'2021-05-11 12:38:48'),(329,'简历投递信息',2,'com.ruoyi.recruit.controller.RecruitDeliveryController.edit()','PUT',1,'zzz',NULL,'/recruit/delivery','127.0.0.1','内网IP','{\"params\":{},\"id\":18,\"status\":1}','{\"msg\":\"操作成功\",\"code\":200}',0,NULL,'2021-05-11 12:38:54'),(330,'讲座申请',1,'com.ruoyi.recruit.controller.RecruitLectureController.add()','POST',1,'zzz',NULL,'/recruit/lecture','127.0.0.1','内网IP','{\"companyName\":\"福州科技有限公司\",\"params\":{},\"phone\":\"18250014239\",\"companyAddress\":\"福州\",\"id\":7}','{\"msg\":\"操作成功\",\"code\":200}',0,NULL,'2021-05-11 12:41:06'),(331,'讲座申请',3,'com.ruoyi.recruit.controller.RecruitLectureController.remove()','DELETE',1,'zzz',NULL,'/recruit/lecture/7','127.0.0.1','内网IP','{ids=7}','{\"msg\":\"操作成功\",\"code\":200}',0,NULL,'2021-05-11 12:41:10'),(332,'菜单管理',2,'com.ruoyi.web.controller.system.SysMenuController.edit()','PUT',1,'admin',NULL,'/system/menu','127.0.0.1','内网IP','{\"visible\":\"0\",\"icon\":\"guide\",\"orderNum\":\"1\",\"menuName\":\"企业信息\",\"params\":{},\"parentId\":2000,\"isCache\":\"0\",\"path\":\"company\",\"component\":\"system/recruit/company/index\",\"children\":[],\"createTime\":1616633216000,\"updateBy\":\"admin\",\"isFrame\":\"1\",\"menuId\":2001,\"menuType\":\"C\",\"perms\":\"recruit:info:list\",\"status\":\"0\"}','{\"msg\":\"操作成功\",\"code\":200}',0,NULL,'2021-05-11 12:42:51'),(333,'菜单管理',2,'com.ruoyi.web.controller.system.SysMenuController.edit()','PUT',1,'admin',NULL,'/system/menu','127.0.0.1','内网IP','{\"visible\":\"1\",\"icon\":\"build\",\"orderNum\":\"1\",\"menuName\":\"岗位分类\",\"params\":{},\"parentId\":2000,\"isCache\":\"0\",\"path\":\"category\",\"component\":\"system/recruit/category/index\",\"children\":[],\"createTime\":1616634681000,\"updateBy\":\"admin\",\"isFrame\":\"1\",\"menuId\":2007,\"menuType\":\"C\",\"perms\":\"recruit:category:list\",\"status\":\"0\"}','{\"msg\":\"操作成功\",\"code\":200}',0,NULL,'2021-05-11 12:43:05'),(334,'菜单管理',2,'com.ruoyi.web.controller.system.SysMenuController.edit()','PUT',1,'admin',NULL,'/system/menu','127.0.0.1','内网IP','{\"visible\":\"0\",\"icon\":\"component\",\"orderNum\":\"1\",\"menuName\":\"招聘岗位\",\"params\":{},\"parentId\":2000,\"isCache\":\"0\",\"path\":\"position\",\"component\":\"system/recruit/position/index\",\"children\":[],\"createTime\":1616634729000,\"updateBy\":\"admin\",\"isFrame\":\"1\",\"menuId\":2024,\"menuType\":\"C\",\"perms\":\"recruit:position:list\",\"status\":\"0\"}','{\"msg\":\"操作成功\",\"code\":200}',0,NULL,'2021-05-11 12:43:18'),(335,'菜单管理',2,'com.ruoyi.web.controller.system.SysMenuController.edit()','PUT',1,'admin',NULL,'/system/menu','127.0.0.1','内网IP','{\"visible\":\"0\",\"icon\":\"edit\",\"orderNum\":\"1\",\"menuName\":\"基础设施管理\",\"params\":{},\"parentId\":2000,\"isCache\":\"0\",\"path\":\"classroom\",\"component\":\"system/recruit/classroom/index\",\"children\":[],\"createTime\":1617456554000,\"updateBy\":\"admin\",\"isFrame\":\"1\",\"menuId\":2025,\"menuType\":\"C\",\"perms\":\"recruit:classroom:list\",\"status\":\"0\"}','{\"msg\":\"操作成功\",\"code\":200}',0,NULL,'2021-05-11 12:43:26'),(336,'菜单管理',2,'com.ruoyi.web.controller.system.SysMenuController.edit()','PUT',1,'admin',NULL,'/system/menu','127.0.0.1','内网IP','{\"visible\":\"0\",\"icon\":\"drag\",\"orderNum\":\"1\",\"menuName\":\"简历投递信息\",\"params\":{},\"parentId\":2000,\"isCache\":\"0\",\"path\":\"delivery\",\"component\":\"system/recruit/delivery/index\",\"children\":[],\"createTime\":1617456568000,\"updateBy\":\"admin\",\"isFrame\":\"1\",\"menuId\":2031,\"menuType\":\"C\",\"perms\":\"recruit:delivery:list\",\"status\":\"0\"}','{\"msg\":\"操作成功\",\"code\":200}',0,NULL,'2021-05-11 12:43:35'),(337,'菜单管理',2,'com.ruoyi.web.controller.system.SysMenuController.edit()','PUT',1,'admin',NULL,'/system/menu','127.0.0.1','内网IP','{\"visible\":\"0\",\"icon\":\"education\",\"orderNum\":\"1\",\"menuName\":\"讲座申请\",\"params\":{},\"parentId\":2000,\"isCache\":\"0\",\"path\":\"lecture\",\"component\":\"system/recruit/lecture/index\",\"children\":[],\"createTime\":1617456575000,\"updateBy\":\"admin\",\"isFrame\":\"1\",\"menuId\":2037,\"menuType\":\"C\",\"perms\":\"recruit:lecture:list\",\"status\":\"0\"}','{\"msg\":\"操作成功\",\"code\":200}',0,NULL,'2021-05-11 12:43:46'),(338,'菜单管理',2,'com.ruoyi.web.controller.system.SysMenuController.edit()','PUT',1,'admin',NULL,'/system/menu','127.0.0.1','内网IP','{\"visible\":\"0\",\"icon\":\"education\",\"orderNum\":\"1\",\"menuName\":\"学生简历信息\",\"params\":{},\"parentId\":2000,\"isCache\":\"0\",\"path\":\"resume\",\"component\":\"system/recruit/resume/index\",\"children\":[],\"createTime\":1617456606000,\"updateBy\":\"admin\",\"isFrame\":\"1\",\"menuId\":2049,\"menuType\":\"C\",\"perms\":\"recruit:resume:list\",\"status\":\"0\"}','{\"msg\":\"操作成功\",\"code\":200}',0,NULL,'2021-05-11 12:44:20'),(339,'简历投递信息',2,'com.ruoyi.recruit.controller.RecruitDeliveryController.edit()','PUT',1,'admin',NULL,'/recruit/delivery','127.0.0.1','内网IP','{\"params\":{},\"id\":22,\"status\":1}','{\"msg\":\"操作成功\",\"code\":200}',0,NULL,'2021-05-16 15:36:34'),(340,'简历投递信息',2,'com.ruoyi.recruit.controller.RecruitDeliveryController.edit()','PUT',1,'admin',NULL,'/recruit/delivery','127.0.0.1','内网IP','{\"params\":{},\"id\":22,\"status\":2}','{\"msg\":\"操作成功\",\"code\":200}',0,NULL,'2021-05-16 15:36:42'),(341,'简历投递信息',2,'com.ruoyi.recruit.controller.RecruitDeliveryController.edit()','PUT',1,'admin',NULL,'/recruit/delivery','127.0.0.1','内网IP','{\"params\":{},\"id\":22,\"status\":1}','{\"msg\":\"操作成功\",\"code\":200}',0,NULL,'2021-05-16 15:36:48'),(342,'企业信息',2,'com.ruoyi.recruit.controller.RecruitCompanyInfoController.edit()','PUT',1,'qqq',NULL,'/recruit/info','127.0.0.1','内网IP','{\"params\":{},\"userId\":114,\"auditState\":1,\"logo\":\"http://localhost:8080/profile/upload/2021/05/16/04549afe-e93a-4658-a6a9-76a027e7582a.jpg\",\"id\":12}','{\"msg\":\"操作成功\",\"code\":200}',0,NULL,'2021-05-16 15:41:37'),(343,'企业信息',2,'com.ruoyi.recruit.controller.RecruitCompanyInfoController.edit()','PUT',1,'qqq',NULL,'/recruit/info','127.0.0.1','内网IP','{\"params\":{},\"userId\":114,\"auditState\":1,\"license\":\"http://localhost:8080/profile/upload/2021/05/16/7cce2f24-6e85-4644-b004-6c40864712e3.png\",\"id\":12}','{\"msg\":\"操作成功\",\"code\":200}',0,NULL,'2021-05-16 15:41:45'),(344,'企业信息',2,'com.ruoyi.recruit.controller.RecruitCompanyInfoController.edit()','PUT',1,'admin',NULL,'/recruit/info','127.0.0.1','内网IP','{\"params\":{},\"userId\":114,\"auditState\":2,\"id\":12}','{\"msg\":\"操作成功\",\"code\":200}',0,NULL,'2021-05-16 15:42:30'),(345,'讲座申请',1,'com.ruoyi.recruit.controller.RecruitLectureController.add()','POST',1,'qqq',NULL,'/recruit/lecture','127.0.0.1','内网IP','{\"companyName\":\"龙岩科技\",\"direct\":\"IT \",\"description\":\"很好\",\"classroom\":\"博学楼101\",\"params\":{},\"phone\":\"15090329188\",\"companyAddress\":\"龙岩\",\"startTime\":1621440000000,\"id\":8}','{\"msg\":\"操作成功\",\"code\":200}',0,NULL,'2021-05-16 15:43:36'),(346,'讲座申请',2,'com.ruoyi.recruit.controller.RecruitLectureController.edit()','PUT',1,'admin',NULL,'/recruit/lecture','127.0.0.1','内网IP','{\"companyName\":\"龙岩科技\",\"direct\":\"IT \",\"description\":\"很好\",\"classroom\":\"博学楼101\",\"params\":{},\"auditState\":0,\"phone\":\"15090329188\",\"companyAddress\":\"龙岩\",\"startTime\":1621440000000,\"id\":8}','{\"msg\":\"操作成功\",\"code\":200}',0,NULL,'2021-05-16 15:44:15'),(347,'讲座申请',2,'com.ruoyi.recruit.controller.RecruitLectureController.edit()','PUT',1,'admin',NULL,'/recruit/lecture','127.0.0.1','内网IP','{\"companyName\":\"龙岩科技\",\"direct\":\"IT \",\"description\":\"很好\",\"classroom\":\"博学楼101\",\"params\":{},\"auditState\":1,\"phone\":\"15090329188\",\"companyAddress\":\"龙岩\",\"startTime\":1621440000000,\"id\":8}','{\"msg\":\"操作成功\",\"code\":200}',0,NULL,'2021-05-16 15:46:08'),(348,'招聘岗位',1,'com.ruoyi.recruit.controller.RecruitPositionController.add()','POST',1,'qqq',NULL,'/recruit/position','127.0.0.1','内网IP','{\"validDate\":1621612800000,\"phonenumber\":\"13415923911\",\"workCity\":\"福州，厦门\",\"id\":1016,\"quantity\":10,\"releaseDate\":1621094400000,\"requirement\":\"计算类类相关专业，应届毕业生\",\"params\":{},\"companyId\":12,\"salaryDown\":6000,\"name\":\"运维工程师\",\"salaryUp\":4000,\"status\":1}','{\"msg\":\"操作成功\",\"code\":200}',0,NULL,'2021-05-16 15:49:04'),(349,'招聘岗位',2,'com.ruoyi.recruit.controller.RecruitPositionController.edit()','PUT',1,'admin',NULL,'/recruit/position','127.0.0.1','内网IP','{\"validDate\":1621612800000,\"phonenumber\":\"13415923911\",\"auditState\":1,\"workCity\":\"福州，厦门\",\"company\":{\"address\":\"龙岩\",\"nature\":0,\"phonenumber\":\"15090329188\",\"description\":\"很好\",\"hot\":0,\"params\":{},\"auditState\":2,\"license\":\"http://localhost:8080/profile/upload/2021/05/16/7cce2f24-6e85-4644-b004-6c40864712e3.png\",\"name\":\"龙岩科技\",\"logo\":\"http://localhost:8080/profile/upload/2021/05/16/04549afe-e93a-4658-a6a9-76a027e7582a.jpg\",\"id\":1016},\"id\":1016,\"quantity\":10,\"releaseDate\":1621094400000,\"requirement\":\"计算类类相关专业，应届毕业生\",\"params\":{},\"companyId\":12,\"salaryDown\":6000,\"name\":\"运维工程师\",\"category\":{\"params\":{},\"categoryName\":\"区块链\",\"parentId\":4,\"parentCategory\":{\"description\":\"大数据技术大分类\",\"params\":{},\"categoryName\":\"大数据\"},\"id\":17},\"categoryId\":17,\"salaryUp\":4000,\"status\":1}','{\"msg\":\"操作成功\",\"code\":200}',0,NULL,'2021-05-16 15:50:03'),(350,'简历投递信息',1,'com.ruoyi.recruit.controller.RecruitDeliveryController.add()','POST',1,'a1',NULL,'/recruit/delivery','127.0.0.1','内网IP','{\"companyName\":\"龙岩科技\",\"params\":{},\"userName\":\"a1\",\"userId\":107,\"positionName\":\"运维工程师\",\"companyId\":12,\"positionId\":1016,\"id\":23}','{\"msg\":\"操作成功\",\"code\":200}',0,NULL,'2021-05-16 15:51:47'),(351,'简历投递信息',2,'com.ruoyi.recruit.controller.RecruitDeliveryController.edit()','PUT',1,'qqq',NULL,'/recruit/delivery','127.0.0.1','内网IP','{\"params\":{},\"id\":23,\"status\":1}','{\"msg\":\"操作成功\",\"code\":200}',0,NULL,'2021-05-16 15:52:41'),(352,'用户管理',1,'com.ruoyi.web.controller.system.SysUserController.add()','POST',1,'admin',NULL,'/system/user','127.0.0.1','内网IP','{\"phonenumber\":\"13111122222\",\"admin\":false,\"password\":\"$2a$10$fxLOYVSRZEiOo.mqPmOv2eLz59n0cbLUPHpFwC3KHbp44q06f33Gm\",\"postIds\":[],\"email\":\"9090@qq.com\",\"nickName\":\"张三\",\"sex\":\"0\",\"deptId\":105,\"params\":{},\"userName\":\"a3\",\"userId\":115,\"createBy\":\"admin\",\"roleIds\":[101],\"status\":\"0\"}','{\"msg\":\"操作成功\",\"code\":200}',0,NULL,'2021-05-16 15:55:35'),(353,'部门管理',1,'com.ruoyi.web.controller.system.SysDeptController.add()','POST',1,'admin',NULL,'/system/dept','127.0.0.1','内网IP','{\"deptName\":\"人文学院\",\"leader\":\"李莫人\",\"orderNum\":\"1\",\"params\":{},\"parentId\":100,\"createBy\":\"admin\",\"children\":[],\"phone\":\"18323488888\",\"ancestors\":\"0,100\",\"email\":\"2423@qq.com\",\"status\":\"0\"}','{\"msg\":\"操作成功\",\"code\":200}',0,NULL,'2021-05-16 16:00:48'),(354,'部门管理',2,'com.ruoyi.web.controller.system.SysDeptController.edit()','PUT',1,'admin',NULL,'/system/dept','127.0.0.1','内网IP','{\"deptName\":\"人文学院\",\"leader\":\"李莫人\",\"deptId\":200,\"orderNum\":\"0\",\"delFlag\":\"0\",\"params\":{},\"parentId\":100,\"createBy\":\"admin\",\"children\":[],\"createTime\":1621152048000,\"phone\":\"18323488888\",\"updateBy\":\"admin\",\"ancestors\":\"0,100\",\"email\":\"2423@qq.com\",\"status\":\"0\"}','{\"msg\":\"操作成功\",\"code\":200}',0,NULL,'2021-05-16 16:01:07'),(355,'部门管理',1,'com.ruoyi.web.controller.system.SysDeptController.add()','POST',1,'admin',NULL,'/system/dept','127.0.0.1','内网IP','{\"deptName\":\"英语专业\",\"leader\":\"兰娟\",\"orderNum\":\"1\",\"params\":{},\"parentId\":200,\"createBy\":\"admin\",\"children\":[],\"phone\":\"15924299577\",\"ancestors\":\"0,100,200\",\"email\":\"12342@qq.com\",\"status\":\"0\"}','{\"msg\":\"操作成功\",\"code\":200}',0,NULL,'2021-05-16 16:03:32'),(356,'部门管理',1,'com.ruoyi.web.controller.system.SysDeptController.add()','POST',1,'admin',NULL,'/system/dept','127.0.0.1','内网IP','{\"deptName\":\"英语专业\",\"leader\":\"兰娟\",\"orderNum\":\"1\",\"params\":{},\"parentId\":200,\"createBy\":\"admin\",\"children\":[],\"phone\":\"15924299577\",\"ancestors\":\"0,100,200\",\"email\":\"12342@qq.com\",\"status\":\"0\"}','{\"msg\":\"操作成功\",\"code\":200}',0,NULL,'2021-05-16 16:03:32'),(357,'部门管理',1,'com.ruoyi.web.controller.system.SysDeptController.add()','POST',1,'admin',NULL,'/system/dept','127.0.0.1','内网IP','{\"deptName\":\"英语专业\",\"leader\":\"兰娟\",\"orderNum\":\"1\",\"params\":{},\"parentId\":200,\"children\":[],\"phone\":\"15924299577\",\"email\":\"12342@qq.com\",\"status\":\"0\"}','{\"msg\":\"新增部门\'英语专业\'失败，部门名称已存在\",\"code\":500}',0,NULL,'2021-05-16 16:03:32'),(358,'部门管理',1,'com.ruoyi.web.controller.system.SysDeptController.add()','POST',1,'admin',NULL,'/system/dept','127.0.0.1','内网IP','{\"deptName\":\"英语专业\",\"leader\":\"兰娟\",\"orderNum\":\"1\",\"params\":{},\"parentId\":200,\"children\":[],\"phone\":\"15924299577\",\"email\":\"12342@qq.com\",\"status\":\"0\"}','{\"msg\":\"新增部门\'英语专业\'失败，部门名称已存在\",\"code\":500}',0,NULL,'2021-05-16 16:03:33'),(359,'部门管理',3,'com.ruoyi.web.controller.system.SysDeptController.remove()','DELETE',1,'admin',NULL,'/system/dept/202','127.0.0.1','内网IP','{deptId=202}','{\"msg\":\"操作成功\",\"code\":200}',0,NULL,'2021-05-16 16:03:37'),(360,'用户管理',5,'com.ruoyi.web.controller.system.SysUserController.export()','GET',1,'admin',NULL,'/system/user/export','127.0.0.1','内网IP','{}','{\"msg\":\"3e6db541-36ed-4efe-b768-27c8d742a334_用户数据.xlsx\",\"code\":200}',0,NULL,'2021-05-16 16:04:22'),(361,'企业信息',2,'com.ruoyi.recruit.controller.RecruitCompanyInfoController.edit()','PUT',1,'admin',NULL,'/recruit/info','127.0.0.1','内网IP','{\"params\":{},\"userId\":1,\"auditState\":2,\"id\":1}','{\"msg\":\"操作成功\",\"code\":200}',0,NULL,'2021-05-17 21:24:01'),(362,'企业信息',2,'com.ruoyi.recruit.controller.RecruitCompanyInfoController.edit()','PUT',1,'admin',NULL,'/recruit/info','127.0.0.1','内网IP','{\"params\":{},\"userId\":106,\"auditState\":3,\"id\":11}','{\"msg\":\"操作成功\",\"code\":200}',0,NULL,'2021-05-17 21:24:11'),(363,'企业信息',2,'com.ruoyi.recruit.controller.RecruitCompanyInfoController.edit()','PUT',1,'admin',NULL,'/recruit/info','127.0.0.1','内网IP','{\"params\":{},\"userId\":106,\"auditState\":2,\"id\":11}','{\"msg\":\"操作成功\",\"code\":200}',0,NULL,'2021-05-17 21:24:15'),(364,'企业信息',2,'com.ruoyi.recruit.controller.RecruitCompanyInfoController.edit()','PUT',1,'admin',NULL,'/recruit/info','127.0.0.1','内网IP','{\"params\":{},\"userId\":106,\"auditState\":3,\"id\":11}','{\"msg\":\"操作成功\",\"code\":200}',0,NULL,'2021-05-17 21:24:43'),(365,'企业信息',2,'com.ruoyi.recruit.controller.RecruitCompanyInfoController.edit()','PUT',1,'admin',NULL,'/recruit/info','127.0.0.1','内网IP','{\"params\":{},\"userId\":105,\"auditState\":3,\"id\":10}','{\"msg\":\"操作成功\",\"code\":200}',0,NULL,'2021-05-17 21:24:45'),(366,'企业信息',2,'com.ruoyi.recruit.controller.RecruitCompanyInfoController.edit()','PUT',1,'admin',NULL,'/recruit/info','127.0.0.1','内网IP','{\"params\":{},\"userId\":2,\"auditState\":3,\"id\":2}','{\"msg\":\"操作成功\",\"code\":200}',0,NULL,'2021-05-17 21:25:25'),(367,'企业信息',2,'com.ruoyi.recruit.controller.RecruitCompanyInfoController.edit()','PUT',1,'admin',NULL,'/recruit/info','127.0.0.1','内网IP','{\"params\":{},\"userId\":3,\"auditState\":3,\"id\":3}','{\"msg\":\"操作成功\",\"code\":200}',0,NULL,'2021-05-17 21:25:25'),(368,'用户管理',2,'com.ruoyi.web.controller.system.SysUserController.edit()','PUT',1,'admin',NULL,'/system/user','127.0.0.1','内网IP','{\"roles\":[{\"flag\":false,\"roleId\":100,\"admin\":false,\"dataScope\":\"1\",\"params\":{},\"roleSort\":\"3\",\"deptCheckStrictly\":false,\"menuCheckStrictly\":false,\"roleKey\":\"auth_company\",\"roleName\":\"已认证企业用户\",\"status\":\"0\"}],\"phonenumber\":\"15888888888\",\"admin\":true,\"loginDate\":1621261384000,\"remark\":\"\",\"delFlag\":\"0\",\"loginIp\":\"127.0.0.1\",\"email\":\"ry@163.com\",\"nickName\":\"若依\",\"sex\":\"1\",\"deptId\":103,\"avatar\":\"\",\"dept\":{\"deptName\":\"计算机科学与技术专业\",\"leader\":\"若依\",\"deptId\":103,\"orderNum\":\"1\",\"params\":{},\"parentId\":101,\"children\":[],\"status\":\"0\"},\"params\":{},\"userName\":\"admin\",\"userId\":1,\"createBy\":\"admin\",\"createTime\":1621261384000,\"userType\":\"00\",\"status\":\"0\"}','null',1,'不允许操作超级管理员用户','2021-05-17 22:23:24'),(369,'企业信息',2,'com.ruoyi.recruit.controller.RecruitCompanyInfoController.edit()','PUT',1,'qy1',NULL,'/recruit/info','127.0.0.1','内网IP','{\"params\":{},\"userId\":116,\"auditState\":1,\"logo\":\"http://localhost:8080/profile/upload/2021/05/18/3e5881b6-2206-43f5-b591-a40890a94d29.jpg\",\"id\":13}','{\"msg\":\"操作成功\",\"code\":200}',0,NULL,'2021-05-18 16:07:47'),(370,'企业信息',2,'com.ruoyi.recruit.controller.RecruitCompanyInfoController.edit()','PUT',1,'qy1',NULL,'/recruit/info','127.0.0.1','内网IP','{\"params\":{},\"userId\":116,\"auditState\":1,\"license\":\"http://localhost:8080/profile/upload/2021/05/18/307bf429-3a70-4f43-8b24-b651d41d131f.jpg\",\"id\":13}','{\"msg\":\"操作成功\",\"code\":200}',0,NULL,'2021-05-18 16:07:55'),(371,'用户管理',2,'com.ruoyi.web.controller.system.SysUserController.edit()','PUT',1,'admin',NULL,'/system/user','127.0.0.1','内网IP','{\"roles\":[{\"flag\":false,\"roleId\":102,\"admin\":false,\"dataScope\":\"1\",\"params\":{},\"roleSort\":\"5\",\"deptCheckStrictly\":false,\"menuCheckStrictly\":false,\"roleKey\":\"no_auth_company\",\"roleName\":\"未认证企业\",\"status\":\"0\"}],\"phonenumber\":\"13840960846\",\"admin\":false,\"delFlag\":\"0\",\"updateBy\":\"admin\",\"loginIp\":\"\",\"email\":\"qy1@qq.com\",\"nickName\":\"大连东软信息学院\",\"sex\":\"0\",\"avatar\":\"\",\"params\":{},\"userName\":\"qy1\",\"userId\":116,\"createBy\":\"\",\"createTime\":1621325229000,\"userType\":\"00\",\"status\":\"0\"}','null',1,'rawPassword cannot be null','2021-05-18 16:09:05'),(372,'企业信息',2,'com.ruoyi.recruit.controller.RecruitCompanyInfoController.edit()','PUT',1,'admin',NULL,'/recruit/info','127.0.0.1','内网IP','{\"params\":{},\"userId\":116,\"auditState\":2,\"id\":13}','{\"msg\":\"操作成功\",\"code\":200}',0,NULL,'2021-05-18 16:09:27'),(373,'招聘岗位',1,'com.ruoyi.recruit.controller.RecruitPositionController.add()','POST',1,'qy1',NULL,'/recruit/position','127.0.0.1','内网IP','{\"validDate\":1622217600000,\"phonenumber\":\"1245623\",\"workCity\":\"大连\",\"id\":1017,\"quantity\":1,\"releaseDate\":1622217600000,\"requirement\":\"会java\",\"params\":{},\"companyId\":13,\"salaryDown\":1111,\"name\":\"区块链\",\"salaryUp\":1000,\"status\":1}','{\"msg\":\"操作成功\",\"code\":200}',0,NULL,'2021-05-18 16:14:17'),(374,'学生简历信息',1,'com.ruoyi.recruit.controller.RecruitResumeController.add()','POST',1,'17110100717',NULL,'/recruit/resume','127.0.0.1','内网IP','{\"id\":6,\"params\":{},\"userName\":\"lijianxu\",\"userId\":112}','{\"msg\":\"操作成功\",\"code\":200}',0,NULL,'2021-05-18 17:20:25'),(375,'个人信息',2,'com.ruoyi.web.controller.system.SysProfileController.updateProfile()','PUT',1,'17110100717',NULL,'/system/user/profile','127.0.0.1','内网IP','{\"roles\":[{\"flag\":false,\"roleId\":101,\"admin\":false,\"dataScope\":\"1\",\"params\":{},\"roleSort\":\"4\",\"deptCheckStrictly\":false,\"menuCheckStrictly\":false,\"roleKey\":\"student\",\"roleName\":\"学生\",\"status\":\"0\"}],\"phonenumber\":\"13840960847\",\"admin\":false,\"delFlag\":\"0\",\"loginIp\":\"\",\"email\":\"452681658@qq.com\",\"nickName\":\"asddddddddddddddddddddddddddddddddddddddddddddddddddddddddddd\",\"sex\":\"0\",\"deptId\":103,\"avatar\":\"/profile/avatar/2021/05/06/83a8ed71-8c3f-4b99-b3f4-543430e3d71c.jpeg\",\"dept\":{\"deptName\":\"计算机科学与技术专业\",\"leader\":\"若依\",\"deptId\":103,\"orderNum\":\"1\",\"params\":{},\"parentId\":101,\"children\":[],\"status\":\"0\"},\"params\":{},\"userName\":\"17110100717\",\"userId\":112,\"createBy\":\"admin\",\"createTime\":1620282611000,\"userType\":\"00\",\"status\":\"0\"}','null',1,'\r\n### Error updating database.  Cause: com.mysql.cj.jdbc.exceptions.MysqlDataTruncation: Data truncation: Data too long for column \'nick_name\' at row 1\r\n### The error may exist in file [E:\\软件安全下载目录\\ruoyi\\ruoyi-system\\target\\classes\\mapper\\system\\SysUserMapper.xml]\r\n### The error may involve com.ruoyi.system.mapper.SysUserMapper.updateUser-Inline\r\n### The error occurred while setting parameters\r\n### SQL: update sys_user          SET dept_id = ?,             user_name = ?,             nick_name = ?,             email = ?,             phonenumber = ?,             sex = ?,             avatar = ?,                          status = ?,                                                                 update_time = sysdate()          where user_id = ?\r\n### Cause: com.mysql.cj.jdbc.exceptions.MysqlDataTruncation: Data truncation: Data too long for column \'nick_name\' at row 1\n; Data truncation: Data too long for column \'nick_name\' at row 1; nested exception is com.mysql.cj.jdbc.exceptions.MysqlDataTruncation: Data truncation: Data too long for column \'nick_name\' at row 1','2021-05-18 17:30:17'),(376,'个人信息',2,'com.ruoyi.web.controller.system.SysProfileController.updateProfile()','PUT',1,'17110100717',NULL,'/system/user/profile','127.0.0.1','内网IP','{\"roles\":[{\"flag\":false,\"roleId\":101,\"admin\":false,\"dataScope\":\"1\",\"params\":{},\"roleSort\":\"4\",\"deptCheckStrictly\":false,\"menuCheckStrictly\":false,\"roleKey\":\"student\",\"roleName\":\"学生\",\"status\":\"0\"}],\"phonenumber\":\"13840960847\",\"admin\":false,\"delFlag\":\"0\",\"loginIp\":\"\",\"email\":\"452681658@qq.com\",\"nickName\":\"asddddddddddddddddddddddddddddddddddddddddddddddddddddddddddd\",\"sex\":\"0\",\"deptId\":103,\"avatar\":\"/profile/avatar/2021/05/06/83a8ed71-8c3f-4b99-b3f4-543430e3d71c.jpeg\",\"dept\":{\"deptName\":\"计算机科学与技术专业\",\"leader\":\"若依\",\"deptId\":103,\"orderNum\":\"1\",\"params\":{},\"parentId\":101,\"children\":[],\"status\":\"0\"},\"params\":{},\"userName\":\"17110100717\",\"userId\":112,\"createBy\":\"admin\",\"createTime\":1620282611000,\"userType\":\"00\",\"status\":\"0\"}','null',1,'\r\n### Error updating database.  Cause: com.mysql.cj.jdbc.exceptions.MysqlDataTruncation: Data truncation: Data too long for column \'nick_name\' at row 1\r\n### The error may exist in file [E:\\软件安全下载目录\\ruoyi\\ruoyi-system\\target\\classes\\mapper\\system\\SysUserMapper.xml]\r\n### The error may involve com.ruoyi.system.mapper.SysUserMapper.updateUser-Inline\r\n### The error occurred while setting parameters\r\n### SQL: update sys_user          SET dept_id = ?,             user_name = ?,             nick_name = ?,             email = ?,             phonenumber = ?,             sex = ?,             avatar = ?,                          status = ?,                                                                 update_time = sysdate()          where user_id = ?\r\n### Cause: com.mysql.cj.jdbc.exceptions.MysqlDataTruncation: Data truncation: Data too long for column \'nick_name\' at row 1\n; Data truncation: Data too long for column \'nick_name\' at row 1; nested exception is com.mysql.cj.jdbc.exceptions.MysqlDataTruncation: Data truncation: Data too long for column \'nick_name\' at row 1','2021-05-18 17:30:17'),(377,'个人信息',2,'com.ruoyi.web.controller.system.SysProfileController.updateProfile()','PUT',1,'17110100717',NULL,'/system/user/profile','127.0.0.1','内网IP','{\"roles\":[{\"flag\":false,\"roleId\":101,\"admin\":false,\"dataScope\":\"1\",\"params\":{},\"roleSort\":\"4\",\"deptCheckStrictly\":false,\"menuCheckStrictly\":false,\"roleKey\":\"student\",\"roleName\":\"学生\",\"status\":\"0\"}],\"phonenumber\":\"13840960847\",\"admin\":false,\"delFlag\":\"0\",\"loginIp\":\"\",\"email\":\"452681658@qq.com\",\"nickName\":\"aa \",\"sex\":\"0\",\"deptId\":103,\"avatar\":\"/profile/avatar/2021/05/06/83a8ed71-8c3f-4b99-b3f4-543430e3d71c.jpeg\",\"dept\":{\"deptName\":\"计算机科学与技术专业\",\"leader\":\"若依\",\"deptId\":103,\"orderNum\":\"1\",\"params\":{},\"parentId\":101,\"children\":[],\"status\":\"0\"},\"params\":{},\"userName\":\"17110100717\",\"userId\":112,\"createBy\":\"admin\",\"createTime\":1620282611000,\"userType\":\"00\",\"status\":\"0\"}','{\"msg\":\"操作成功\",\"code\":200}',0,NULL,'2021-05-18 17:30:26'),(378,'个人信息',2,'com.ruoyi.web.controller.system.SysProfileController.updateProfile()','PUT',1,'17110100717',NULL,'/system/user/profile','127.0.0.1','内网IP','{\"roles\":[{\"flag\":false,\"roleId\":101,\"admin\":false,\"dataScope\":\"1\",\"params\":{},\"roleSort\":\"4\",\"deptCheckStrictly\":false,\"menuCheckStrictly\":false,\"roleKey\":\"student\",\"roleName\":\"学生\",\"status\":\"0\"}],\"phonenumber\":\"13840960847\",\"admin\":false,\"delFlag\":\"0\",\"loginIp\":\"\",\"email\":\"452681658@qq.com\",\"nickName\":\"lijianxu\",\"sex\":\"0\",\"deptId\":103,\"avatar\":\"/profile/avatar/2021/05/06/83a8ed71-8c3f-4b99-b3f4-543430e3d71c.jpeg\",\"dept\":{\"deptName\":\"计算机科学与技术专业\",\"leader\":\"若依\",\"deptId\":103,\"orderNum\":\"1\",\"params\":{},\"parentId\":101,\"children\":[],\"status\":\"0\"},\"params\":{},\"userName\":\"17110100717\",\"userId\":112,\"createBy\":\"admin\",\"createTime\":1620282611000,\"userType\":\"00\",\"status\":\"0\"}','{\"msg\":\"操作成功\",\"code\":200}',0,NULL,'2021-05-18 17:30:35'),(379,'招聘岗位',2,'com.ruoyi.recruit.controller.RecruitPositionController.edit()','PUT',1,'qy1',NULL,'/recruit/position','127.0.0.1','内网IP','{\"validDate\":1622217600000,\"phonenumber\":\"1245623\",\"auditState\":0,\"workCity\":\"大连\",\"company\":{\"address\":\"大连东软信息学院\",\"nature\":0,\"phonenumber\":\"13840960846\",\"description\":\"大连东软信息学院\",\"hot\":0,\"params\":{},\"auditState\":2,\"license\":\"http://localhost:8080/profile/upload/2021/05/18/307bf429-3a70-4f43-8b24-b651d41d131f.jpg\",\"name\":\"大连东软信息学院\",\"logo\":\"http://localhost:8080/profile/upload/2021/05/18/3e5881b6-2206-43f5-b591-a40890a94d29.jpg\",\"id\":1017},\"id\":1017,\"quantity\":1,\"releaseDate\":1622217600000,\"requirement\":\"会java\",\"params\":{},\"companyId\":13,\"salaryDown\":150,\"name\":\"区块链\",\"category\":{\"params\":{},\"categoryName\":\"区块链\",\"parentId\":4,\"parentCategory\":{\"description\":\"大数据技术大分类\",\"params\":{},\"categoryName\":\"大数据\"},\"id\":17},\"categoryId\":17,\"salaryUp\":100,\"status\":1}','{\"msg\":\"操作成功\",\"code\":200}',0,NULL,'2021-05-18 17:42:11'),(380,'招聘岗位',1,'com.ruoyi.recruit.controller.RecruitPositionController.add()','POST',1,'qy1',NULL,'/recruit/position','127.0.0.1','内网IP','{\"validDate\":1622217600000,\"phonenumber\":\"15489123184\",\"workCity\":\"大连\",\"id\":1018,\"quantity\":10,\"releaseDate\":1622131200000,\"requirement\":\"会sql\",\"params\":{},\"companyId\":13,\"salaryDown\":150,\"name\":\"sql\",\"salaryUp\":100,\"status\":1}','{\"msg\":\"操作成功\",\"code\":200}',0,NULL,'2021-05-18 17:42:45'),(381,'招聘岗位',2,'com.ruoyi.recruit.controller.RecruitPositionController.edit()','PUT',1,'admin',NULL,'/recruit/position','127.0.0.1','内网IP','{\"validDate\":1619625600000,\"phonenumber\":\"15205106052\",\"auditState\":1,\"workCity\":\"北京市\",\"company\":{\"address\":\"北京\",\"nature\":0,\"phonenumber\":\"13184523478\",\"description\":\"自成立伊始，爱奇艺坚持“悦享品质”的公司理念，以“用户体验”为生命，专注为用户提供清晰、流畅、界面友好的观映体验\",\"hot\":0,\"params\":{},\"auditState\":2,\"license\":\"http://localhost:8080/profile/upload/logo/yyzz.png\",\"name\":\"爱奇艺\",\"logo\":\"http://localhost:8080/profile/upload/2021/05/09/176872bd-2310-4ef6-a709-a6b65aaca9f7.png\",\"id\":1},\"id\":1,\"quantity\":3,\"releaseDate\":1572105600000,\"requirement\":\"熟练使用RPC框架，具备相关的分布式开发经验\",\"params\":{},\"companyId\":6,\"salaryDown\":150,\"name\":\"Java工程师\",\"category\":{\"params\":{},\"categoryName\":\"Java\",\"parentId\":2,\"parentCategory\":{\"description\":\"后端技术技术大分类\",\"params\":{},\"categoryName\":\"后端技术\"},\"id\":8},\"categoryId\":8,\"salaryUp\":100,\"status\":0}','{\"msg\":\"操作成功\",\"code\":200}',0,NULL,'2021-05-18 17:43:34'),(382,'用户管理',2,'com.ruoyi.web.controller.system.SysUserController.edit()','PUT',1,'admin',NULL,'/system/user','127.0.0.1','内网IP','{\"roles\":[{\"flag\":false,\"roleId\":101,\"admin\":false,\"dataScope\":\"1\",\"params\":{},\"roleSort\":\"4\",\"deptCheckStrictly\":false,\"menuCheckStrictly\":false,\"roleKey\":\"student\",\"roleName\":\"学生\",\"status\":\"0\"}],\"phonenumber\":\"13840960847\",\"admin\":false,\"delFlag\":\"0\",\"password\":\"123456\",\"postIds\":[],\"loginIp\":\"\",\"email\":\"951@qq.com\",\"nickName\":\"李四\",\"sex\":\"0\",\"deptId\":103,\"avatar\":\"\",\"dept\":{\"deptName\":\"计算机科学与技术专业\",\"leader\":\"若依\",\"deptId\":103,\"orderNum\":\"1\",\"params\":{},\"parentId\":101,\"children\":[],\"status\":\"0\"},\"params\":{},\"userName\":\"a2\",\"userId\":113,\"createBy\":\"admin\",\"roleIds\":[101],\"createTime\":1620645970000,\"userType\":\"00\",\"status\":\"0\"}','{\"msg\":\"修改用户\'a2\'失败，手机号码已存在\",\"code\":500}',0,NULL,'2021-05-18 18:03:06'),(383,'企业信息',2,'com.ruoyi.recruit.controller.RecruitCompanyInfoController.edit()','PUT',1,'admin',NULL,'/recruit/info','127.0.0.1','内网IP','{\"params\":{},\"userId\":116,\"auditState\":2,\"id\":13}','{\"msg\":\"操作成功\",\"code\":200}',0,NULL,'2021-05-18 18:05:52'),(384,'招聘岗位',2,'com.ruoyi.recruit.controller.RecruitPositionController.edit()','PUT',1,'admin',NULL,'/recruit/position','127.0.0.1','内网IP','{\"validDate\":1622217600000,\"phonenumber\":\"15489123184\",\"auditState\":1,\"workCity\":\"大连\",\"company\":{\"address\":\"大连东软信息学院\",\"nature\":0,\"phonenumber\":\"13840960846\",\"description\":\"大连东软信息学院\",\"hot\":0,\"params\":{},\"auditState\":2,\"license\":\"http://localhost:8080/profile/upload/2021/05/18/307bf429-3a70-4f43-8b24-b651d41d131f.jpg\",\"name\":\"大连东软信息学院\",\"logo\":\"http://localhost:8080/profile/upload/2021/05/18/3e5881b6-2206-43f5-b591-a40890a94d29.jpg\",\"id\":1018},\"id\":1018,\"quantity\":10,\"releaseDate\":1622131200000,\"requirement\":\"会sql\",\"params\":{},\"companyId\":13,\"salaryDown\":150,\"name\":\"sql\",\"category\":{\"params\":{},\"categoryName\":\"区块链\",\"parentId\":4,\"parentCategory\":{\"description\":\"大数据技术大分类\",\"params\":{},\"categoryName\":\"大数据\"},\"id\":17},\"categoryId\":17,\"salaryUp\":100,\"status\":1}','{\"msg\":\"操作成功\",\"code\":200}',0,NULL,'2021-05-18 18:06:07'),(385,'招聘岗位',1,'com.ruoyi.recruit.controller.RecruitPositionController.add()','POST',1,'admin',NULL,'/recruit/position','127.0.0.1','内网IP','{\"validDate\":1622217600000,\"phonenumber\":\"13840960847\",\"workCity\":\"大连\",\"id\":1019,\"quantity\":10,\"releaseDate\":1621008000000,\"requirement\":\"会sql\",\"params\":{},\"companyId\":1,\"salaryDown\":200,\"name\":\"mysql\",\"salaryUp\":100,\"status\":1}','{\"msg\":\"操作成功\",\"code\":200}',0,NULL,'2021-05-18 18:06:42'),(386,'招聘岗位',2,'com.ruoyi.recruit.controller.RecruitPositionController.edit()','PUT',1,'qy1',NULL,'/recruit/position','127.0.0.1','内网IP','{\"validDate\":1622217600000,\"phonenumber\":\"15489123184\",\"auditState\":1,\"workCity\":\"大连\",\"company\":{\"address\":\"大连东软信息学院\",\"nature\":0,\"phonenumber\":\"13840960846\",\"description\":\"大连东软信息学院\",\"hot\":0,\"params\":{},\"auditState\":2,\"license\":\"http://localhost:8080/profile/upload/2021/05/18/307bf429-3a70-4f43-8b24-b651d41d131f.jpg\",\"name\":\"大连东软信息学院\",\"logo\":\"http://localhost:8080/profile/upload/2021/05/18/3e5881b6-2206-43f5-b591-a40890a94d29.jpg\",\"id\":1018},\"id\":1018,\"quantity\":10,\"releaseDate\":1622131200000,\"requirement\":\"会sql\",\"params\":{},\"companyId\":13,\"salaryDown\":150,\"name\":\"sql\",\"category\":{\"params\":{},\"categoryName\":\"区块链\",\"parentId\":4,\"parentCategory\":{\"description\":\"大数据技术大分类\",\"params\":{},\"categoryName\":\"大数据\"},\"id\":17},\"categoryId\":17,\"salaryUp\":100,\"status\":1}','{\"msg\":\"操作成功\",\"code\":200}',0,NULL,'2021-05-18 18:07:51'),(387,'招聘岗位',2,'com.ruoyi.recruit.controller.RecruitPositionController.edit()','PUT',1,'admin',NULL,'/recruit/position','127.0.0.1','内网IP','{\"validDate\":1619625600000,\"phonenumber\":\"15200632969\",\"auditState\":1,\"workCity\":\"上海市\",\"company\":{\"address\":\"北京\",\"nature\":0,\"phonenumber\":\"13184523478\",\"description\":\"自成立伊始，爱奇艺坚持“悦享品质”的公司理念，以“用户体验”为生命，专注为用户提供清晰、流畅、界面友好的观映体验\",\"hot\":0,\"params\":{},\"auditState\":2,\"license\":\"http://localhost:8080/profile/upload/logo/yyzz.png\",\"name\":\"爱奇艺\",\"logo\":\"http://localhost:8080/profile/upload/2021/05/09/176872bd-2310-4ef6-a709-a6b65aaca9f7.png\",\"id\":2},\"id\":2,\"quantity\":5,\"releaseDate\":1573056000000,\"requirement\":\"接收应届实习生，实习期满应聘上岗接收应届实习生，实习期满应聘上岗收应届实习生，实习期满应聘上岗\",\"params\":{},\"companyId\":6,\"salaryDown\":200,\"name\":\"Java工程师\",\"category\":{\"params\":{},\"categoryName\":\"Java\",\"parentId\":2,\"parentCategory\":{\"description\":\"后端技术技术大分类\",\"params\":{},\"categoryName\":\"后端技术\"},\"id\":8},\"categoryId\":8,\"salaryUp\":160,\"status\":0}','{\"msg\":\"操作成功\",\"code\":200}',0,NULL,'2021-05-18 18:13:36'),(388,'招聘岗位',2,'com.ruoyi.recruit.controller.RecruitPositionController.edit()','PUT',1,'admin',NULL,'/recruit/position','127.0.0.1','内网IP','{\"validDate\":1619625600000,\"phonenumber\":\"13505393931\",\"auditState\":1,\"workCity\":\"天津市\",\"company\":{\"address\":\"北京\",\"nature\":0,\"phonenumber\":\"13184523478\",\"description\":\"阿里巴巴网络技术有限公司（简称：阿里巴巴集团）是以曾担任英语教师的马云为首的18人于1999年在浙江杭州创立\",\"hot\":0,\"params\":{},\"auditState\":2,\"license\":\"http://localhost:8080/profile/upload/logo/yyzz.png\",\"name\":\"阿里巴巴\",\"logo\":\"http://localhost:8080/profile/upload/logo/al.jpg\",\"id\":3},\"id\":3,\"quantity\":15,\"releaseDate\":1569772800000,\"requirement\":\"有扎实的java基础，熟悉分布式、缓存、异步消息等原理和应用\",\"params\":{},\"companyId\":1,\"salaryDown\":200,\"name\":\"Java工程师\",\"category\":{\"params\":{},\"categoryName\":\"Java\",\"parentId\":2,\"parentCategory\":{\"description\":\"后端技术技术大分类\",\"params\":{},\"categoryName\":\"后端技术\"},\"id\":8},\"categoryId\":8,\"salaryUp\":90,\"status\":0}','{\"msg\":\"操作成功\",\"code\":200}',0,NULL,'2021-05-18 18:13:48'),(389,'招聘岗位',2,'com.ruoyi.recruit.controller.RecruitPositionController.edit()','PUT',1,'admin',NULL,'/recruit/position','127.0.0.1','内网IP','{\"validDate\":1619625600000,\"phonenumber\":\"13202132984\",\"auditState\":1,\"workCity\":\"南京市\",\"company\":{\"address\":\"北京\",\"nature\":0,\"phonenumber\":\"13184523478\",\"description\":\"网易公司（NASDAQ: NTES）是中国的互联网公司，利用互联网技术，加强人与人之间信息的交流和共享，实现“网聚人的力量”\",\"hot\":0,\"params\":{},\"auditState\":2,\"license\":\"http://localhost:8080/profile/upload/logo/yyzz.png\",\"name\":\"网易\",\"logo\":\"http://localhost:8080/profile/upload/logo/wangyi.jpg\",\"id\":4},\"id\":4,\"quantity\":2,\"releaseDate\":1569340800000,\"requirement\":\"JAVA WEB方向2年+经验\",\"params\":{},\"companyId\":5,\"salaryDown\":200,\"name\":\"Java工程师\",\"category\":{\"params\":{},\"categoryName\":\"Java\",\"parentId\":2,\"parentCategory\":{\"description\":\"后端技术技术大分类\",\"params\":{},\"categoryName\":\"后端技术\"},\"id\":8},\"categoryId\":8,\"salaryUp\":100,\"status\":0}','{\"msg\":\"操作成功\",\"code\":200}',0,NULL,'2021-05-18 18:13:55'),(390,'招聘岗位',2,'com.ruoyi.recruit.controller.RecruitPositionController.edit()','PUT',1,'admin',NULL,'/recruit/position','127.0.0.1','内网IP','{\"validDate\":1619625600000,\"phonenumber\":\"13206403010\",\"auditState\":1,\"workCity\":\"南京市\",\"company\":{\"address\":\"北京\",\"nature\":0,\"phonenumber\":\"13184523478\",\"description\":\"滴滴出行是涵盖出租车、专车、 快车、顺风车、代驾及 大巴等多项业务在内的一站式出行平台，2015年9月9日由“滴滴打车”更名而来\",\"hot\":0,\"params\":{},\"auditState\":3,\"license\":\"http://localhost:8080/profile/upload/logo/yyzz.png\",\"name\":\"滴滴出行\",\"logo\":\"http://localhost:8080/profile/upload/logo/dd.jpg\",\"id\":5},\"id\":5,\"quantity\":30,\"releaseDate\":1571155200000,\"requirement\":\"可接收计算机相关专业应届生，表现优秀者加薪转正\",\"params\":{},\"companyId\":2,\"salaryDown\":200,\"name\":\"C++工程师\",\"category\":{\"params\":{},\"categoryName\":\"C++\",\"parentId\":2,\"parentCategory\":{\"description\":\"后端技术技术大分类\",\"params\":{},\"categoryName\":\"后端技术\"},\"id\":9},\"categoryId\":9,\"salaryUp\":130,\"status\":0}','{\"msg\":\"操作成功\",\"code\":200}',0,NULL,'2021-05-18 18:14:04'),(391,'招聘岗位',2,'com.ruoyi.recruit.controller.RecruitPositionController.edit()','PUT',1,'admin',NULL,'/recruit/position','127.0.0.1','内网IP','{\"validDate\":1619625600000,\"phonenumber\":\"15808017102\",\"auditState\":1,\"workCity\":\"上海市\",\"company\":{\"address\":\"北京\",\"nature\":0,\"phonenumber\":\"13184523478\",\"description\":\"阿里巴巴网络技术有限公司（简称：阿里巴巴集团）是以曾担任英语教师的马云为首的18人于1999年在浙江杭州创立\",\"hot\":0,\"params\":{},\"auditState\":2,\"license\":\"http://localhost:8080/profile/upload/logo/yyzz.png\",\"name\":\"阿里巴巴\",\"logo\":\"http://localhost:8080/profile/upload/logo/al.jpg\",\"id\":6},\"id\":6,\"quantity\":1,\"releaseDate\":1572710400000,\"requirement\":\"3-5年工作经验，计算机相关专业毕业\",\"params\":{},\"companyId\":1,\"salaryDown\":200,\"name\":\"C++工程师\",\"category\":{\"params\":{},\"categoryName\":\"C++\",\"parentId\":2,\"parentCategory\":{\"description\":\"后端技术技术大分类\",\"params\":{},\"categoryName\":\"后端技术\"},\"id\":9},\"categoryId\":9,\"salaryUp\":160,\"status\":0}','{\"msg\":\"操作成功\",\"code\":200}',0,NULL,'2021-05-18 18:14:15'),(392,'个人信息',2,'com.ruoyi.web.controller.system.SysProfileController.updateProfile()','PUT',1,'admin',NULL,'/system/user/profile','127.0.0.1','内网IP','{\"roles\":[{\"flag\":false,\"roleId\":1,\"admin\":true,\"dataScope\":\"1\",\"params\":{},\"roleSort\":\"1\",\"deptCheckStrictly\":false,\"menuCheckStrictly\":false,\"roleKey\":\"admin\",\"roleName\":\"超级管理员\",\"status\":\"0\"}],\"phonenumber\":\"15888888888\",\"admin\":true,\"loginDate\":1621261384000,\"remark\":\"管理员\",\"delFlag\":\"0\",\"loginIp\":\"127.0.0.1\",\"email\":\"ry@163.com\",\"nickName\":\"**大学\",\"sex\":\"1\",\"deptId\":103,\"avatar\":\"\",\"dept\":{\"deptName\":\"计算机科学与技术专业\",\"leader\":\"若依\",\"deptId\":103,\"orderNum\":\"1\",\"params\":{},\"parentId\":101,\"children\":[],\"status\":\"0\"},\"params\":{},\"userName\":\"admin\",\"userId\":1,\"createBy\":\"admin\",\"createTime\":1621261384000,\"userType\":\"00\",\"status\":\"0\"}','{\"msg\":\"操作成功\",\"code\":200}',0,NULL,'2021-05-18 21:05:37'),(393,'个人信息',2,'com.ruoyi.web.controller.system.SysProfileController.updateProfile()','PUT',1,'admin',NULL,'/system/user/profile','127.0.0.1','内网IP','{\"roles\":[{\"flag\":false,\"roleId\":1,\"admin\":true,\"dataScope\":\"1\",\"params\":{},\"roleSort\":\"1\",\"deptCheckStrictly\":false,\"menuCheckStrictly\":false,\"roleKey\":\"admin\",\"roleName\":\"超级管理员\",\"status\":\"0\"}],\"phonenumber\":\"15888888888\",\"admin\":true,\"loginDate\":1621261384000,\"remark\":\"管理员\",\"delFlag\":\"0\",\"loginIp\":\"127.0.0.1\",\"email\":\"ry@163.com\",\"nickName\":\"**大学\",\"sex\":\"1\",\"deptId\":103,\"avatar\":\"\",\"dept\":{\"deptName\":\"计算机科学与技术专业\",\"leader\":\"若依\",\"deptId\":103,\"orderNum\":\"1\",\"params\":{},\"parentId\":101,\"children\":[],\"status\":\"0\"},\"params\":{},\"userName\":\"admin\",\"userId\":1,\"createBy\":\"admin\",\"createTime\":1621261384000,\"userType\":\"00\",\"status\":\"0\"}','{\"msg\":\"操作成功\",\"code\":200}',0,NULL,'2021-05-18 21:05:38'),(394,'用户头像',2,'com.ruoyi.web.controller.system.SysProfileController.avatar()','POST',1,'admin',NULL,'/system/user/profile/avatar','127.0.0.1','内网IP','','{\"msg\":\"操作成功\",\"imgUrl\":\"/profile/avatar/2021/05/18/c4e3dfbe-0bc2-434f-81cb-bd6d908529c5.jpeg\",\"code\":200}',0,NULL,'2021-05-18 21:06:00'),(395,'菜单管理',3,'com.ruoyi.web.controller.system.SysMenuController.remove()','DELETE',1,'admin',NULL,'/system/menu/4','127.0.0.1','内网IP','{menuId=4}','{\"msg\":\"菜单已分配,不允许删除\",\"code\":500}',0,NULL,'2021-05-18 21:06:21'),(396,'菜单管理',3,'com.ruoyi.web.controller.system.SysMenuController.remove()','DELETE',1,'admin',NULL,'/system/menu/4','127.0.0.1','内网IP','{menuId=4}','{\"msg\":\"菜单已分配,不允许删除\",\"code\":500}',0,NULL,'2021-05-18 21:07:39'),(397,'菜单管理',3,'com.ruoyi.web.controller.system.SysMenuController.remove()','DELETE',1,'admin',NULL,'/system/menu/4','127.0.0.1','内网IP','{menuId=4}','{\"msg\":\"菜单已分配,不允许删除\",\"code\":500}',0,NULL,'2021-05-18 21:08:04'),(398,'菜单管理',3,'com.ruoyi.web.controller.system.SysMenuController.remove()','DELETE',1,'admin',NULL,'/system/menu/3','127.0.0.1','内网IP','{menuId=3}','{\"msg\":\"存在子菜单,不允许删除\",\"code\":500}',0,NULL,'2021-05-18 21:08:08'),(399,'菜单管理',3,'com.ruoyi.web.controller.system.SysMenuController.remove()','DELETE',1,'admin',NULL,'/system/menu/108','127.0.0.1','内网IP','{menuId=108}','{\"msg\":\"存在子菜单,不允许删除\",\"code\":500}',0,NULL,'2021-05-18 21:08:47'),(400,'企业信息',2,'com.ruoyi.recruit.controller.RecruitCompanyInfoController.edit()','PUT',1,'admin',NULL,'/recruit/info','127.0.0.1','内网IP','{\"params\":{},\"userId\":1,\"auditState\":2,\"id\":1}','{\"msg\":\"操作成功\",\"code\":200}',0,NULL,'2021-05-18 23:48:17'),(401,'简历投递信息',2,'com.ruoyi.recruit.controller.RecruitDeliveryController.edit()','PUT',1,'admin',NULL,'/recruit/delivery','127.0.0.1','内网IP','{\"params\":{},\"id\":16,\"status\":1}','{\"msg\":\"操作成功\",\"code\":200}',0,NULL,'2021-05-18 23:49:26'),(402,'简历投递信息',2,'com.ruoyi.recruit.controller.RecruitDeliveryController.edit()','PUT',1,'admin',NULL,'/recruit/delivery','127.0.0.1','内网IP','{\"params\":{},\"id\":16,\"status\":2}','{\"msg\":\"操作成功\",\"code\":200}',0,NULL,'2021-05-18 23:49:30'),(403,'简历投递信息',2,'com.ruoyi.recruit.controller.RecruitDeliveryController.edit()','PUT',1,'zzz',NULL,'/recruit/delivery','127.0.0.1','内网IP','{\"params\":{},\"id\":19,\"status\":2}','{\"msg\":\"操作成功\",\"code\":200}',0,NULL,'2021-05-18 23:55:05'),(404,'用户头像',2,'com.ruoyi.web.controller.system.SysProfileController.avatar()','POST',1,'zzz',NULL,'/system/user/profile/avatar','127.0.0.1','内网IP','','{\"msg\":\"操作成功\",\"imgUrl\":\"/profile/avatar/2021/05/18/f3f526b1-ba16-4b3e-98a2-f63a20571baf.jpeg\",\"code\":200}',0,NULL,'2021-05-18 23:55:33'),(405,'企业信息',2,'com.ruoyi.recruit.controller.RecruitCompanyInfoController.edit()','PUT',1,'admin',NULL,'/recruit/info','127.0.0.1','内网IP','{\"params\":{},\"userId\":1,\"auditState\":3,\"id\":1}','{\"msg\":\"操作成功\",\"code\":200}',0,NULL,'2021-05-19 21:27:19'),(406,'企业信息',2,'com.ruoyi.recruit.controller.RecruitCompanyInfoController.edit()','PUT',1,'admin',NULL,'/recruit/info','127.0.0.1','内网IP','{\"params\":{},\"userId\":1,\"auditState\":2,\"id\":1}','{\"msg\":\"操作成功\",\"code\":200}',0,NULL,'2021-05-19 21:27:35'),(407,'企业信息',2,'com.ruoyi.recruit.controller.RecruitCompanyInfoController.edit()','PUT',1,'admin',NULL,'/recruit/info','127.0.0.1','内网IP','{\"params\":{},\"userId\":106,\"auditState\":2,\"id\":11}','{\"msg\":\"操作成功\",\"code\":200}',0,NULL,'2021-05-19 21:27:46'),(408,'招聘岗位',2,'com.ruoyi.recruit.controller.RecruitPositionController.edit()','PUT',1,'admin',NULL,'/recruit/position','127.0.0.1','内网IP','{\"validDate\":1619625600000,\"phonenumber\":\"15205106052\",\"auditState\":1,\"workCity\":\"北京市\",\"company\":{\"address\":\"北京\",\"nature\":0,\"phonenumber\":\"13184523478\",\"description\":\"自成立伊始，爱奇艺坚持“悦享品质”的公司理念，以“用户体验”为生命，专注为用户提供清晰、流畅、界面友好的观映体验\",\"hot\":0,\"params\":{},\"auditState\":2,\"license\":\"http://localhost:8080/profile/upload/logo/yyzz.png\",\"name\":\"爱奇艺\",\"logo\":\"http://localhost:8080/profile/upload/2021/05/09/176872bd-2310-4ef6-a709-a6b65aaca9f7.png\",\"id\":1},\"id\":1,\"quantity\":3,\"releaseDate\":1572105600000,\"requirement\":\"熟练使用RPC框架，具备相关的分布式开发经验\",\"params\":{},\"companyId\":6,\"salaryDown\":150,\"name\":\"Java工程师\",\"category\":{\"params\":{},\"categoryName\":\"Java\",\"parentId\":2,\"parentCategory\":{\"description\":\"后端技术技术大分类\",\"params\":{},\"categoryName\":\"后端技术\"},\"id\":8},\"categoryId\":8,\"salaryUp\":100,\"status\":0}','{\"msg\":\"操作成功\",\"code\":200}',0,NULL,'2021-05-19 21:28:04'),(409,'招聘岗位',2,'com.ruoyi.recruit.controller.RecruitPositionController.edit()','PUT',1,'zzz',NULL,'/recruit/position','127.0.0.1','内网IP','{\"validDate\":1621008000000,\"phonenumber\":\"15813466666\",\"auditState\":0,\"workCity\":\"福州\",\"company\":{\"address\":\"福州\",\"nature\":0,\"phonenumber\":\"18250014239\",\"hot\":0,\"params\":{},\"auditState\":2,\"license\":\"http://localhost:8080/profile/upload/2021/05/09/6384a9d3-50dc-4a55-884c-31206dafb821.jpg\",\"name\":\"福州科技有限公司\",\"logo\":\"http://localhost:8080/profile/upload/2021/05/09/ac6dd529-ebec-4fcc-9cda-0a00079faa0e.jpg\",\"id\":1015},\"id\":1015,\"quantity\":5,\"releaseDate\":1620316800000,\"requirement\":\"很好很好\",\"params\":{},\"companyId\":8,\"salaryDown\":6000,\"name\":\"软件测试工程师\",\"category\":{\"params\":{},\"categoryName\":\"区块链\",\"parentId\":4,\"parentCategory\":{\"description\":\"大数据技术大分类\",\"params\":{},\"categoryName\":\"大数据\"},\"id\":17},\"categoryId\":17,\"salaryUp\":4000,\"status\":0}','{\"msg\":\"操作成功\",\"code\":200}',0,NULL,'2021-05-19 21:29:36'),(410,'招聘岗位',2,'com.ruoyi.recruit.controller.RecruitPositionController.edit()','PUT',1,'zzz',NULL,'/recruit/position','127.0.0.1','内网IP','{\"validDate\":1621008000000,\"phonenumber\":\"15813466666\",\"auditState\":1,\"workCity\":\"福州\",\"company\":{\"address\":\"福州\",\"nature\":0,\"phonenumber\":\"18250014239\",\"hot\":0,\"params\":{},\"auditState\":2,\"license\":\"http://localhost:8080/profile/upload/2021/05/09/6384a9d3-50dc-4a55-884c-31206dafb821.jpg\",\"name\":\"福州科技有限公司\",\"logo\":\"http://localhost:8080/profile/upload/2021/05/09/ac6dd529-ebec-4fcc-9cda-0a00079faa0e.jpg\",\"id\":1015},\"id\":1015,\"quantity\":5,\"releaseDate\":1620316800000,\"requirement\":\"很好很好\",\"params\":{},\"companyId\":8,\"salaryDown\":6000,\"name\":\"软件测试工程师\",\"category\":{\"params\":{},\"categoryName\":\"区块链\",\"parentId\":4,\"parentCategory\":{\"description\":\"大数据技术大分类\",\"params\":{},\"categoryName\":\"大数据\"},\"id\":17},\"categoryId\":17,\"salaryUp\":4000,\"status\":0}','{\"msg\":\"操作成功\",\"code\":200}',0,NULL,'2021-05-19 21:29:42'),(411,'招聘岗位',1,'com.ruoyi.recruit.controller.RecruitPositionController.add()','POST',1,'zzz',NULL,'/recruit/position','127.0.0.1','内网IP','{\"validDate\":1621699200000,\"phonenumber\":\"15666666666\",\"workCity\":\"福州\",\"id\":1020,\"quantity\":5,\"releaseDate\":1621353600000,\"requirement\":\"很好\",\"params\":{},\"companyId\":8,\"salaryDown\":6000,\"name\":\"实施工程师\",\"salaryUp\":4000,\"status\":1}','{\"msg\":\"操作成功\",\"code\":200}',0,NULL,'2021-05-19 21:32:58'),(412,'招聘岗位',3,'com.ruoyi.recruit.controller.RecruitPositionController.remove()','DELETE',1,'zzz',NULL,'/recruit/position/1020','127.0.0.1','内网IP','{ids=1020}','{\"msg\":\"操作成功\",\"code\":200}',0,NULL,'2021-05-19 21:33:29'),(413,'简历投递信息',2,'com.ruoyi.recruit.controller.RecruitDeliveryController.edit()','PUT',1,'zzz',NULL,'/recruit/delivery','127.0.0.1','内网IP','{\"companyName\":\"福州科技有限公司\",\"params\":{},\"userName\":\"a2\",\"userId\":113,\"positionName\":\"软件测试工程师\",\"companyId\":8,\"positionId\":1015,\"company\":{\"address\":\"福州\",\"nature\":0,\"phonenumber\":\"18250014239\",\"params\":{},\"logo\":\"http://localhost:8080/profile/upload/2021/05/09/ac6dd529-ebec-4fcc-9cda-0a00079faa0e.jpg\"},\"id\":21,\"position\":{\"validDate\":1621008000000,\"phonenumber\":\"15813466666\",\"workCity\":\"福州\",\"quantity\":5,\"releaseDate\":1620316800000,\"requirement\":\"很好很好\",\"params\":{},\"salaryDown\":6000,\"salaryUp\":4000,\"status\":0},\"status\":1}','{\"msg\":\"操作成功\",\"code\":200}',0,NULL,'2021-05-19 21:33:48'),(414,'简历投递信息',1,'com.ruoyi.recruit.controller.RecruitDeliveryController.add()','POST',1,'17110100717',NULL,'/recruit/delivery','127.0.0.1','内网IP','{\"companyName\":\"大连东软信息学院\",\"params\":{},\"userName\":\"17110100717\",\"userId\":112,\"positionName\":\"sql\",\"companyId\":13,\"positionId\":1018,\"id\":24}','{\"msg\":\"操作成功\",\"code\":200}',0,NULL,'2021-05-20 09:24:41'),(415,'简历投递信息',1,'com.ruoyi.recruit.controller.RecruitDeliveryController.add()','POST',1,'17110100717',NULL,'/recruit/delivery','127.0.0.1','内网IP','{\"companyName\":\"大连东软信息学院\",\"params\":{},\"userName\":\"17110100717\",\"userId\":112,\"positionName\":\"sql\",\"companyId\":13,\"positionId\":1018,\"id\":25}','{\"msg\":\"操作成功\",\"code\":200}',0,NULL,'2021-05-20 09:30:35'),(416,'简历投递信息',2,'com.ruoyi.recruit.controller.RecruitDeliveryController.edit()','PUT',1,'qy1',NULL,'/recruit/delivery','127.0.0.1','内网IP','{\"companyName\":\"大连东软信息学院\",\"params\":{},\"userName\":\"17110100717\",\"userId\":112,\"positionName\":\"sql\",\"companyId\":13,\"positionId\":1018,\"company\":{\"address\":\"大连东软信息学院\",\"nature\":0,\"phonenumber\":\"13840960846\",\"description\":\"大连东软信息学院\",\"params\":{},\"logo\":\"http://localhost:8080/profile/upload/2021/05/18/3e5881b6-2206-43f5-b591-a40890a94d29.jpg\"},\"id\":24,\"position\":{\"validDate\":1622217600000,\"phonenumber\":\"15489123184\",\"workCity\":\"大连\",\"quantity\":10,\"releaseDate\":1622131200000,\"requirement\":\"会sql\",\"params\":{},\"salaryDown\":150,\"salaryUp\":100,\"status\":1},\"status\":1}','{\"msg\":\"操作成功\",\"code\":200}',0,NULL,'2021-05-20 09:32:33'),(417,'简历投递信息',2,'com.ruoyi.recruit.controller.RecruitDeliveryController.edit()','PUT',1,'qy1',NULL,'/recruit/delivery','127.0.0.1','内网IP','{\"companyName\":\"大连东软信息学院\",\"params\":{},\"userName\":\"17110100717\",\"userId\":112,\"positionName\":\"sql\",\"companyId\":13,\"positionId\":1018,\"company\":{\"address\":\"大连东软信息学院\",\"nature\":0,\"phonenumber\":\"13840960846\",\"description\":\"大连东软信息学院\",\"params\":{},\"logo\":\"http://localhost:8080/profile/upload/2021/05/18/3e5881b6-2206-43f5-b591-a40890a94d29.jpg\"},\"id\":25,\"position\":{\"validDate\":1622217600000,\"phonenumber\":\"15489123184\",\"workCity\":\"大连\",\"quantity\":10,\"releaseDate\":1622131200000,\"requirement\":\"会sql\",\"params\":{},\"salaryDown\":150,\"salaryUp\":100,\"status\":1},\"status\":2}','{\"msg\":\"操作成功\",\"code\":200}',0,NULL,'2021-05-20 09:32:36'),(418,'企业信息',2,'com.ruoyi.recruit.controller.RecruitCompanyInfoController.edit()','PUT',1,'admin',NULL,'/recruit/info','127.0.0.1','内网IP','{\"params\":{},\"userId\":116,\"auditState\":3,\"id\":13}','{\"msg\":\"操作成功\",\"code\":200}',0,NULL,'2021-05-20 09:35:48'),(419,'企业信息',2,'com.ruoyi.recruit.controller.RecruitCompanyInfoController.edit()','PUT',1,'admin',NULL,'/recruit/info','127.0.0.1','内网IP','{\"params\":{},\"userId\":116,\"auditState\":2,\"id\":13}','{\"msg\":\"操作成功\",\"code\":200}',0,NULL,'2021-05-20 09:35:56'),(420,'教室',2,'com.ruoyi.recruit.controller.RecruitClassroomController.edit()','PUT',1,'admin',NULL,'/recruit/classroom','127.0.0.1','内网IP','{\"classroom\":\"博学楼101\",\"id\":1,\"place\":\"北校区博学楼1号楼\",\"params\":{},\"occupied\":0,\"capacity\":241}','{\"msg\":\"操作成功\",\"code\":200}',0,NULL,'2021-05-20 09:37:10'),(421,'招聘岗位',2,'com.ruoyi.recruit.controller.RecruitPositionController.edit()','PUT',1,'admin',NULL,'/recruit/position','127.0.0.1','内网IP','{\"validDate\":1619625600000,\"phonenumber\":\"15205106052\",\"auditState\":0,\"workCity\":\"北京市\",\"company\":{\"address\":\"北京\",\"nature\":0,\"phonenumber\":\"13184523478\",\"description\":\"自成立伊始，爱奇艺坚持“悦享品质”的公司理念，以“用户体验”为生命，专注为用户提供清晰、流畅、界面友好的观映体验\",\"hot\":0,\"params\":{},\"auditState\":2,\"license\":\"http://localhost:8080/profile/upload/logo/yyzz.png\",\"name\":\"爱奇艺\",\"logo\":\"http://localhost:8080/profile/upload/2021/05/09/176872bd-2310-4ef6-a709-a6b65aaca9f7.png\",\"id\":1},\"id\":1,\"quantity\":3,\"releaseDate\":1572105600000,\"requirement\":\"熟练使用RPC框架，具备相关的分布式开发经验\",\"params\":{},\"companyId\":6,\"salaryDown\":150,\"name\":\"Java工程师\",\"category\":{\"params\":{},\"categoryName\":\"Java\",\"parentId\":2,\"parentCategory\":{\"description\":\"后端技术技术大分类\",\"params\":{},\"categoryName\":\"后端技术\"},\"id\":8},\"categoryId\":8,\"salaryUp\":100,\"status\":0}','{\"msg\":\"操作成功\",\"code\":200}',0,NULL,'2021-05-20 22:59:37'),(422,'招聘岗位',2,'com.ruoyi.recruit.controller.RecruitPositionController.edit()','PUT',1,'admin',NULL,'/recruit/position','127.0.0.1','内网IP','{\"validDate\":1619625600000,\"phonenumber\":\"15205106052\",\"auditState\":1,\"workCity\":\"北京市\",\"company\":{\"address\":\"北京\",\"nature\":0,\"phonenumber\":\"13184523478\",\"description\":\"自成立伊始，爱奇艺坚持“悦享品质”的公司理念，以“用户体验”为生命，专注为用户提供清晰、流畅、界面友好的观映体验\",\"hot\":0,\"params\":{},\"auditState\":2,\"license\":\"http://localhost:8080/profile/upload/logo/yyzz.png\",\"name\":\"爱奇艺\",\"logo\":\"http://localhost:8080/profile/upload/2021/05/09/176872bd-2310-4ef6-a709-a6b65aaca9f7.png\",\"id\":1},\"id\":1,\"quantity\":3,\"releaseDate\":1572105600000,\"requirement\":\"熟练使用RPC框架，具备相关的分布式开发经验\",\"params\":{},\"companyId\":6,\"salaryDown\":150,\"name\":\"Java工程师\",\"category\":{\"params\":{},\"categoryName\":\"Java\",\"parentId\":2,\"parentCategory\":{\"description\":\"后端技术技术大分类\",\"params\":{},\"categoryName\":\"后端技术\"},\"id\":8},\"categoryId\":8,\"salaryUp\":100,\"status\":0}','{\"msg\":\"操作成功\",\"code\":200}',0,NULL,'2021-05-20 22:59:56'),(423,'讲座申请',2,'com.ruoyi.recruit.controller.RecruitLectureController.edit()','PUT',1,'admin',NULL,'/recruit/lecture','127.0.0.1','内网IP','{\"companyName\":\"shandong\",\"description\":\"123\",\"classroom\":\"博学楼103\",\"params\":{},\"auditState\":1,\"phone\":\"13181351311\",\"companyAddress\":\"运河开发区\",\"startTime\":1619971200000,\"id\":1}','{\"msg\":\"操作成功\",\"code\":200}',0,NULL,'2021-05-20 23:00:17'),(424,'招聘岗位',2,'com.ruoyi.recruit.controller.RecruitPositionController.edit()','PUT',1,'zzz',NULL,'/recruit/position','127.0.0.1','内网IP','{\"validDate\":1621008000000,\"phonenumber\":\"15813466666\",\"auditState\":1,\"workCity\":\"福州\",\"company\":{\"address\":\"福州\",\"nature\":0,\"phonenumber\":\"18250014239\",\"hot\":0,\"params\":{},\"auditState\":2,\"license\":\"http://localhost:8080/profile/upload/2021/05/09/6384a9d3-50dc-4a55-884c-31206dafb821.jpg\",\"name\":\"福州科技有限公司\",\"logo\":\"http://localhost:8080/profile/upload/2021/05/09/ac6dd529-ebec-4fcc-9cda-0a00079faa0e.jpg\",\"id\":1015},\"id\":1015,\"quantity\":5,\"releaseDate\":1620316800000,\"requirement\":\"很好很好很好\",\"params\":{},\"companyId\":8,\"salaryDown\":6000,\"name\":\"软件测试工程师\",\"category\":{\"params\":{},\"categoryName\":\"区块链\",\"parentId\":4,\"parentCategory\":{\"description\":\"大数据技术大分类\",\"params\":{},\"categoryName\":\"大数据\"},\"id\":17},\"categoryId\":17,\"salaryUp\":4000,\"status\":0}','{\"msg\":\"操作成功\",\"code\":200}',0,NULL,'2021-05-22 13:20:12'),(425,'讲座申请',1,'com.ruoyi.recruit.controller.RecruitLectureController.add()','POST',1,'zzz',NULL,'/recruit/lecture','127.0.0.1','内网IP','{\"companyName\":\"福州科技有限公司\",\"params\":{},\"phone\":\"18250014239\",\"companyAddress\":\"福州\",\"id\":9}','{\"msg\":\"操作成功\",\"code\":200}',0,NULL,'2021-05-22 13:20:41'),(426,'讲座申请',3,'com.ruoyi.recruit.controller.RecruitLectureController.remove()','DELETE',1,'zzz',NULL,'/recruit/lecture/9','127.0.0.1','内网IP','{ids=9}','{\"msg\":\"操作成功\",\"code\":200}',0,NULL,'2021-05-22 13:20:47'),(427,'用户头像',2,'com.ruoyi.web.controller.system.SysProfileController.avatar()','POST',1,'a1',NULL,'/system/user/profile/avatar','127.0.0.1','内网IP','','{\"msg\":\"操作成功\",\"imgUrl\":\"/profile/avatar/2021/05/22/50922ce5-6e69-4d4d-8c50-2b8a41163633.jpeg\",\"code\":200}',0,NULL,'2021-05-22 13:22:06'),(428,'部门管理',2,'com.ruoyi.web.controller.system.SysDeptController.edit()','PUT',1,'admin',NULL,'/system/dept','127.0.0.1','内网IP','{\"deptName\":\"大连东软信息学院\",\"leader\":\"若依\",\"deptId\":100,\"orderNum\":\"0\",\"delFlag\":\"0\",\"params\":{},\"parentId\":0,\"createBy\":\"admin\",\"children\":[],\"createTime\":1616577343000,\"phone\":\"15888888888\",\"updateBy\":\"admin\",\"ancestors\":\"0\",\"email\":\"ry@qq.com\",\"status\":\"0\"}','{\"msg\":\"操作成功\",\"code\":200}',0,NULL,'2021-05-22 15:22:35'),(429,'用户管理',3,'com.ruoyi.web.controller.system.SysUserController.remove()','DELETE',1,'admin',NULL,'/system/user/113','127.0.0.1','内网IP','{userIds=113}','{\"msg\":\"操作成功\",\"code\":200}',0,NULL,'2021-05-26 22:14:15'),(430,'企业信息',2,'com.ruoyi.recruit.controller.RecruitCompanyInfoController.edit()','PUT',1,'admin',NULL,'/recruit/info','127.0.0.1','内网IP','{\"params\":{},\"userId\":106,\"auditState\":2,\"id\":11}','{\"msg\":\"操作成功\",\"code\":200}',0,NULL,'2021-05-26 22:14:35'),(431,'企业信息',2,'com.ruoyi.recruit.controller.RecruitCompanyInfoController.edit()','PUT',1,'admin',NULL,'/recruit/info','127.0.0.1','内网IP','{\"params\":{},\"userId\":101,\"auditState\":2,\"id\":8}','{\"msg\":\"操作成功\",\"code\":200}',0,NULL,'2021-05-26 22:14:39'),(432,'讲座申请',2,'com.ruoyi.recruit.controller.RecruitLectureController.edit()','PUT',1,'admin',NULL,'/recruit/lecture','127.0.0.1','内网IP','{\"companyName\":\"shandong\",\"description\":\"123\",\"classroom\":\"博学楼103\",\"params\":{},\"auditState\":0,\"phone\":\"13181351311\",\"companyAddress\":\"运河开发区\",\"startTime\":1619971200000,\"id\":1}','{\"msg\":\"操作成功\",\"code\":200}',0,NULL,'2021-05-26 22:15:02'),(433,'讲座申请',2,'com.ruoyi.recruit.controller.RecruitLectureController.edit()','PUT',1,'admin',NULL,'/recruit/lecture','127.0.0.1','内网IP','{\"companyName\":\"shandong\",\"description\":\"123\",\"classroom\":\"博学楼103\",\"params\":{},\"auditState\":1,\"phone\":\"13181351311\",\"companyAddress\":\"运河开发区\",\"startTime\":1619971200000,\"id\":1}','{\"msg\":\"操作成功\",\"code\":200}',0,NULL,'2021-05-26 22:15:09'),(434,'简历投递信息',1,'com.ruoyi.recruit.controller.RecruitDeliveryController.add()','POST',1,'17110100717',NULL,'/recruit/delivery','127.0.0.1','内网IP','{\"companyName\":\"大连东软信息学院\",\"params\":{},\"userName\":\"17110100717\",\"userId\":112,\"positionName\":\"sql\",\"companyId\":13,\"positionId\":1018,\"id\":26}','{\"msg\":\"操作成功\",\"code\":200}',0,NULL,'2021-05-28 16:35:44'),(435,'招聘岗位',1,'com.ruoyi.recruit.controller.RecruitPositionController.add()','POST',1,'qy1',NULL,'/recruit/position','127.0.0.1','内网IP','{\"validDate\":1621440000000,\"phonenumber\":\"13840960847\",\"workCity\":\"大连\",\"id\":1021,\"quantity\":10,\"releaseDate\":1620316800000,\"requirement\":\"java\",\"params\":{},\"companyId\":13,\"salaryDown\":200,\"name\":\"java\",\"salaryUp\":150,\"status\":0}','{\"msg\":\"操作成功\",\"code\":200}',0,NULL,'2021-05-28 16:37:14'),(436,'简历投递信息',2,'com.ruoyi.recruit.controller.RecruitDeliveryController.edit()','PUT',1,'qy1',NULL,'/recruit/delivery','127.0.0.1','内网IP','{\"companyName\":\"大连东软信息学院\",\"params\":{},\"userName\":\"17110100717\",\"userId\":112,\"positionName\":\"sql\",\"companyId\":13,\"positionId\":1018,\"company\":{\"address\":\"大连东软信息学院\",\"nature\":0,\"phonenumber\":\"13840960846\",\"description\":\"大连东软信息学院\",\"params\":{},\"logo\":\"http://localhost:8080/profile/upload/2021/05/18/3e5881b6-2206-43f5-b591-a40890a94d29.jpg\"},\"id\":24,\"position\":{\"validDate\":1622217600000,\"phonenumber\":\"15489123184\",\"workCity\":\"大连\",\"quantity\":10,\"releaseDate\":1622131200000,\"requirement\":\"会sql\",\"params\":{},\"salaryDown\":150,\"salaryUp\":100,\"status\":1},\"status\":2}','{\"msg\":\"操作成功\",\"code\":200}',0,NULL,'2021-05-28 16:37:48'),(437,'讲座申请',1,'com.ruoyi.recruit.controller.RecruitLectureController.add()','POST',1,'qy1',NULL,'/recruit/lecture','127.0.0.1','内网IP','{\"companyName\":\"大连东软信息学院\",\"direct\":\"java\",\"description\":\"大连东软信息学院\",\"classroom\":\"博学楼302\",\"params\":{},\"phone\":\"13840960846\",\"companyAddress\":\"大连东软信息学院\",\"startTime\":1620835200000,\"id\":10}','{\"msg\":\"操作成功\",\"code\":200}',0,NULL,'2021-05-28 16:38:01'),(438,'企业信息',2,'com.ruoyi.recruit.controller.RecruitCompanyInfoController.edit()','PUT',1,'admin',NULL,'/recruit/info','127.0.0.1','内网IP','{\"params\":{},\"userId\":1,\"auditState\":2,\"id\":1}','{\"msg\":\"操作成功\",\"code\":200}',0,NULL,'2021-05-28 16:38:56'),(439,'企业信息',2,'com.ruoyi.recruit.controller.RecruitCompanyInfoController.edit()','PUT',1,'admin',NULL,'/recruit/info','127.0.0.1','内网IP','{\"params\":{},\"userId\":2,\"auditState\":3,\"id\":2}','{\"msg\":\"操作成功\",\"code\":200}',0,NULL,'2021-05-28 16:38:59'),(440,'教室',2,'com.ruoyi.recruit.controller.RecruitClassroomController.edit()','PUT',1,'admin',NULL,'/recruit/classroom','127.0.0.1','内网IP','{\"classroom\":\"博学楼101\",\"id\":1,\"place\":\"北校区博学楼1号楼\",\"params\":{},\"occupied\":1,\"capacity\":241}','{\"msg\":\"操作成功\",\"code\":200}',0,NULL,'2021-05-28 16:39:46'),(441,'用户管理',1,'com.ruoyi.web.controller.system.SysUserController.add()','POST',1,'admin',NULL,'/system/user','127.0.0.1','内网IP','{\"phonenumber\":\"18396301501\",\"admin\":false,\"password\":\"$2a$10$.B0MZ3N6I0deY6/VVO19ge0zLn/ca4K.mfceEx5MaljmFYlC9DPC6\",\"postIds\":[],\"email\":\"1192650760@11.com\",\"nickName\":\"李四\",\"sex\":\"0\",\"deptId\":103,\"params\":{},\"userName\":\"3171905213\",\"userId\":117,\"createBy\":\"admin\",\"roleIds\":[101],\"status\":\"0\"}','{\"msg\":\"操作成功\",\"code\":200}',0,NULL,'2021-05-31 16:05:48'),(442,'企业信息',2,'com.ruoyi.recruit.controller.RecruitCompanyInfoController.edit()','PUT',1,'123321',NULL,'/recruit/info','127.0.0.1','内网IP','{\"params\":{},\"userId\":118,\"auditState\":1,\"logo\":\"http://localhost:8080/profile/upload/2021/05/31/49b205d8-3c81-4524-be0f-4cbbdad9fc80.jpg\",\"id\":14}','{\"msg\":\"操作成功\",\"code\":200}',0,NULL,'2021-05-31 19:17:58'),(443,'企业信息',2,'com.ruoyi.recruit.controller.RecruitCompanyInfoController.edit()','PUT',1,'123321',NULL,'/recruit/info','127.0.0.1','内网IP','{\"params\":{},\"userId\":118,\"auditState\":1,\"license\":\"http://localhost:8080/profile/upload/2021/05/31/3c02dfc9-382e-4a00-baa4-0f69ee92fdda.png\",\"id\":14}','{\"msg\":\"操作成功\",\"code\":200}',0,NULL,'2021-05-31 19:18:06'),(444,'企业信息',2,'com.ruoyi.recruit.controller.RecruitCompanyInfoController.edit()','PUT',1,'admin',NULL,'/recruit/info','127.0.0.1','内网IP','{\"params\":{},\"userId\":118,\"auditState\":2,\"id\":14}','{\"msg\":\"操作成功\",\"code\":200}',0,NULL,'2021-05-31 19:19:34'),(445,'讲座申请',1,'com.ruoyi.recruit.controller.RecruitLectureController.add()','POST',1,'123321',NULL,'/recruit/lecture','127.0.0.1','内网IP','{\"companyName\":\"福建金科有限公司\",\"direct\":\"IT\",\"description\":\"本公司成立于1996年，是一家具有持续自主创新能力的专业平台型软件公司及行业应用解决方案供应商。公司主要致力于为金融证券、企业、教育及公共服务业提供以业务流程管理（BPM）为核心的信息化解决方案。在证券期货行业，公司已成长为领先的全业务解决方案供应商。\",\"classroom\":\"博学楼105\",\"params\":{},\"phone\":\"18514293987\",\"companyAddress\":\"福建省福州市鼓区天马路22号\",\"startTime\":1622649600000,\"id\":11}','{\"msg\":\"操作成功\",\"code\":200}',0,NULL,'2021-05-31 19:27:16'),(446,'讲座申请',2,'com.ruoyi.recruit.controller.RecruitLectureController.edit()','PUT',1,'admin',NULL,'/recruit/lecture','127.0.0.1','内网IP','{\"companyName\":\"福建金科有限公司\",\"direct\":\"IT\",\"description\":\"本公司成立于1996年，是一家具有持续自主创新能力的专业平台型软件公司及行业应用解决方案供应商。公司主要致力于为金融证券、企业、教育及公共服务业提供以业务流程管理（BPM）为核心的信息化解决方案。在证券期货行业，公司已成长为领先的全业务解决方案供应商。\",\"classroom\":\"博学楼105\",\"params\":{},\"auditState\":1,\"phone\":\"18514293987\",\"companyAddress\":\"福建省福州市鼓区天马路22号\",\"startTime\":1622649600000,\"id\":11}','{\"msg\":\"操作成功\",\"code\":200}',0,NULL,'2021-05-31 19:30:55'),(447,'用户头像',2,'com.ruoyi.web.controller.system.SysProfileController.avatar()','POST',1,'3171905213',NULL,'/system/user/profile/avatar','127.0.0.1','内网IP','','{\"msg\":\"操作成功\",\"imgUrl\":\"/profile/avatar/2021/05/31/250505bd-e1f3-4d55-9580-900c6bcddf9e.jpeg\",\"code\":200}',0,NULL,'2021-05-31 19:32:02'),(448,'个人信息',2,'com.ruoyi.web.controller.system.SysProfileController.updateProfile()','PUT',1,'3171905213',NULL,'/system/user/profile','127.0.0.1','内网IP','{\"roles\":[{\"flag\":false,\"roleId\":101,\"admin\":false,\"dataScope\":\"1\",\"params\":{},\"roleSort\":\"4\",\"deptCheckStrictly\":false,\"menuCheckStrictly\":false,\"roleKey\":\"student\",\"roleName\":\"学生\",\"status\":\"0\"}],\"phonenumber\":\"18396301501\",\"admin\":false,\"delFlag\":\"0\",\"loginIp\":\"\",\"email\":\"1192650760@qq.com\",\"nickName\":\"李四\",\"sex\":\"0\",\"deptId\":103,\"avatar\":\"/profile/avatar/2021/05/31/250505bd-e1f3-4d55-9580-900c6bcddf9e.jpeg\",\"dept\":{\"deptName\":\"计算机科学与技术专业\",\"leader\":\"若依\",\"deptId\":103,\"orderNum\":\"1\",\"params\":{},\"parentId\":101,\"children\":[],\"status\":\"0\"},\"params\":{},\"userName\":\"3171905213\",\"userId\":117,\"createBy\":\"admin\",\"createTime\":1622448348000,\"userType\":\"00\",\"status\":\"0\"}','{\"msg\":\"操作成功\",\"code\":200}',0,NULL,'2021-05-31 19:37:50'),(449,'学生简历信息',2,'com.ruoyi.recruit.controller.RecruitResumeController.edit()','PUT',1,'3171905213',NULL,'/recruit/resume','127.0.0.1','内网IP','{\"birthday\":\"1999.03\",\"highestEducation\":\"本科\",\"selfEvaluation\":\"本人具有一定的责任心、学习能力强\",\"minority\":\"汉族\",\"major\":\"计算机科学与技术\",\"id\":5,\"politicalOutlook\":\"党员\",\"email\":\"1192650769@qq。com\",\"height\":\"180cm\",\"jobIntention\":\"软件测试工程师\",\"sex\":\"0\",\"health\":\"良好\",\"weight\":\"75kg\",\"params\":{},\"userName\":\"李四\",\"userId\":113,\"url\":\"http://localhost:8080/profile/upload/2021/05/10/ca13d25b-8612-4ce8-99d9-ad4a9c399045.doc\",\"postalAddress\":\"福建省福州市闽侯县福建工程学院北区\",\"phone\":\"18396301501\",\"awards\":\"无\",\"currentResidence\":\"福建省福州市闽侯县福建工程学院北区\",\"professionalCourses\":\"软件测试、java、数据结构、数据库\"}','{\"msg\":\"操作成功\",\"code\":200}',0,NULL,'2021-05-31 19:39:18'),(450,'学生简历信息',2,'com.ruoyi.recruit.controller.RecruitResumeController.edit()','PUT',1,'3171905213',NULL,'/recruit/resume','127.0.0.1','内网IP','{\"id\":5,\"params\":{},\"url\":\"http://localhost:8080/profile/upload/2021/05/31/bdc0ce3e-a957-467a-8f62-843268652163.doc\"}','{\"msg\":\"操作成功\",\"code\":200}',0,NULL,'2021-05-31 19:39:50'),(451,'企业信息',2,'com.ruoyi.recruit.controller.RecruitCompanyInfoController.edit()','PUT',1,'admin',NULL,'/recruit/info','127.0.0.1','内网IP','{\"params\":{},\"userId\":118,\"auditState\":2,\"id\":14}','{\"msg\":\"操作成功\",\"code\":200}',0,NULL,'2021-05-31 19:49:13'),(452,'企业信息',2,'com.ruoyi.recruit.controller.RecruitCompanyInfoController.edit()','PUT',1,'admin',NULL,'/recruit/info','127.0.0.1','内网IP','{\"params\":{},\"userId\":118,\"auditState\":3,\"id\":14}','{\"msg\":\"操作成功\",\"code\":200}',0,NULL,'2021-05-31 19:49:15'),(453,'企业信息',2,'com.ruoyi.recruit.controller.RecruitCompanyInfoController.edit()','PUT',1,'admin',NULL,'/recruit/info','127.0.0.1','内网IP','{\"params\":{},\"userId\":118,\"auditState\":2,\"id\":14}','{\"msg\":\"操作成功\",\"code\":200}',0,NULL,'2021-05-31 19:49:23'),(454,'招聘岗位',1,'com.ruoyi.recruit.controller.RecruitPositionController.add()','POST',1,'123321',NULL,'/recruit/position','127.0.0.1','内网IP','{\"validDate\":1622822400000,\"phonenumber\":\"15080321188\",\"workCity\":\"福州\",\"id\":1022,\"quantity\":5,\"releaseDate\":1622390400000,\"requirement\":\"具有一定的测试能力，计算机类专业\",\"params\":{},\"companyId\":14,\"salaryDown\":6000,\"name\":\"软件测试工程师\",\"salaryUp\":4000,\"status\":1}','{\"msg\":\"操作成功\",\"code\":200}',0,NULL,'2021-05-31 19:54:13'),(455,'招聘岗位',2,'com.ruoyi.recruit.controller.RecruitPositionController.edit()','PUT',1,'admin',NULL,'/recruit/position','127.0.0.1','内网IP','{\"validDate\":1622822400000,\"phonenumber\":\"15080321188\",\"auditState\":1,\"workCity\":\"福州\",\"company\":{\"address\":\"福建省福州市鼓区天马路22号\",\"nature\":0,\"phonenumber\":\"18514293987\",\"description\":\"很好\",\"hot\":0,\"params\":{},\"auditState\":2,\"license\":\"http://localhost:8080/profile/upload/2021/05/31/3c02dfc9-382e-4a00-baa4-0f69ee92fdda.png\",\"name\":\"福建金科有限公司\",\"logo\":\"http://localhost:8080/profile/upload/2021/05/31/49b205d8-3c81-4524-be0f-4cbbdad9fc80.jpg\",\"id\":1022},\"id\":1022,\"quantity\":5,\"releaseDate\":1622390400000,\"requirement\":\"具有一定的测试能力，计算机类专业\",\"params\":{},\"companyId\":14,\"salaryDown\":6000,\"name\":\"软件测试工程师\",\"category\":{\"params\":{},\"categoryName\":\"区块链\",\"parentId\":4,\"parentCategory\":{\"description\":\"大数据技术大分类\",\"params\":{},\"categoryName\":\"大数据\"},\"id\":17},\"categoryId\":17,\"salaryUp\":4000,\"status\":1}','{\"msg\":\"操作成功\",\"code\":200}',0,NULL,'2021-05-31 19:54:46'),(456,'简历投递信息',1,'com.ruoyi.recruit.controller.RecruitDeliveryController.add()','POST',1,'3171905213',NULL,'/recruit/delivery','127.0.0.1','内网IP','{\"companyName\":\"福建金科有限公司\",\"params\":{},\"userName\":\"3171905213\",\"userId\":117,\"positionName\":\"软件测试工程师\",\"companyId\":14,\"positionId\":1022,\"id\":27}','{\"msg\":\"操作成功\",\"code\":200}',0,NULL,'2021-05-31 19:57:41'),(457,'个人信息',2,'com.ruoyi.web.controller.system.SysProfileController.updateProfile()','PUT',1,'admin',NULL,'/system/user/profile','127.0.0.1','内网IP','{\"roles\":[{\"flag\":false,\"roleId\":1,\"admin\":true,\"dataScope\":\"1\",\"params\":{},\"roleSort\":\"1\",\"deptCheckStrictly\":false,\"menuCheckStrictly\":false,\"roleKey\":\"admin\",\"roleName\":\"超级管理员\",\"status\":\"0\"}],\"phonenumber\":\"15888888888\",\"admin\":true,\"loginDate\":1621261384000,\"remark\":\"管理员\",\"delFlag\":\"0\",\"loginIp\":\"127.0.0.1\",\"email\":\"ry@163.com\",\"nickName\":\"**大学\",\"sex\":\"1\",\"deptId\":103,\"avatar\":\"/profile/avatar/2021/05/18/c4e3dfbe-0bc2-434f-81cb-bd6d908529c5.jpeg\",\"dept\":{\"deptName\":\"计算机科学与技术专业\",\"leader\":\"若依\",\"deptId\":103,\"orderNum\":\"1\",\"params\":{},\"parentId\":101,\"children\":[],\"status\":\"0\"},\"params\":{},\"userName\":\"admin\",\"userId\":1,\"createBy\":\"admin\",\"createTime\":1621261384000,\"userType\":\"00\",\"status\":\"0\"}','{\"msg\":\"操作成功\",\"code\":200}',0,NULL,'2021-05-31 20:18:32'),(458,'学生简历信息',2,'com.ruoyi.recruit.controller.RecruitResumeController.edit()','PUT',1,'3171905213',NULL,'/recruit/resume','127.0.0.1','内网IP','{\"birthday\":\"1999.03\",\"highestEducation\":\"本科\",\"selfEvaluation\":\"本人具有一定的责任心、学习能力强\",\"minority\":\"汉族\",\"major\":\"计算机科学与技术\",\"id\":5,\"politicalOutlook\":\"党员\",\"email\":\"1192650760@qq.com\",\"height\":\"180cm\",\"jobIntention\":\"软件测试工程师\",\"sex\":\"0\",\"health\":\"良好\",\"weight\":\"75kg\",\"params\":{},\"userName\":\"李四\",\"userId\":113,\"url\":\"http://localhost:8080/profile/upload/2021/05/31/bdc0ce3e-a957-467a-8f62-843268652163.doc\",\"postalAddress\":\"福建省福州市闽侯县福建工程学院北区\",\"phone\":\"18396301501\",\"awards\":\"无\",\"currentResidence\":\"福建省福州市闽侯县福建工程学院北区\",\"professionalCourses\":\"软件测试、java、数据结构、数据库\"}','{\"msg\":\"操作成功\",\"code\":200}',0,NULL,'2021-05-31 20:19:28'),(459,'个人信息',2,'com.ruoyi.web.controller.system.SysProfileController.updateProfile()','PUT',1,'3171905213',NULL,'/system/user/profile','127.0.0.1','内网IP','{\"roles\":[{\"flag\":false,\"roleId\":101,\"admin\":false,\"dataScope\":\"1\",\"params\":{},\"roleSort\":\"4\",\"deptCheckStrictly\":false,\"menuCheckStrictly\":false,\"roleKey\":\"student\",\"roleName\":\"学生\",\"status\":\"0\"}],\"phonenumber\":\"18396301501\",\"admin\":false,\"delFlag\":\"0\",\"loginIp\":\"\",\"email\":\"1192650760@qq.com\",\"nickName\":\"王山\",\"sex\":\"0\",\"deptId\":103,\"avatar\":\"/profile/avatar/2021/05/31/250505bd-e1f3-4d55-9580-900c6bcddf9e.jpeg\",\"dept\":{\"deptName\":\"计算机科学与技术专业\",\"leader\":\"若依\",\"deptId\":103,\"orderNum\":\"1\",\"params\":{},\"parentId\":101,\"children\":[],\"status\":\"0\"},\"params\":{},\"userName\":\"3171905213\",\"userId\":117,\"createBy\":\"admin\",\"createTime\":1622448348000,\"userType\":\"00\",\"status\":\"0\"}','{\"msg\":\"操作成功\",\"code\":200}',0,NULL,'2021-05-31 20:28:39'),(460,'学生简历信息',2,'com.ruoyi.recruit.controller.RecruitResumeController.edit()','PUT',1,'3171905213',NULL,'/recruit/resume','127.0.0.1','内网IP','{\"birthday\":\"1999.03\",\"highestEducation\":\"本科\",\"selfEvaluation\":\"本人具有一定的责任心、学习能力强\",\"minority\":\"汉族\",\"major\":\"计算机科学与技术\",\"id\":5,\"politicalOutlook\":\"党员\",\"email\":\"1192650760@qq.com\",\"height\":\"180cm\",\"jobIntention\":\"软件测试工程师\",\"sex\":\"0\",\"health\":\"良好\",\"weight\":\"75kg\",\"params\":{},\"userName\":\"王山\",\"userId\":113,\"url\":\"http://localhost:8080/profile/upload/2021/05/31/bdc0ce3e-a957-467a-8f62-843268652163.doc\",\"postalAddress\":\"福建省福州市闽侯县福建工程学院北区\",\"phone\":\"18396301501\",\"awards\":\"无\",\"currentResidence\":\"福建省福州市闽侯县福建工程学院北区\",\"professionalCourses\":\"软件测试、java、数据结构、数据库\"}','{\"msg\":\"操作失败\",\"code\":500}',0,NULL,'2021-05-31 20:28:52'),(461,'学生简历信息',2,'com.ruoyi.recruit.controller.RecruitResumeController.edit()','PUT',1,'3171905213',NULL,'/recruit/resume','127.0.0.1','内网IP','{\"birthday\":\"1999.03\",\"highestEducation\":\"本科\",\"selfEvaluation\":\"本人具有一定的责任心、学习能力强\",\"minority\":\"汉族\",\"major\":\"计算机科学与技术\",\"id\":5,\"politicalOutlook\":\"党员\",\"email\":\"1192650760@qq.com\",\"height\":\"180cm\",\"jobIntention\":\"软件测试工程师\",\"sex\":\"0\",\"health\":\"良好\",\"weight\":\"75kg\",\"params\":{},\"userName\":\"王山\",\"userId\":113,\"url\":\"http://localhost:8080/profile/upload/2021/05/31/bdc0ce3e-a957-467a-8f62-843268652163.doc\",\"postalAddress\":\"福建省福州市闽侯县福建工程学院北区\",\"phone\":\"18396301501\",\"awards\":\"无\",\"currentResidence\":\"福建省福州市闽侯县福建工程学院北区\",\"professionalCourses\":\"软件测试、java、数据结构、数据库\"}','{\"msg\":\"操作失败\",\"code\":500}',0,NULL,'2021-05-31 20:29:02'),(462,'企业信息',2,'com.ruoyi.recruit.controller.RecruitCompanyInfoController.edit()','PUT',1,'123321',NULL,'/recruit/info','127.0.0.1','内网IP','{\"params\":{},\"userId\":119,\"auditState\":1,\"logo\":\"http://localhost:8080/profile/upload/2021/05/31/2cc53f7b-0462-4804-95de-ac8a44f73929.jpg\",\"id\":15}','{\"msg\":\"操作成功\",\"code\":200}',0,NULL,'2021-05-31 20:37:30'),(463,'企业信息',2,'com.ruoyi.recruit.controller.RecruitCompanyInfoController.edit()','PUT',1,'123321',NULL,'/recruit/info','127.0.0.1','内网IP','{\"params\":{},\"userId\":119,\"auditState\":1,\"license\":\"http://localhost:8080/profile/upload/2021/05/31/81a59e15-2b91-424b-9c25-9b6d84e7514b.png\",\"id\":15}','{\"msg\":\"操作成功\",\"code\":200}',0,NULL,'2021-05-31 20:37:38'),(464,'企业信息',3,'com.ruoyi.recruit.controller.RecruitCompanyInfoController.remove()','DELETE',1,'admin',NULL,'/recruit/info/14','127.0.0.1','内网IP','{ids=14}','null',1,'\r\n### Error updating database.  Cause: java.sql.SQLIntegrityConstraintViolationException: Cannot delete or update a parent row: a foreign key constraint fails (`recruit`.`recruit_position`, CONSTRAINT `recruit_position_ibfk_1` FOREIGN KEY (`company_id`) REFERENCES `recruit_company_info` (`id`))\r\n### The error may exist in file [E:\\校园招聘系统\\recruit-api\\root-recruit\\target\\classes\\mapper\\recruit\\RecruitCompanyInfoMapper.xml]\r\n### The error may involve com.ruoyi.recruit.mapper.RecruitCompanyInfoMapper.deleteRecruitCompanyInfoByIds-Inline\r\n### The error occurred while setting parameters\r\n### SQL: delete from recruit_company_info where id in          (               ?          )\r\n### Cause: java.sql.SQLIntegrityConstraintViolationException: Cannot delete or update a parent row: a foreign key constraint fails (`recruit`.`recruit_position`, CONSTRAINT `recruit_position_ibfk_1` FOREIGN KEY (`company_id`) REFERENCES `recruit_company_info` (`id`))\n; Cannot delete or update a parent row: a foreign key constraint fails (`recruit`.`recruit_position`, CONSTRAINT `recruit_position_ibfk_1` FOREIGN KEY (`company_id`) REFERENCES `recruit_company_info` (`id`)); nested exception is java.sql.SQLIntegrityConstraintViolationException: Cannot delete or update a parent row: a foreign key constraint fails (`recruit`.`recruit_position`, CONSTRAINT `recruit_position_ibfk_1` FOREIGN KEY (`company_id`) REFERENCES `recruit_company_info` (`id`))','2021-05-31 20:38:12'),(465,'企业信息',3,'com.ruoyi.recruit.controller.RecruitCompanyInfoController.remove()','DELETE',1,'admin',NULL,'/recruit/info/14','127.0.0.1','内网IP','{ids=14}','null',1,'\r\n### Error updating database.  Cause: java.sql.SQLIntegrityConstraintViolationException: Cannot delete or update a parent row: a foreign key constraint fails (`recruit`.`recruit_position`, CONSTRAINT `recruit_position_ibfk_1` FOREIGN KEY (`company_id`) REFERENCES `recruit_company_info` (`id`))\r\n### The error may exist in file [E:\\校园招聘系统\\recruit-api\\root-recruit\\target\\classes\\mapper\\recruit\\RecruitCompanyInfoMapper.xml]\r\n### The error may involve com.ruoyi.recruit.mapper.RecruitCompanyInfoMapper.deleteRecruitCompanyInfoByIds-Inline\r\n### The error occurred while setting parameters\r\n### SQL: delete from recruit_company_info where id in          (               ?          )\r\n### Cause: java.sql.SQLIntegrityConstraintViolationException: Cannot delete or update a parent row: a foreign key constraint fails (`recruit`.`recruit_position`, CONSTRAINT `recruit_position_ibfk_1` FOREIGN KEY (`company_id`) REFERENCES `recruit_company_info` (`id`))\n; Cannot delete or update a parent row: a foreign key constraint fails (`recruit`.`recruit_position`, CONSTRAINT `recruit_position_ibfk_1` FOREIGN KEY (`company_id`) REFERENCES `recruit_company_info` (`id`)); nested exception is java.sql.SQLIntegrityConstraintViolationException: Cannot delete or update a parent row: a foreign key constraint fails (`recruit`.`recruit_position`, CONSTRAINT `recruit_position_ibfk_1` FOREIGN KEY (`company_id`) REFERENCES `recruit_company_info` (`id`))','2021-05-31 20:39:43'),(466,'企业信息',3,'com.ruoyi.recruit.controller.RecruitCompanyInfoController.remove()','DELETE',1,'admin',NULL,'/recruit/info/15','127.0.0.1','内网IP','{ids=15}','{\"msg\":\"操作成功\",\"code\":200}',0,NULL,'2021-05-31 20:39:57'),(467,'企业信息',3,'com.ruoyi.recruit.controller.RecruitCompanyInfoController.remove()','DELETE',1,'admin',NULL,'/recruit/info/14','127.0.0.1','内网IP','{ids=14}','null',1,'\r\n### Error updating database.  Cause: java.sql.SQLIntegrityConstraintViolationException: Cannot delete or update a parent row: a foreign key constraint fails (`recruit`.`recruit_position`, CONSTRAINT `recruit_position_ibfk_1` FOREIGN KEY (`company_id`) REFERENCES `recruit_company_info` (`id`))\r\n### The error may exist in file [D:\\Program Files\\JetBrains\\新建文件夹\\毕业设计\\ruoyi\\recruit\\recruit-api\\root-recruit\\target\\classes\\mapper\\recruit\\RecruitCompanyInfoMapper.xml]\r\n### The error may involve com.ruoyi.recruit.mapper.RecruitCompanyInfoMapper.deleteRecruitCompanyInfoByIds-Inline\r\n### The error occurred while setting parameters\r\n### SQL: delete from recruit_company_info where id in          (               ?          )\r\n### Cause: java.sql.SQLIntegrityConstraintViolationException: Cannot delete or update a parent row: a foreign key constraint fails (`recruit`.`recruit_position`, CONSTRAINT `recruit_position_ibfk_1` FOREIGN KEY (`company_id`) REFERENCES `recruit_company_info` (`id`))\n; Cannot delete or update a parent row: a foreign key constraint fails (`recruit`.`recruit_position`, CONSTRAINT `recruit_position_ibfk_1` FOREIGN KEY (`company_id`) REFERENCES `recruit_company_info` (`id`)); nested exception is java.sql.SQLIntegrityConstraintViolationException: Cannot delete or update a parent row: a foreign key constraint fails (`recruit`.`recruit_position`, CONSTRAINT `recruit_position_ibfk_1` FOREIGN KEY (`company_id`) REFERENCES `recruit_company_info` (`id`))','2021-05-31 20:40:12'),(468,'企业信息',3,'com.ruoyi.recruit.controller.RecruitCompanyInfoController.remove()','DELETE',1,'admin',NULL,'/recruit/info/14','127.0.0.1','内网IP','{ids=14}','null',1,'\r\n### Error updating database.  Cause: java.sql.SQLIntegrityConstraintViolationException: Cannot delete or update a parent row: a foreign key constraint fails (`recruit`.`recruit_position`, CONSTRAINT `recruit_position_ibfk_1` FOREIGN KEY (`company_id`) REFERENCES `recruit_company_info` (`id`))\r\n### The error may exist in file [D:\\Program Files\\JetBrains\\新建文件夹\\毕业设计\\ruoyi\\recruit\\recruit-api\\root-recruit\\target\\classes\\mapper\\recruit\\RecruitCompanyInfoMapper.xml]\r\n### The error may involve com.ruoyi.recruit.mapper.RecruitCompanyInfoMapper.deleteRecruitCompanyInfoByIds-Inline\r\n### The error occurred while setting parameters\r\n### SQL: delete from recruit_company_info where id in          (               ?          )\r\n### Cause: java.sql.SQLIntegrityConstraintViolationException: Cannot delete or update a parent row: a foreign key constraint fails (`recruit`.`recruit_position`, CONSTRAINT `recruit_position_ibfk_1` FOREIGN KEY (`company_id`) REFERENCES `recruit_company_info` (`id`))\n; Cannot delete or update a parent row: a foreign key constraint fails (`recruit`.`recruit_position`, CONSTRAINT `recruit_position_ibfk_1` FOREIGN KEY (`company_id`) REFERENCES `recruit_company_info` (`id`)); nested exception is java.sql.SQLIntegrityConstraintViolationException: Cannot delete or update a parent row: a foreign key constraint fails (`recruit`.`recruit_position`, CONSTRAINT `recruit_position_ibfk_1` FOREIGN KEY (`company_id`) REFERENCES `recruit_company_info` (`id`))','2021-05-31 20:40:20'),(469,'用户管理',1,'com.ruoyi.web.controller.system.SysUserController.add()','POST',1,'admin',NULL,'/system/user','127.0.0.1','内网IP','{\"phonenumber\":\"18396301501\",\"admin\":false,\"remark\":\"无\",\"password\":\"$2a$10$LULerr0cAvEZCTPb3hMUEeKY2Vczvu5l.BCyVY5Gybd5npggux8eq\",\"postIds\":[],\"email\":\"1192650769@qq.com\",\"nickName\":\"王山\",\"sex\":\"0\",\"deptId\":103,\"params\":{},\"userName\":\"3171905213\",\"userId\":120,\"createBy\":\"admin\",\"roleIds\":[101],\"status\":\"0\"}','{\"msg\":\"操作成功\",\"code\":200}',0,NULL,'2021-05-31 21:00:59'),(470,'学生简历信息',1,'com.ruoyi.recruit.controller.RecruitResumeController.add()','POST',1,'3171905213',NULL,'/recruit/resume','127.0.0.1','内网IP','{\"birthday\":\"1999.03\",\"highestEducation\":\"本科\",\"selfEvaluation\":\"本人从责任心强，具有一定的学习能力\",\"minority\":\"汉族\",\"major\":\"计算机科学与技术\",\"id\":7,\"politicalOutlook\":\"党员\",\"email\":\"1192650769@qq.com\",\"height\":\"180cm\",\"jobIntention\":\"软件测试工程师\",\"sex\":\"0\",\"health\":\"良好\",\"weight\":\"75kg\",\"params\":{},\"userName\":\"王山\",\"userId\":120,\"postalAddress\":\"福建省福州市闽侯县福建工程学院北区\",\"phone\":\"18396301501\",\"awards\":\"无\",\"currentResidence\":\"福建省福州市闽侯县福建工程学院北区\",\"professionalCourses\":\"软件测试、java、数据结构、数据库\"}','{\"msg\":\"操作成功\",\"code\":200}',0,NULL,'2021-05-31 21:16:12'),(471,'学生简历信息',2,'com.ruoyi.recruit.controller.RecruitResumeController.edit()','PUT',1,'3171905213',NULL,'/recruit/resume','127.0.0.1','内网IP','{\"params\":{},\"url\":\"http://localhost:8080/profile/upload/2021/05/31/7cfb2a4e-9a18-4c66-87b9-992b022f4662.doc\"}','{\"msg\":\"操作失败\",\"code\":500}',0,NULL,'2021-05-31 21:16:39'),(472,'简历投递信息',1,'com.ruoyi.recruit.controller.RecruitDeliveryController.add()','POST',1,'3171905213',NULL,'/recruit/delivery','127.0.0.1','内网IP','{\"companyName\":\"福建金科有限公司\",\"params\":{},\"userName\":\"3171905213\",\"userId\":120,\"positionName\":\"软件测试工程师\",\"companyId\":14,\"positionId\":1022,\"id\":28}','{\"msg\":\"操作成功\",\"code\":200}',0,NULL,'2021-05-31 21:17:02'),(473,'简历投递信息',2,'com.ruoyi.recruit.controller.RecruitDeliveryController.edit()','PUT',1,'123321',NULL,'/recruit/delivery','127.0.0.1','内网IP','{\"params\":{},\"id\":28,\"status\":1}','{\"msg\":\"操作成功\",\"code\":200}',0,NULL,'2021-05-31 21:21:10'),(474,'用户管理',5,'com.ruoyi.web.controller.system.SysUserController.export()','GET',1,'admin',NULL,'/system/user/export','127.0.0.1','内网IP','{}','{\"msg\":\"48b899fa-9cd2-44e7-8f12-e24d2203abf7_用户数据.xlsx\",\"code\":200}',0,NULL,'2021-06-06 12:49:53'),(475,'部门管理',2,'com.ruoyi.web.controller.system.SysDeptController.edit()','PUT',1,'admin',NULL,'/system/dept','127.0.0.1','内网IP','{\"deptName\":\"**大学\",\"leader\":\"若依\",\"deptId\":100,\"orderNum\":\"0\",\"delFlag\":\"0\",\"params\":{},\"parentId\":0,\"createBy\":\"admin\",\"children\":[],\"createTime\":1616577343000,\"phone\":\"15888888888\",\"updateBy\":\"admin\",\"ancestors\":\"0\",\"email\":\"ry@qq.com\",\"status\":\"0\"}','{\"msg\":\"操作成功\",\"code\":200}',0,NULL,'2021-06-06 12:56:20'),(476,'学生简历信息',2,'com.ruoyi.recruit.controller.RecruitResumeController.edit()','PUT',1,'3171905213',NULL,'/recruit/resume','127.0.0.1','内网IP','{\"id\":7,\"params\":{},\"url\":\"http://localhost:8080/profile/upload/2021/06/06/bdb80bef-872c-4c83-88b1-0a51ce4ef015.doc\"}','{\"msg\":\"操作成功\",\"code\":200}',0,NULL,'2021-06-06 13:00:11'),(477,'企业信息',2,'com.ruoyi.recruit.controller.RecruitCompanyInfoController.edit()','PUT',1,'admin',NULL,'/recruit/info','127.0.0.1','内网IP','{\"params\":{},\"userId\":118,\"auditState\":2,\"id\":14}','{\"msg\":\"操作成功\",\"code\":200}',0,NULL,'2021-06-08 13:11:41'),(478,'菜单管理',2,'com.ruoyi.web.controller.system.SysMenuController.edit()','PUT',1,'admin',NULL,'/system/menu','127.0.0.1','内网IP','{\"visible\":\"1\",\"icon\":\"post\",\"orderNum\":\"5\",\"menuName\":\"岗位管理\",\"params\":{},\"parentId\":1,\"isCache\":\"0\",\"path\":\"post\",\"component\":\"system/post/index\",\"children\":[],\"createTime\":1616577350000,\"updateBy\":\"admin\",\"isFrame\":\"1\",\"menuId\":104,\"menuType\":\"C\",\"perms\":\"system:post:list\",\"status\":\"0\"}','{\"msg\":\"操作成功\",\"code\":200}',0,NULL,'2021-06-08 20:01:16'),(479,'菜单管理',2,'com.ruoyi.web.controller.system.SysMenuController.edit()','PUT',1,'admin',NULL,'/system/menu','127.0.0.1','内网IP','{\"visible\":\"0\",\"icon\":\"post\",\"orderNum\":\"5\",\"menuName\":\"岗位管理\",\"params\":{},\"parentId\":1,\"isCache\":\"0\",\"path\":\"post\",\"component\":\"system/post/index\",\"children\":[],\"createTime\":1616577350000,\"updateBy\":\"admin\",\"isFrame\":\"1\",\"menuId\":104,\"menuType\":\"C\",\"perms\":\"system:post:list\",\"status\":\"0\"}','{\"msg\":\"操作成功\",\"code\":200}',0,NULL,'2021-06-08 20:08:07'),(480,'岗位管理',1,'com.ruoyi.web.controller.system.SysPostController.add()','POST',1,'admin',NULL,'/system/post','127.0.0.1','内网IP','{\"postSort\":\"0\",\"flag\":false,\"postId\":7,\"params\":{},\"createBy\":\"admin\",\"postName\":\"软件测试工程师\",\"postCode\":\"rc\",\"status\":\"0\"}','{\"msg\":\"操作成功\",\"code\":200}',0,NULL,'2021-06-08 20:09:07'),(481,'岗位管理',1,'com.ruoyi.web.controller.system.SysPostController.add()','POST',1,'admin',NULL,'/system/post','127.0.0.1','内网IP','{\"postSort\":\"0\",\"flag\":false,\"postId\":8,\"params\":{},\"createBy\":\"admin\",\"postName\":\"售前工程师\",\"postCode\":\"sq\",\"status\":\"0\"}','{\"msg\":\"操作成功\",\"code\":200}',0,NULL,'2021-06-08 20:09:35'),(482,'岗位管理',1,'com.ruoyi.web.controller.system.SysPostController.add()','POST',1,'admin',NULL,'/system/post','127.0.0.1','内网IP','{\"postSort\":\"0\",\"flag\":false,\"postId\":9,\"params\":{},\"createBy\":\"admin\",\"postName\":\"php工程师\",\"postCode\":\"php\",\"status\":\"0\"}','{\"msg\":\"操作成功\",\"code\":200}',0,NULL,'2021-06-08 20:11:08'),(483,'菜单管理',2,'com.ruoyi.web.controller.system.SysMenuController.edit()','PUT',1,'admin',NULL,'/system/menu','127.0.0.1','内网IP','{\"visible\":\"1\",\"icon\":\"post\",\"orderNum\":\"5\",\"menuName\":\"岗位管理\",\"params\":{},\"parentId\":1,\"isCache\":\"0\",\"path\":\"post\",\"component\":\"system/post/index\",\"children\":[],\"createTime\":1616577350000,\"updateBy\":\"admin\",\"isFrame\":\"1\",\"menuId\":104,\"menuType\":\"C\",\"perms\":\"system:post:list\",\"status\":\"0\"}','{\"msg\":\"操作成功\",\"code\":200}',0,NULL,'2021-06-08 20:12:40'),(484,'菜单管理',3,'com.ruoyi.web.controller.system.SysMenuController.remove()','DELETE',1,'admin',NULL,'/system/menu/104','127.0.0.1','内网IP','{menuId=104}','{\"msg\":\"存在子菜单,不允许删除\",\"code\":500}',0,NULL,'2021-06-08 20:22:23'),(485,'用户管理',1,'com.ruoyi.web.controller.system.SysUserController.add()','POST',1,'admin',NULL,'/system/user','127.0.0.1','内网IP','{\"phonenumber\":\"18396301500\",\"admin\":false,\"password\":\"$2a$10$aNutzrXUPC2Em0bLFK87z./6EocKSbzbuhqfPRchyD24QHWC/1J3e\",\"postIds\":[],\"email\":\"1192650760@qq.com\",\"nickName\":\"李易峰\",\"sex\":\"0\",\"deptId\":103,\"params\":{},\"userName\":\"3171905201\",\"userId\":121,\"createBy\":\"admin\",\"roleIds\":[101],\"status\":\"0\"}','{\"msg\":\"操作成功\",\"code\":200}',0,NULL,'2021-06-08 20:33:15'),(486,'用户管理',1,'com.ruoyi.web.controller.system.SysUserController.add()','POST',1,'admin',NULL,'/system/user','127.0.0.1','内网IP','{\"phonenumber\":\"18396301502\",\"admin\":false,\"password\":\"$2a$10$Nsfo5J73R7iYcS1GeNa9rur90xfrMUu1BspjZsNg0/cIkrYDKnQjK\",\"postIds\":[],\"email\":\"1192650761@qq.com\",\"nickName\":\"刘亦菲\",\"sex\":\"1\",\"deptId\":103,\"params\":{},\"userName\":\"3171905202\",\"userId\":122,\"createBy\":\"admin\",\"roleIds\":[101],\"status\":\"0\"}','{\"msg\":\"操作成功\",\"code\":200}',0,NULL,'2021-06-08 20:34:47'),(487,'用户管理',1,'com.ruoyi.web.controller.system.SysUserController.add()','POST',1,'admin',NULL,'/system/user','127.0.0.1','内网IP','{\"phonenumber\":\"18396301503\",\"admin\":false,\"password\":\"$2a$10$xnhpajUjzRPyBCdkbP15zuw1vXO9ruPnyYZvWJepC2pcflbpQQRF2\",\"postIds\":[],\"email\":\"1192650762@qq.com\",\"nickName\":\"蓝阿花\",\"sex\":\"1\",\"deptId\":103,\"params\":{},\"userName\":\"3171905203\",\"userId\":123,\"createBy\":\"admin\",\"roleIds\":[101],\"status\":\"0\"}','{\"msg\":\"操作成功\",\"code\":200}',0,NULL,'2021-06-08 20:37:16'),(488,'用户管理',5,'com.ruoyi.web.controller.system.SysUserController.export()','GET',1,'admin',NULL,'/system/user/export','127.0.0.1','内网IP','{}','{\"msg\":\"cf19c111-2131-4925-acdd-f05632fc8a0a_用户数据.xlsx\",\"code\":200}',0,NULL,'2021-06-08 20:37:32'),(489,'用户管理',6,'com.ruoyi.web.controller.system.SysUserController.importData()','POST',1,'admin',NULL,'/system/user/importData','127.0.0.1','内网IP','false','null',1,'很抱歉，导入失败！共 1 条数据格式不正确，错误如下：<br/>1、账号 3171905213 已存在','2021-06-08 21:00:18'),(490,'用户管理',6,'com.ruoyi.web.controller.system.SysUserController.importData()','POST',1,'admin',NULL,'/system/user/importData','127.0.0.1','内网IP','false','null',1,'很抱歉，导入失败！共 45 条数据格式不正确，错误如下：<br/>1、账号 3171905204 已存在<br/>2、账号 3171905205 已存在<br/>3、账号 3171905206 已存在<br/>4、账号 3171905207 已存在<br/>5、账号 3171905208 已存在<br/>6、账号 3171905209 已存在<br/>7、账号 3171905210 已存在<br/>8、账号 3171905211 已存在<br/>9、账号 3171905212 已存在<br/>10、账号 3171905213 已存在<br/>11、账号 3171905214 已存在<br/>12、账号 3171905215 已存在<br/>13、账号 3171905216 已存在<br/>14、账号 3171905217 已存在<br/>15、账号 3171905218 已存在<br/>16、账号 3171905219 已存在<br/>17、账号 3171905220 已存在<br/>18、账号 3171905221 已存在<br/>19、账号 3171905222 已存在<br/>20、账号 3171905223 已存在<br/>21、账号 3171905224 已存在<br/>22、账号 3171905225 已存在<br/>23、账号 3171905226 已存在<br/>24、账号 3171905227 已存在<br/>25、账号 3171905228 已存在<br/>26、账号 3171905229 已存在<br/>27、账号 3171905230 已存在<br/>28、账号 3171905231 已存在<br/>29、账号 3171905232 已存在<br/>30、账号 3171905233 已存在<br/>31、账号 3171905234 已存在<br/>32、账号 3171905235 已存在<br/>33、账号 3171905236 已存在<br/>34、账号 3171905237 已存在<br/>35、账号 3171905238 已存在<br/>36、账号 3171905239 已存在<br/>37、账号 3171905240 已存在<br/>38、账号 3171905241 已存在<br/>39、账号 3171905242 已存在<br/>40、账号 3171905243 已存在<br/>41、账号 3171905244 已存在<br/>42、账号 3171905245 已存在<br/>43、账号 3171905246 已存在<br/>44、账号 3171905247 已存在<br/>45、账号 3171905248 已存在','2021-06-08 21:00:39'),(491,'用户管理',6,'com.ruoyi.web.controller.system.SysUserController.importData()','POST',1,'admin',NULL,'/system/user/importData','127.0.0.1','内网IP','false','null',1,'很抱歉，导入失败！共 1 条数据格式不正确，错误如下：<br/>1、账号 3171905213 已存在','2021-06-08 21:49:38'),(492,'用户管理',2,'com.ruoyi.web.controller.system.SysUserController.edit()','PUT',1,'admin',NULL,'/system/user','127.0.0.1','内网IP','{\"roles\":[{\"flag\":false,\"roleId\":101,\"admin\":false,\"dataScope\":\"1\",\"params\":{},\"roleSort\":\"4\",\"deptCheckStrictly\":false,\"menuCheckStrictly\":false,\"roleKey\":\"student\",\"roleName\":\"学生\",\"status\":\"0\"}],\"phonenumber\":\"18396301505\",\"admin\":false,\"delFlag\":\"0\",\"password\":\"$2a$10$zLL1s/wlwqNgikcAwK5HVOzqua67gRiayKKz.VIBpZWRY6S9e5HQK\",\"updateBy\":\"admin\",\"postIds\":[],\"loginIp\":\"\",\"email\":\"1192650764@qq.com\",\"nickName\":\"蓝一华\",\"sex\":\"0\",\"deptId\":103,\"avatar\":\"\",\"params\":{},\"userName\":\"3171905205\",\"userId\":125,\"createBy\":\"admin\",\"roleIds\":[101],\"createTime\":1623160162000,\"userType\":\"00\",\"status\":\"0\"}','{\"msg\":\"操作成功\",\"code\":200}',0,NULL,'2021-06-08 22:00:52'),(493,'用户管理',2,'com.ruoyi.web.controller.system.SysUserController.edit()','PUT',1,'admin',NULL,'/system/user','127.0.0.1','内网IP','{\"roles\":[{\"flag\":false,\"roleId\":101,\"admin\":false,\"dataScope\":\"1\",\"params\":{},\"roleSort\":\"4\",\"deptCheckStrictly\":false,\"menuCheckStrictly\":false,\"roleKey\":\"student\",\"roleName\":\"学生\",\"status\":\"0\"}],\"phonenumber\":\"18396301502\",\"admin\":false,\"delFlag\":\"0\",\"password\":\"111111\",\"postIds\":[],\"loginIp\":\"\",\"email\":\"1192650765@qq.com\",\"nickName\":\"张三\",\"sex\":\"0\",\"deptId\":103,\"avatar\":\"\",\"params\":{},\"userName\":\"3171905206\",\"userId\":126,\"createBy\":\"admin\",\"roleIds\":[101],\"createTime\":1623160163000,\"userType\":\"00\",\"status\":\"0\"}','{\"msg\":\"修改用户\'3171905206\'失败，手机号码已存在\",\"code\":500}',0,NULL,'2021-06-08 22:01:08'),(494,'用户管理',2,'com.ruoyi.web.controller.system.SysUserController.edit()','PUT',1,'admin',NULL,'/system/user','127.0.0.1','内网IP','{\"roles\":[{\"flag\":false,\"roleId\":101,\"admin\":false,\"dataScope\":\"1\",\"params\":{},\"roleSort\":\"4\",\"deptCheckStrictly\":false,\"menuCheckStrictly\":false,\"roleKey\":\"student\",\"roleName\":\"学生\",\"status\":\"0\"}],\"phonenumber\":\"18396301502\",\"admin\":false,\"delFlag\":\"0\",\"password\":\"111111\",\"postIds\":[],\"loginIp\":\"\",\"email\":\"1192650765@qq.com\",\"nickName\":\"张三\",\"sex\":\"0\",\"deptId\":103,\"avatar\":\"\",\"params\":{},\"userName\":\"3171905206\",\"userId\":126,\"createBy\":\"admin\",\"roleIds\":[101],\"createTime\":1623160163000,\"userType\":\"00\",\"status\":\"0\"}','{\"msg\":\"修改用户\'3171905206\'失败，手机号码已存在\",\"code\":500}',0,NULL,'2021-06-08 22:01:19'),(495,'用户管理',2,'com.ruoyi.web.controller.system.SysUserController.edit()','PUT',1,'admin',NULL,'/system/user','127.0.0.1','内网IP','{\"roles\":[{\"flag\":false,\"roleId\":101,\"admin\":false,\"dataScope\":\"1\",\"params\":{},\"roleSort\":\"4\",\"deptCheckStrictly\":false,\"menuCheckStrictly\":false,\"roleKey\":\"student\",\"roleName\":\"学生\",\"status\":\"0\"}],\"phonenumber\":\"18396301590\",\"admin\":false,\"delFlag\":\"0\",\"password\":\"$2a$10$DF380xfB.ChZidZIU4Db1eN3bAq2c9VOhiJ4lKSw0EimMTowWCfTa\",\"updateBy\":\"admin\",\"postIds\":[],\"loginIp\":\"\",\"email\":\"1192650765@qq.com\",\"nickName\":\"张三\",\"sex\":\"0\",\"deptId\":103,\"avatar\":\"\",\"params\":{},\"userName\":\"3171905206\",\"userId\":126,\"createBy\":\"admin\",\"roleIds\":[101],\"createTime\":1623160163000,\"userType\":\"00\",\"status\":\"0\"}','{\"msg\":\"操作成功\",\"code\":200}',0,NULL,'2021-06-08 22:01:35'),(496,'用户管理',2,'com.ruoyi.web.controller.system.SysUserController.edit()','PUT',1,'admin',NULL,'/system/user','127.0.0.1','内网IP','{\"roles\":[{\"flag\":false,\"roleId\":101,\"admin\":false,\"dataScope\":\"1\",\"params\":{},\"roleSort\":\"4\",\"deptCheckStrictly\":false,\"menuCheckStrictly\":false,\"roleKey\":\"student\",\"roleName\":\"学生\",\"status\":\"0\"}],\"phonenumber\":\"18396301571\",\"admin\":false,\"delFlag\":\"0\",\"password\":\"$2a$10$VHxSKuGelpTaxRGaEsktVOM.9v8NcTyZt5SGmXar7De0gAKTxmq.m\",\"updateBy\":\"admin\",\"postIds\":[],\"loginIp\":\"\",\"email\":\"1192650766@qq.com\",\"nickName\":\"李四\",\"sex\":\"0\",\"deptId\":103,\"avatar\":\"\",\"params\":{},\"userName\":\"3171905207\",\"userId\":127,\"createBy\":\"admin\",\"roleIds\":[101],\"createTime\":1623160163000,\"userType\":\"00\",\"status\":\"0\"}','{\"msg\":\"操作成功\",\"code\":200}',0,NULL,'2021-06-08 22:02:27'),(497,'用户管理',2,'com.ruoyi.web.controller.system.SysUserController.edit()','PUT',1,'admin',NULL,'/system/user','127.0.0.1','内网IP','{\"roles\":[{\"flag\":false,\"roleId\":101,\"admin\":false,\"dataScope\":\"1\",\"params\":{},\"roleSort\":\"4\",\"deptCheckStrictly\":false,\"menuCheckStrictly\":false,\"roleKey\":\"student\",\"roleName\":\"学生\",\"status\":\"0\"}],\"phonenumber\":\"18396301572\",\"admin\":false,\"delFlag\":\"0\",\"password\":\"$2a$10$eehHZTbWr4yrYytC7uY6heVSt69QnTbQvD8GIPQeXwhOts9dEvTG6\",\"updateBy\":\"admin\",\"postIds\":[],\"loginIp\":\"\",\"email\":\"1192650767@qq.com\",\"nickName\":\"王五\",\"sex\":\"0\",\"deptId\":103,\"avatar\":\"\",\"params\":{},\"userName\":\"3171905208\",\"userId\":128,\"createBy\":\"admin\",\"roleIds\":[101],\"createTime\":1623160163000,\"userType\":\"00\",\"status\":\"0\"}','{\"msg\":\"操作成功\",\"code\":200}',0,NULL,'2021-06-08 22:02:47'),(498,'用户管理',2,'com.ruoyi.web.controller.system.SysUserController.edit()','PUT',1,'admin',NULL,'/system/user','127.0.0.1','内网IP','{\"roles\":[{\"flag\":false,\"roleId\":101,\"admin\":false,\"dataScope\":\"1\",\"params\":{},\"roleSort\":\"4\",\"deptCheckStrictly\":false,\"menuCheckStrictly\":false,\"roleKey\":\"student\",\"roleName\":\"学生\",\"status\":\"0\"}],\"phonenumber\":\"18396301573\",\"admin\":false,\"delFlag\":\"0\",\"password\":\"$2a$10$eCrv1EOTE0TzvFMZvFR6ku0k7HrR0nTbdNmgNkb0F/ZO9ZDorBpbO\",\"updateBy\":\"admin\",\"postIds\":[],\"loginIp\":\"\",\"email\":\"1192650768@qq.com\",\"nickName\":\"赵六\",\"sex\":\"0\",\"deptId\":103,\"avatar\":\"\",\"params\":{},\"userName\":\"3171905209\",\"userId\":129,\"createBy\":\"admin\",\"roleIds\":[101],\"createTime\":1623160164000,\"userType\":\"00\",\"status\":\"0\"}','{\"msg\":\"操作成功\",\"code\":200}',0,NULL,'2021-06-08 22:03:09'),(499,'用户管理',2,'com.ruoyi.web.controller.system.SysUserController.edit()','PUT',1,'admin',NULL,'/system/user','127.0.0.1','内网IP','{\"roles\":[{\"flag\":false,\"roleId\":101,\"admin\":false,\"dataScope\":\"1\",\"params\":{},\"roleSort\":\"4\",\"deptCheckStrictly\":false,\"menuCheckStrictly\":false,\"roleKey\":\"student\",\"roleName\":\"学生\",\"status\":\"0\"}],\"phonenumber\":\"18396301508\",\"admin\":false,\"delFlag\":\"0\",\"password\":\"111111\",\"postIds\":[],\"loginIp\":\"\",\"email\":\"1192650769@qq.com\",\"nickName\":\"谢娜\",\"sex\":\"1\",\"deptId\":103,\"avatar\":\"\",\"params\":{},\"userName\":\"3171905210\",\"userId\":130,\"createBy\":\"admin\",\"roleIds\":[101],\"createTime\":1623160164000,\"userType\":\"00\",\"status\":\"0\"}','{\"msg\":\"修改用户\'3171905210\'失败，邮箱账号已存在\",\"code\":500}',0,NULL,'2021-06-08 22:03:44'),(500,'用户管理',2,'com.ruoyi.web.controller.system.SysUserController.edit()','PUT',1,'admin',NULL,'/system/user','127.0.0.1','内网IP','{\"roles\":[{\"flag\":false,\"roleId\":101,\"admin\":false,\"dataScope\":\"1\",\"params\":{},\"roleSort\":\"4\",\"deptCheckStrictly\":false,\"menuCheckStrictly\":false,\"roleKey\":\"student\",\"roleName\":\"学生\",\"status\":\"0\"}],\"phonenumber\":\"18396301574\",\"admin\":false,\"delFlag\":\"0\",\"password\":\"111111\",\"postIds\":[],\"loginIp\":\"\",\"email\":\"1192650769@qq.com\",\"nickName\":\"谢娜\",\"sex\":\"1\",\"deptId\":103,\"avatar\":\"\",\"params\":{},\"userName\":\"3171905210\",\"userId\":130,\"createBy\":\"admin\",\"roleIds\":[101],\"createTime\":1623160164000,\"userType\":\"00\",\"status\":\"0\"}','{\"msg\":\"修改用户\'3171905210\'失败，邮箱账号已存在\",\"code\":500}',0,NULL,'2021-06-08 22:03:53'),(501,'用户管理',2,'com.ruoyi.web.controller.system.SysUserController.edit()','PUT',1,'admin',NULL,'/system/user','127.0.0.1','内网IP','{\"roles\":[{\"flag\":false,\"roleId\":101,\"admin\":false,\"dataScope\":\"1\",\"params\":{},\"roleSort\":\"4\",\"deptCheckStrictly\":false,\"menuCheckStrictly\":false,\"roleKey\":\"student\",\"roleName\":\"学生\",\"status\":\"0\"}],\"phonenumber\":\"18396301574\",\"admin\":false,\"delFlag\":\"0\",\"password\":\"111111\",\"postIds\":[],\"loginIp\":\"\",\"email\":\"1192650769@qq.com\",\"nickName\":\"谢娜\",\"sex\":\"1\",\"deptId\":103,\"avatar\":\"\",\"params\":{},\"userName\":\"3171905210\",\"userId\":130,\"createBy\":\"admin\",\"roleIds\":[101],\"createTime\":1623160164000,\"userType\":\"00\",\"status\":\"0\"}','{\"msg\":\"修改用户\'3171905210\'失败，邮箱账号已存在\",\"code\":500}',0,NULL,'2021-06-08 22:04:00'),(502,'用户管理',2,'com.ruoyi.web.controller.system.SysUserController.edit()','PUT',1,'admin',NULL,'/system/user','127.0.0.1','内网IP','{\"roles\":[{\"flag\":false,\"roleId\":101,\"admin\":false,\"dataScope\":\"1\",\"params\":{},\"roleSort\":\"4\",\"deptCheckStrictly\":false,\"menuCheckStrictly\":false,\"roleKey\":\"student\",\"roleName\":\"学生\",\"status\":\"0\"}],\"phonenumber\":\"18396301508\",\"admin\":false,\"delFlag\":\"0\",\"password\":\"$2a$10$kcN8YfaTWS8FT8aW.bV86uie9I5jTbbxnnLGBAw0CecMUYE8P5Fqi\",\"updateBy\":\"admin\",\"postIds\":[],\"loginIp\":\"\",\"email\":\"1192650710@qq.com\",\"nickName\":\"谢娜\",\"sex\":\"1\",\"deptId\":103,\"avatar\":\"\",\"params\":{},\"userName\":\"3171905210\",\"userId\":130,\"createBy\":\"admin\",\"roleIds\":[101],\"createTime\":1623160164000,\"userType\":\"00\",\"status\":\"0\"}','{\"msg\":\"操作成功\",\"code\":200}',0,NULL,'2021-06-08 22:04:52'),(503,'用户管理',2,'com.ruoyi.web.controller.system.SysUserController.edit()','PUT',1,'admin',NULL,'/system/user','127.0.0.1','内网IP','{\"roles\":[{\"flag\":false,\"roleId\":101,\"admin\":false,\"dataScope\":\"1\",\"params\":{},\"roleSort\":\"4\",\"deptCheckStrictly\":false,\"menuCheckStrictly\":false,\"roleKey\":\"student\",\"roleName\":\"学生\",\"status\":\"0\"}],\"phonenumber\":\"18396301509\",\"admin\":false,\"delFlag\":\"0\",\"password\":\"$2a$10$xx63CMQ5MifA9PB.Scf4X.xPPRDLYh8Byyf3RiSEmKl33ecLYNZfC\",\"updateBy\":\"admin\",\"postIds\":[],\"loginIp\":\"\",\"email\":\"1192650770@qq.com\",\"nickName\":\"苏渝琪\",\"sex\":\"1\",\"deptId\":103,\"avatar\":\"\",\"params\":{},\"userName\":\"3171905211\",\"userId\":131,\"createBy\":\"admin\",\"roleIds\":[101],\"createTime\":1623160164000,\"userType\":\"00\",\"status\":\"0\"}','{\"msg\":\"操作成功\",\"code\":200}',0,NULL,'2021-06-08 22:05:14'),(504,'用户管理',2,'com.ruoyi.web.controller.system.SysUserController.edit()','PUT',1,'admin',NULL,'/system/user','127.0.0.1','内网IP','{\"roles\":[{\"flag\":false,\"roleId\":101,\"admin\":false,\"dataScope\":\"1\",\"params\":{},\"roleSort\":\"4\",\"deptCheckStrictly\":false,\"menuCheckStrictly\":false,\"roleKey\":\"student\",\"roleName\":\"学生\",\"status\":\"0\"}],\"phonenumber\":\"18396301510\",\"admin\":false,\"delFlag\":\"0\",\"password\":\"$2a$10$QGIjigPpYqKdMpvNeutZIO6q3P9Qdy2oajHeiOpYcyA6pO.Bxsvc6\",\"updateBy\":\"admin\",\"postIds\":[],\"loginIp\":\"\",\"email\":\"1192650771@qq.com\",\"nickName\":\"邓超\",\"sex\":\"0\",\"deptId\":103,\"avatar\":\"\",\"params\":{},\"userName\":\"3171905212\",\"userId\":132,\"createBy\":\"admin\",\"roleIds\":[101],\"createTime\":1623160165000,\"userType\":\"00\",\"status\":\"0\"}','{\"msg\":\"操作成功\",\"code\":200}',0,NULL,'2021-06-08 22:05:35'),(505,'用户管理',2,'com.ruoyi.web.controller.system.SysUserController.edit()','PUT',1,'admin',NULL,'/system/user','127.0.0.1','内网IP','{\"roles\":[{\"flag\":false,\"roleId\":101,\"admin\":false,\"dataScope\":\"1\",\"params\":{},\"roleSort\":\"4\",\"deptCheckStrictly\":false,\"menuCheckStrictly\":false,\"roleKey\":\"student\",\"roleName\":\"学生\",\"status\":\"0\"}],\"phonenumber\":\"18396301512\",\"admin\":false,\"delFlag\":\"0\",\"password\":\"$2a$10$PaGvoX.iLvQE8i0TyED2QuA5KLQWZsnpTfFi9lcWzU21qKfIk4fOq\",\"updateBy\":\"admin\",\"postIds\":[],\"loginIp\":\"\",\"email\":\"1192650773@qq.com\",\"nickName\":\"周杰伦\",\"sex\":\"0\",\"deptId\":103,\"avatar\":\"\",\"params\":{},\"userName\":\"3171905214\",\"userId\":134,\"createBy\":\"admin\",\"roleIds\":[101],\"createTime\":1623160165000,\"userType\":\"00\",\"status\":\"0\"}','{\"msg\":\"操作成功\",\"code\":200}',0,NULL,'2021-06-08 22:05:43'),(506,'用户管理',2,'com.ruoyi.web.controller.system.SysUserController.edit()','PUT',1,'admin',NULL,'/system/user','127.0.0.1','内网IP','{\"roles\":[{\"flag\":false,\"roleId\":101,\"admin\":false,\"dataScope\":\"1\",\"params\":{},\"roleSort\":\"4\",\"deptCheckStrictly\":false,\"menuCheckStrictly\":false,\"roleKey\":\"student\",\"roleName\":\"学生\",\"status\":\"0\"}],\"phonenumber\":\"18396301513\",\"admin\":false,\"delFlag\":\"0\",\"password\":\"$2a$10$nGwOfLYgP/XpAPjbSsoEyeZO.a4PahSgCjeIXY9IhJQBCzIpSokA6\",\"updateBy\":\"admin\",\"postIds\":[],\"loginIp\":\"\",\"email\":\"1192650774@qq.com\",\"nickName\":\"周杰\",\"sex\":\"0\",\"deptId\":103,\"avatar\":\"\",\"params\":{},\"userName\":\"3171905215\",\"userId\":135,\"createBy\":\"admin\",\"roleIds\":[101],\"createTime\":1623160166000,\"userType\":\"00\",\"status\":\"0\"}','{\"msg\":\"操作成功\",\"code\":200}',0,NULL,'2021-06-08 22:05:58'),(507,'用户管理',2,'com.ruoyi.web.controller.system.SysUserController.edit()','PUT',1,'admin',NULL,'/system/user','127.0.0.1','内网IP','{\"roles\":[{\"flag\":false,\"roleId\":101,\"admin\":false,\"dataScope\":\"1\",\"params\":{},\"roleSort\":\"4\",\"deptCheckStrictly\":false,\"menuCheckStrictly\":false,\"roleKey\":\"student\",\"roleName\":\"学生\",\"status\":\"0\"}],\"phonenumber\":\"18396301514\",\"admin\":false,\"delFlag\":\"0\",\"password\":\"$2a$10$XC5tVx6h2hnZctVmV1pPdOgZNh2/rTXUGkLfTknHFvheGHwZVkeG2\",\"updateBy\":\"admin\",\"postIds\":[],\"loginIp\":\"\",\"email\":\"1192650775@qq.com\",\"nickName\":\"邱月\",\"sex\":\"0\",\"deptId\":103,\"avatar\":\"\",\"params\":{},\"userName\":\"3171905216\",\"userId\":136,\"createBy\":\"admin\",\"roleIds\":[101],\"createTime\":1623160166000,\"userType\":\"00\",\"status\":\"0\"}','{\"msg\":\"操作成功\",\"code\":200}',0,NULL,'2021-06-08 22:06:11'),(508,'用户管理',2,'com.ruoyi.web.controller.system.SysUserController.edit()','PUT',1,'admin',NULL,'/system/user','127.0.0.1','内网IP','{\"roles\":[{\"flag\":false,\"roleId\":101,\"admin\":false,\"dataScope\":\"1\",\"params\":{},\"roleSort\":\"4\",\"deptCheckStrictly\":false,\"menuCheckStrictly\":false,\"roleKey\":\"student\",\"roleName\":\"学生\",\"status\":\"0\"}],\"phonenumber\":\"18396301515\",\"admin\":false,\"delFlag\":\"0\",\"password\":\"$2a$10$0fsUihvlhZHYIKgxVoJS7.U4Nwz8M535KJOlcwczPaSxcmww78w1K\",\"updateBy\":\"admin\",\"postIds\":[],\"loginIp\":\"\",\"email\":\"1192650776@qq.com\",\"nickName\":\"蓝树琴\",\"sex\":\"1\",\"deptId\":103,\"avatar\":\"\",\"params\":{},\"userName\":\"3171905217\",\"userId\":137,\"createBy\":\"admin\",\"roleIds\":[101],\"createTime\":1623160166000,\"userType\":\"00\",\"status\":\"0\"}','{\"msg\":\"操作成功\",\"code\":200}',0,NULL,'2021-06-08 22:06:21'),(509,'用户管理',2,'com.ruoyi.web.controller.system.SysUserController.edit()','PUT',1,'admin',NULL,'/system/user','127.0.0.1','内网IP','{\"roles\":[{\"flag\":false,\"roleId\":101,\"admin\":false,\"dataScope\":\"1\",\"params\":{},\"roleSort\":\"4\",\"deptCheckStrictly\":false,\"menuCheckStrictly\":false,\"roleKey\":\"student\",\"roleName\":\"学生\",\"status\":\"0\"}],\"phonenumber\":\"18396301516\",\"admin\":false,\"delFlag\":\"0\",\"password\":\"$2a$10$WIiWdX3hjD8HKkrYrIxBvebRGOsATggG94uBYHDiPo.eHUfjw7xUy\",\"updateBy\":\"admin\",\"postIds\":[],\"loginIp\":\"\",\"email\":\"1192650777@qq.com\",\"nickName\":\"刘美琪\",\"sex\":\"1\",\"deptId\":103,\"avatar\":\"\",\"params\":{},\"userName\":\"3171905218\",\"userId\":138,\"createBy\":\"admin\",\"roleIds\":[101],\"createTime\":1623160167000,\"userType\":\"00\",\"status\":\"0\"}','{\"msg\":\"操作成功\",\"code\":200}',0,NULL,'2021-06-08 22:06:30'),(510,'用户管理',2,'com.ruoyi.web.controller.system.SysUserController.edit()','PUT',1,'admin',NULL,'/system/user','127.0.0.1','内网IP','{\"roles\":[{\"flag\":false,\"roleId\":101,\"admin\":false,\"dataScope\":\"1\",\"params\":{},\"roleSort\":\"4\",\"deptCheckStrictly\":false,\"menuCheckStrictly\":false,\"roleKey\":\"student\",\"roleName\":\"学生\",\"status\":\"0\"}],\"phonenumber\":\"18396301517\",\"admin\":false,\"delFlag\":\"0\",\"password\":\"$2a$10$64YKlgijD47J1l9wyfVsteRVVfYZh7OEmU519MtHbrIzxD5MTXB9y\",\"updateBy\":\"admin\",\"postIds\":[],\"loginIp\":\"\",\"email\":\"1192650778@qq.com\",\"nickName\":\"刘凤英\",\"sex\":\"1\",\"deptId\":103,\"avatar\":\"\",\"params\":{},\"userName\":\"3171905219\",\"userId\":139,\"createBy\":\"admin\",\"roleIds\":[101],\"createTime\":1623160167000,\"userType\":\"00\",\"status\":\"0\"}','{\"msg\":\"操作成功\",\"code\":200}',0,NULL,'2021-06-08 22:06:39'),(511,'用户管理',2,'com.ruoyi.web.controller.system.SysUserController.edit()','PUT',1,'admin',NULL,'/system/user','127.0.0.1','内网IP','{\"roles\":[{\"flag\":false,\"roleId\":101,\"admin\":false,\"dataScope\":\"1\",\"params\":{},\"roleSort\":\"4\",\"deptCheckStrictly\":false,\"menuCheckStrictly\":false,\"roleKey\":\"student\",\"roleName\":\"学生\",\"status\":\"0\"}],\"phonenumber\":\"18396301518\",\"admin\":false,\"delFlag\":\"0\",\"password\":\"$2a$10$ojTe2Xqd7G3ZdvdlpxTe6u0wVLkLqtwyqW8QNPFFruzlxK4zOm/TK\",\"updateBy\":\"admin\",\"postIds\":[],\"loginIp\":\"\",\"email\":\"1192650779@qq.com\",\"nickName\":\"蓝凤英\",\"sex\":\"1\",\"deptId\":103,\"avatar\":\"\",\"params\":{},\"userName\":\"3171905220\",\"userId\":140,\"createBy\":\"admin\",\"roleIds\":[101],\"createTime\":1623160167000,\"userType\":\"00\",\"status\":\"0\"}','{\"msg\":\"操作成功\",\"code\":200}',0,NULL,'2021-06-08 22:06:49'),(512,'用户管理',2,'com.ruoyi.web.controller.system.SysUserController.edit()','PUT',1,'admin',NULL,'/system/user','127.0.0.1','内网IP','{\"roles\":[{\"flag\":false,\"roleId\":101,\"admin\":false,\"dataScope\":\"1\",\"params\":{},\"roleSort\":\"4\",\"deptCheckStrictly\":false,\"menuCheckStrictly\":false,\"roleKey\":\"student\",\"roleName\":\"学生\",\"status\":\"0\"}],\"phonenumber\":\"18396301519\",\"admin\":false,\"delFlag\":\"0\",\"password\":\"$2a$10$cuF9NhMH2CqFLi2oEhmkiubKw5e8S34PdUJeFXx1AKizJW0L2XAdu\",\"updateBy\":\"admin\",\"postIds\":[],\"loginIp\":\"\",\"email\":\"1192650780@qq.com\",\"nickName\":\"蓝开远\",\"sex\":\"0\",\"deptId\":103,\"avatar\":\"\",\"params\":{},\"userName\":\"3171905221\",\"userId\":141,\"createBy\":\"admin\",\"roleIds\":[101],\"createTime\":1623160168000,\"userType\":\"00\",\"status\":\"0\"}','{\"msg\":\"操作成功\",\"code\":200}',0,NULL,'2021-06-08 22:07:01'),(513,'用户管理',2,'com.ruoyi.web.controller.system.SysUserController.edit()','PUT',1,'admin',NULL,'/system/user','127.0.0.1','内网IP','{\"roles\":[{\"flag\":false,\"roleId\":101,\"admin\":false,\"dataScope\":\"1\",\"params\":{},\"roleSort\":\"4\",\"deptCheckStrictly\":false,\"menuCheckStrictly\":false,\"roleKey\":\"student\",\"roleName\":\"学生\",\"status\":\"0\"}],\"phonenumber\":\"18396301520\",\"admin\":false,\"delFlag\":\"0\",\"password\":\"$2a$10$gio47NKI.8Bq29Ce5p8.Duw8Z0zolCrMjOL4y2eoSbpN4Xyyd1OPW\",\"updateBy\":\"admin\",\"postIds\":[],\"loginIp\":\"\",\"email\":\"1192650781@qq.com\",\"nickName\":\"张理学\",\"sex\":\"0\",\"deptId\":103,\"avatar\":\"\",\"params\":{},\"userName\":\"3171905222\",\"userId\":142,\"createBy\":\"admin\",\"roleIds\":[101],\"createTime\":1623160168000,\"userType\":\"00\",\"status\":\"0\"}','{\"msg\":\"操作成功\",\"code\":200}',0,NULL,'2021-06-08 22:07:14'),(514,'用户管理',2,'com.ruoyi.web.controller.system.SysUserController.edit()','PUT',1,'admin',NULL,'/system/user','127.0.0.1','内网IP','{\"roles\":[{\"flag\":false,\"roleId\":101,\"admin\":false,\"dataScope\":\"1\",\"params\":{},\"roleSort\":\"4\",\"deptCheckStrictly\":false,\"menuCheckStrictly\":false,\"roleKey\":\"student\",\"roleName\":\"学生\",\"status\":\"0\"}],\"phonenumber\":\"18396301521\",\"admin\":false,\"delFlag\":\"0\",\"password\":\"$2a$10$DPdZPOnR70CNEIkNdcyBWOCFwLuAlCdAh/vnZgr8MdFZ/ScRc2Oia\",\"updateBy\":\"admin\",\"postIds\":[],\"loginIp\":\"\",\"email\":\"1192650782@qq.com\",\"nickName\":\"蓝耀斌\",\"sex\":\"0\",\"deptId\":103,\"avatar\":\"\",\"params\":{},\"userName\":\"3171905223\",\"userId\":143,\"createBy\":\"admin\",\"roleIds\":[101],\"createTime\":1623160169000,\"userType\":\"00\",\"status\":\"0\"}','{\"msg\":\"操作成功\",\"code\":200}',0,NULL,'2021-06-08 22:07:24'),(515,'用户管理',2,'com.ruoyi.web.controller.system.SysUserController.edit()','PUT',1,'admin',NULL,'/system/user','127.0.0.1','内网IP','{\"roles\":[{\"flag\":false,\"roleId\":101,\"admin\":false,\"dataScope\":\"1\",\"params\":{},\"roleSort\":\"4\",\"deptCheckStrictly\":false,\"menuCheckStrictly\":false,\"roleKey\":\"student\",\"roleName\":\"学生\",\"status\":\"0\"}],\"phonenumber\":\"18396301521\",\"admin\":false,\"delFlag\":\"0\",\"password\":\"$2a$10$AmDKGRyN0IQoasS.Vx7G/OJF01MZh.jV1iUKjnNoShxGB4HISfplq\",\"updateBy\":\"admin\",\"postIds\":[],\"loginIp\":\"\",\"email\":\"1192650782@qq.com\",\"nickName\":\"蓝耀斌\",\"sex\":\"0\",\"deptId\":103,\"avatar\":\"\",\"dept\":{\"deptName\":\"计算机科学与技术专业\",\"leader\":\"若依\",\"deptId\":103,\"orderNum\":\"1\",\"params\":{},\"parentId\":101,\"children\":[],\"status\":\"0\"},\"params\":{},\"userName\":\"3171905223\",\"userId\":143,\"createBy\":\"admin\",\"roleIds\":[101],\"createTime\":1623160169000,\"userType\":\"00\",\"status\":\"0\"}','{\"msg\":\"操作成功\",\"code\":200}',0,NULL,'2021-06-08 22:07:42'),(516,'用户管理',2,'com.ruoyi.web.controller.system.SysUserController.edit()','PUT',1,'admin',NULL,'/system/user','127.0.0.1','内网IP','{\"roles\":[{\"flag\":false,\"roleId\":101,\"admin\":false,\"dataScope\":\"1\",\"params\":{},\"roleSort\":\"4\",\"deptCheckStrictly\":false,\"menuCheckStrictly\":false,\"roleKey\":\"student\",\"roleName\":\"学生\",\"status\":\"0\"}],\"phonenumber\":\"18396301523\",\"admin\":false,\"delFlag\":\"0\",\"password\":\"$2a$10$zZOaZIsJjVIljE/sw8f.xuyl8D8F2fceHtTdB83PdR4B/yeUESLlO\",\"updateBy\":\"admin\",\"postIds\":[],\"loginIp\":\"\",\"email\":\"1192650784@qq.com\",\"nickName\":\"刘长胜\",\"sex\":\"0\",\"deptId\":103,\"avatar\":\"\",\"params\":{},\"userName\":\"3171905225\",\"userId\":145,\"createBy\":\"admin\",\"roleIds\":[101],\"createTime\":1623160169000,\"userType\":\"00\",\"status\":\"0\"}','{\"msg\":\"操作成功\",\"code\":200}',0,NULL,'2021-06-08 22:07:51'),(517,'用户管理',2,'com.ruoyi.web.controller.system.SysUserController.edit()','PUT',1,'admin',NULL,'/system/user','127.0.0.1','内网IP','{\"roles\":[{\"flag\":false,\"roleId\":101,\"admin\":false,\"dataScope\":\"1\",\"params\":{},\"roleSort\":\"4\",\"deptCheckStrictly\":false,\"menuCheckStrictly\":false,\"roleKey\":\"student\",\"roleName\":\"学生\",\"status\":\"0\"}],\"phonenumber\":\"18396301522\",\"admin\":false,\"delFlag\":\"0\",\"password\":\"$2a$10$mUPRR2QYnsuomounAadgneIEbPokSOdQwhV7nWJA7hK82M6SGX/Ne\",\"updateBy\":\"admin\",\"postIds\":[],\"loginIp\":\"\",\"email\":\"1192650783@qq.com\",\"nickName\":\"刘松联\",\"sex\":\"0\",\"deptId\":103,\"avatar\":\"\",\"params\":{},\"userName\":\"3171905224\",\"userId\":144,\"createBy\":\"admin\",\"roleIds\":[101],\"createTime\":1623160169000,\"userType\":\"00\",\"status\":\"0\"}','{\"msg\":\"操作成功\",\"code\":200}',0,NULL,'2021-06-08 22:08:03'),(518,'用户管理',2,'com.ruoyi.web.controller.system.SysUserController.edit()','PUT',1,'admin',NULL,'/system/user','127.0.0.1','内网IP','{\"roles\":[{\"flag\":false,\"roleId\":101,\"admin\":false,\"dataScope\":\"1\",\"params\":{},\"roleSort\":\"4\",\"deptCheckStrictly\":false,\"menuCheckStrictly\":false,\"roleKey\":\"student\",\"roleName\":\"学生\",\"status\":\"0\"}],\"phonenumber\":\"18396301524\",\"admin\":false,\"delFlag\":\"0\",\"password\":\"$2a$10$I56VHNq2AKUMIi2PxgQVQOTwC6XY82mCYNy9FbQYxeUuimsDQGara\",\"updateBy\":\"admin\",\"postIds\":[],\"loginIp\":\"\",\"email\":\"1192650785@qq.com\",\"nickName\":\"兰花龙\",\"sex\":\"0\",\"deptId\":103,\"avatar\":\"\",\"params\":{},\"userName\":\"3171905226\",\"userId\":146,\"createBy\":\"admin\",\"roleIds\":[101],\"createTime\":1623160170000,\"userType\":\"00\",\"status\":\"0\"}','{\"msg\":\"操作成功\",\"code\":200}',0,NULL,'2021-06-08 22:08:12'),(519,'用户管理',2,'com.ruoyi.web.controller.system.SysUserController.edit()','PUT',1,'admin',NULL,'/system/user','127.0.0.1','内网IP','{\"roles\":[{\"flag\":false,\"roleId\":101,\"admin\":false,\"dataScope\":\"1\",\"params\":{},\"roleSort\":\"4\",\"deptCheckStrictly\":false,\"menuCheckStrictly\":false,\"roleKey\":\"student\",\"roleName\":\"学生\",\"status\":\"0\"}],\"phonenumber\":\"18396301525\",\"admin\":false,\"delFlag\":\"0\",\"password\":\"$2a$10$JRhe/2AMATHbTgmn5ZAfGeosV/cAJksifXT4kdDBXtTxurSOYxgia\",\"updateBy\":\"admin\",\"postIds\":[],\"loginIp\":\"\",\"email\":\"1192650786@qq.com\",\"nickName\":\"雷先梅\",\"sex\":\"1\",\"deptId\":103,\"avatar\":\"\",\"params\":{},\"userName\":\"3171905227\",\"userId\":147,\"createBy\":\"admin\",\"roleIds\":[101],\"createTime\":1623160170000,\"userType\":\"00\",\"status\":\"0\"}','{\"msg\":\"操作成功\",\"code\":200}',0,NULL,'2021-06-08 22:08:21'),(520,'用户管理',2,'com.ruoyi.web.controller.system.SysUserController.edit()','PUT',1,'admin',NULL,'/system/user','127.0.0.1','内网IP','{\"roles\":[{\"flag\":false,\"roleId\":101,\"admin\":false,\"dataScope\":\"1\",\"params\":{},\"roleSort\":\"4\",\"deptCheckStrictly\":false,\"menuCheckStrictly\":false,\"roleKey\":\"student\",\"roleName\":\"学生\",\"status\":\"0\"}],\"phonenumber\":\"18396301526\",\"admin\":false,\"delFlag\":\"0\",\"password\":\"$2a$10$ZXCJKYPy0uHnlW0dsCmMX.N7Y7gX0GO3zL/N0y.JbuWl7emsJ2nnG\",\"updateBy\":\"admin\",\"postIds\":[],\"loginIp\":\"\",\"email\":\"1192650787@qq.com\",\"nickName\":\"陈欣\",\"sex\":\"1\",\"deptId\":103,\"avatar\":\"\",\"params\":{},\"userName\":\"3171905228\",\"userId\":148,\"createBy\":\"admin\",\"roleIds\":[101],\"createTime\":1623160171000,\"userType\":\"00\",\"status\":\"0\"}','{\"msg\":\"操作成功\",\"code\":200}',0,NULL,'2021-06-08 22:08:30'),(521,'用户管理',2,'com.ruoyi.web.controller.system.SysUserController.edit()','PUT',1,'admin',NULL,'/system/user','127.0.0.1','内网IP','{\"roles\":[{\"flag\":false,\"roleId\":101,\"admin\":false,\"dataScope\":\"1\",\"params\":{},\"roleSort\":\"4\",\"deptCheckStrictly\":false,\"menuCheckStrictly\":false,\"roleKey\":\"student\",\"roleName\":\"学生\",\"status\":\"0\"}],\"phonenumber\":\"18396301527\",\"admin\":false,\"delFlag\":\"0\",\"password\":\"$2a$10$hrllrJSh40kyBabx8VulfOhwYFSAfdg1zKefusAxF/FIDkVsI9NGu\",\"updateBy\":\"admin\",\"postIds\":[],\"loginIp\":\"\",\"email\":\"1192650788@qq.com\",\"nickName\":\"陈涛\",\"sex\":\"0\",\"deptId\":103,\"avatar\":\"\",\"params\":{},\"userName\":\"3171905229\",\"userId\":149,\"createBy\":\"admin\",\"roleIds\":[101],\"createTime\":1623160171000,\"userType\":\"00\",\"status\":\"0\"}','{\"msg\":\"操作成功\",\"code\":200}',0,NULL,'2021-06-08 22:08:39'),(522,'用户管理',2,'com.ruoyi.web.controller.system.SysUserController.edit()','PUT',1,'admin',NULL,'/system/user','127.0.0.1','内网IP','{\"roles\":[{\"flag\":false,\"roleId\":101,\"admin\":false,\"dataScope\":\"1\",\"params\":{},\"roleSort\":\"4\",\"deptCheckStrictly\":false,\"menuCheckStrictly\":false,\"roleKey\":\"student\",\"roleName\":\"学生\",\"status\":\"0\"}],\"phonenumber\":\"18396301528\",\"admin\":false,\"delFlag\":\"0\",\"password\":\"$2a$10$9nvu93kWauSl9izkP3m1heWbbVwkAkMqooXlWNcXGUv7bZRtOZNV.\",\"updateBy\":\"admin\",\"postIds\":[],\"loginIp\":\"\",\"email\":\"1192650789@qq.com\",\"nickName\":\"高翔\",\"sex\":\"1\",\"deptId\":103,\"avatar\":\"\",\"params\":{},\"userName\":\"3171905230\",\"userId\":150,\"createBy\":\"admin\",\"roleIds\":[101],\"createTime\":1623160171000,\"userType\":\"00\",\"status\":\"0\"}','{\"msg\":\"操作成功\",\"code\":200}',0,NULL,'2021-06-08 22:08:47'),(523,'用户管理',2,'com.ruoyi.web.controller.system.SysUserController.edit()','PUT',1,'admin',NULL,'/system/user','127.0.0.1','内网IP','{\"roles\":[{\"flag\":false,\"roleId\":101,\"admin\":false,\"dataScope\":\"1\",\"params\":{},\"roleSort\":\"4\",\"deptCheckStrictly\":false,\"menuCheckStrictly\":false,\"roleKey\":\"student\",\"roleName\":\"学生\",\"status\":\"0\"}],\"phonenumber\":\"18396301529\",\"admin\":false,\"delFlag\":\"0\",\"password\":\"$2a$10$ajaxyM/pmG63w4xXWl3qFOXWaHlziSSGKxUO2ASJVS9TsZnpLs9Ni\",\"updateBy\":\"admin\",\"postIds\":[],\"loginIp\":\"\",\"email\":\"1192650790@qq.com\",\"nickName\":\"蓝学伟\",\"sex\":\"0\",\"deptId\":103,\"avatar\":\"\",\"params\":{},\"userName\":\"3171905231\",\"userId\":151,\"createBy\":\"admin\",\"roleIds\":[101],\"createTime\":1623160172000,\"userType\":\"00\",\"status\":\"0\"}','{\"msg\":\"操作成功\",\"code\":200}',0,NULL,'2021-06-08 22:08:59'),(524,'用户管理',2,'com.ruoyi.web.controller.system.SysUserController.edit()','PUT',1,'admin',NULL,'/system/user','127.0.0.1','内网IP','{\"roles\":[{\"flag\":false,\"roleId\":101,\"admin\":false,\"dataScope\":\"1\",\"params\":{},\"roleSort\":\"4\",\"deptCheckStrictly\":false,\"menuCheckStrictly\":false,\"roleKey\":\"student\",\"roleName\":\"学生\",\"status\":\"0\"}],\"phonenumber\":\"18396301530\",\"admin\":false,\"delFlag\":\"0\",\"password\":\"$2a$10$K.ya4CBON.fcrEOEgrBTDeUhZ0vpVM7z95RFNB.iQvyMt8ZvATtNG\",\"updateBy\":\"admin\",\"postIds\":[],\"loginIp\":\"\",\"email\":\"1192650791@qq.com\",\"nickName\":\"李晓莲\",\"sex\":\"1\",\"deptId\":103,\"avatar\":\"\",\"params\":{},\"userName\":\"3171905232\",\"userId\":152,\"createBy\":\"admin\",\"roleIds\":[101],\"createTime\":1623160172000,\"userType\":\"00\",\"status\":\"0\"}','{\"msg\":\"操作成功\",\"code\":200}',0,NULL,'2021-06-08 22:09:11'),(525,'用户管理',2,'com.ruoyi.web.controller.system.SysUserController.edit()','PUT',1,'admin',NULL,'/system/user','127.0.0.1','内网IP','{\"roles\":[{\"flag\":false,\"roleId\":101,\"admin\":false,\"dataScope\":\"1\",\"params\":{},\"roleSort\":\"4\",\"deptCheckStrictly\":false,\"menuCheckStrictly\":false,\"roleKey\":\"student\",\"roleName\":\"学生\",\"status\":\"0\"}],\"phonenumber\":\"18396301531\",\"admin\":false,\"delFlag\":\"0\",\"password\":\"$2a$10$7.INE0DuTyx/imVYn1XXiOMVQ7mzfy2zqcHwAlGrkCE/b6g3vkNom\",\"updateBy\":\"admin\",\"postIds\":[],\"loginIp\":\"\",\"email\":\"1192650792@qq.com\",\"nickName\":\"蓝杭琴\",\"sex\":\"1\",\"deptId\":103,\"avatar\":\"\",\"params\":{},\"userName\":\"3171905233\",\"userId\":153,\"createBy\":\"admin\",\"roleIds\":[101],\"createTime\":1623160172000,\"userType\":\"00\",\"status\":\"0\"}','{\"msg\":\"操作成功\",\"code\":200}',0,NULL,'2021-06-08 22:09:24'),(526,'用户管理',2,'com.ruoyi.web.controller.system.SysUserController.edit()','PUT',1,'admin',NULL,'/system/user','127.0.0.1','内网IP','{\"roles\":[{\"flag\":false,\"roleId\":101,\"admin\":false,\"dataScope\":\"1\",\"params\":{},\"roleSort\":\"4\",\"deptCheckStrictly\":false,\"menuCheckStrictly\":false,\"roleKey\":\"student\",\"roleName\":\"学生\",\"status\":\"0\"}],\"phonenumber\":\"18396301532\",\"admin\":false,\"delFlag\":\"0\",\"password\":\"$2a$10$I1q5ynIg5.f8o0bi/se5yeavy8fCMB4RGwX8HqVdZw0qpbJdLKDmi\",\"updateBy\":\"admin\",\"postIds\":[],\"loginIp\":\"\",\"email\":\"1192650793@qq.com\",\"nickName\":\"黄杭琴\",\"sex\":\"1\",\"deptId\":103,\"avatar\":\"\",\"params\":{},\"userName\":\"3171905234\",\"userId\":154,\"createBy\":\"admin\",\"roleIds\":[101],\"createTime\":1623160173000,\"userType\":\"00\",\"status\":\"0\"}','{\"msg\":\"操作成功\",\"code\":200}',0,NULL,'2021-06-08 22:09:34'),(527,'用户管理',2,'com.ruoyi.web.controller.system.SysUserController.edit()','PUT',1,'admin',NULL,'/system/user','127.0.0.1','内网IP','{\"roles\":[{\"flag\":false,\"roleId\":101,\"admin\":false,\"dataScope\":\"1\",\"params\":{},\"roleSort\":\"4\",\"deptCheckStrictly\":false,\"menuCheckStrictly\":false,\"roleKey\":\"student\",\"roleName\":\"学生\",\"status\":\"0\"}],\"phonenumber\":\"18396301533\",\"admin\":false,\"delFlag\":\"0\",\"password\":\"$2a$10$2ZEhO/xWGaC8CwgBy0rlwOS.Mq4msT5lp.uvsljEMCJTnQ5rw4KQS\",\"updateBy\":\"admin\",\"postIds\":[],\"loginIp\":\"\",\"email\":\"1192650794@qq.com\",\"nickName\":\"郭海标\",\"sex\":\"0\",\"deptId\":103,\"avatar\":\"\",\"params\":{},\"userName\":\"3171905235\",\"userId\":155,\"createBy\":\"admin\",\"roleIds\":[101],\"createTime\":1623160173000,\"userType\":\"00\",\"status\":\"0\"}','{\"msg\":\"操作成功\",\"code\":200}',0,NULL,'2021-06-08 22:09:48'),(528,'用户管理',2,'com.ruoyi.web.controller.system.SysUserController.edit()','PUT',1,'admin',NULL,'/system/user','127.0.0.1','内网IP','{\"roles\":[{\"flag\":false,\"roleId\":101,\"admin\":false,\"dataScope\":\"1\",\"params\":{},\"roleSort\":\"4\",\"deptCheckStrictly\":false,\"menuCheckStrictly\":false,\"roleKey\":\"student\",\"roleName\":\"学生\",\"status\":\"0\"}],\"phonenumber\":\"18396301534\",\"admin\":false,\"delFlag\":\"0\",\"password\":\"$2a$10$BbgOAhhYFb5ZotPIwz8pEee/kQFk4jfCekwwsgU8YPOBqQWRkiRUe\",\"updateBy\":\"admin\",\"postIds\":[],\"loginIp\":\"\",\"email\":\"1192650795@qq.com\",\"nickName\":\"郭锅\",\"sex\":\"0\",\"deptId\":103,\"avatar\":\"\",\"params\":{},\"userName\":\"3171905236\",\"userId\":156,\"createBy\":\"admin\",\"roleIds\":[101],\"createTime\":1623160174000,\"userType\":\"00\",\"status\":\"0\"}','{\"msg\":\"操作成功\",\"code\":200}',0,NULL,'2021-06-08 22:10:03'),(529,'用户管理',2,'com.ruoyi.web.controller.system.SysUserController.edit()','PUT',1,'admin',NULL,'/system/user','127.0.0.1','内网IP','{\"roles\":[{\"flag\":false,\"roleId\":101,\"admin\":false,\"dataScope\":\"1\",\"params\":{},\"roleSort\":\"4\",\"deptCheckStrictly\":false,\"menuCheckStrictly\":false,\"roleKey\":\"student\",\"roleName\":\"学生\",\"status\":\"0\"}],\"phonenumber\":\"18396301535\",\"admin\":false,\"delFlag\":\"0\",\"password\":\"$2a$10$1tmIaMuB/zdc3/S5bS1fPubMmcValShbwwFo9YwKQ3Twi9zX3DCZ2\",\"updateBy\":\"admin\",\"postIds\":[],\"loginIp\":\"\",\"email\":\"1192650796@qq.com\",\"nickName\":\"林小志\",\"sex\":\"1\",\"deptId\":103,\"avatar\":\"\",\"params\":{},\"userName\":\"3171905237\",\"userId\":157,\"createBy\":\"admin\",\"roleIds\":[101],\"createTime\":1623160174000,\"userType\":\"00\",\"status\":\"0\"}','{\"msg\":\"操作成功\",\"code\":200}',0,NULL,'2021-06-08 22:10:22'),(530,'用户管理',2,'com.ruoyi.web.controller.system.SysUserController.edit()','PUT',1,'admin',NULL,'/system/user','127.0.0.1','内网IP','{\"roles\":[{\"flag\":false,\"roleId\":101,\"admin\":false,\"dataScope\":\"1\",\"params\":{},\"roleSort\":\"4\",\"deptCheckStrictly\":false,\"menuCheckStrictly\":false,\"roleKey\":\"student\",\"roleName\":\"学生\",\"status\":\"0\"}],\"phonenumber\":\"18396301536\",\"admin\":false,\"delFlag\":\"0\",\"password\":\"$2a$10$1IPmEpV75fTZHjrTl2BN/eZboRqLKLFrg6wAUnw7KTB95ZK1S70hG\",\"updateBy\":\"admin\",\"postIds\":[],\"loginIp\":\"\",\"email\":\"1192650797@qq.com\",\"nickName\":\"林志颖\",\"sex\":\"0\",\"deptId\":103,\"avatar\":\"\",\"params\":{},\"userName\":\"3171905238\",\"userId\":158,\"createBy\":\"admin\",\"roleIds\":[101],\"createTime\":1623160174000,\"userType\":\"00\",\"status\":\"0\"}','{\"msg\":\"操作成功\",\"code\":200}',0,NULL,'2021-06-08 22:10:32'),(531,'用户管理',2,'com.ruoyi.web.controller.system.SysUserController.edit()','PUT',1,'admin',NULL,'/system/user','127.0.0.1','内网IP','{\"roles\":[{\"flag\":false,\"roleId\":101,\"admin\":false,\"dataScope\":\"1\",\"params\":{},\"roleSort\":\"4\",\"deptCheckStrictly\":false,\"menuCheckStrictly\":false,\"roleKey\":\"student\",\"roleName\":\"学生\",\"status\":\"0\"}],\"phonenumber\":\"18396301537\",\"admin\":false,\"delFlag\":\"0\",\"password\":\"$2a$10$LlQd3BKgxZSqaNDsFUp8Tee/AFEhdWWelTsED9AjXg1X7JgCtgGJW\",\"updateBy\":\"admin\",\"postIds\":[],\"loginIp\":\"\",\"email\":\"1192650798@qq.com\",\"nickName\":\"林子\",\"sex\":\"0\",\"deptId\":103,\"avatar\":\"\",\"params\":{},\"userName\":\"3171905239\",\"userId\":159,\"createBy\":\"admin\",\"roleIds\":[101],\"createTime\":1623160175000,\"userType\":\"00\",\"status\":\"0\"}','{\"msg\":\"操作成功\",\"code\":200}',0,NULL,'2021-06-08 22:10:44'),(532,'用户管理',2,'com.ruoyi.web.controller.system.SysUserController.edit()','PUT',1,'admin',NULL,'/system/user','127.0.0.1','内网IP','{\"roles\":[{\"flag\":false,\"roleId\":101,\"admin\":false,\"dataScope\":\"1\",\"params\":{},\"roleSort\":\"4\",\"deptCheckStrictly\":false,\"menuCheckStrictly\":false,\"roleKey\":\"student\",\"roleName\":\"学生\",\"status\":\"0\"}],\"phonenumber\":\"18396301538\",\"admin\":false,\"delFlag\":\"0\",\"password\":\"$2a$10$.YPj/.3ZHO1KaknovtJwtOJNWSlmwA0UA7cshe4LyLjxp1m0J6S6W\",\"updateBy\":\"admin\",\"postIds\":[],\"loginIp\":\"\",\"email\":\"1192650799@qq.com\",\"nickName\":\"蓝晶\",\"sex\":\"1\",\"deptId\":103,\"avatar\":\"\",\"params\":{},\"userName\":\"3171905240\",\"userId\":160,\"createBy\":\"admin\",\"roleIds\":[101],\"createTime\":1623160175000,\"userType\":\"00\",\"status\":\"0\"}','{\"msg\":\"操作成功\",\"code\":200}',0,NULL,'2021-06-08 22:10:52'),(533,'用户管理',2,'com.ruoyi.web.controller.system.SysUserController.edit()','PUT',1,'admin',NULL,'/system/user','127.0.0.1','内网IP','{\"roles\":[{\"flag\":false,\"roleId\":101,\"admin\":false,\"dataScope\":\"1\",\"params\":{},\"roleSort\":\"4\",\"deptCheckStrictly\":false,\"menuCheckStrictly\":false,\"roleKey\":\"student\",\"roleName\":\"学生\",\"status\":\"0\"}],\"phonenumber\":\"18396301539\",\"admin\":false,\"delFlag\":\"0\",\"password\":\"$2a$10$EYgu35l4Ad6El9B704i1F.nJzQ3oFfOz9vAZhFevxs6Ch2KA/EbXm\",\"updateBy\":\"admin\",\"postIds\":[],\"loginIp\":\"\",\"email\":\"1192650800@qq.com\",\"nickName\":\"蓝蓝\",\"sex\":\"1\",\"deptId\":103,\"avatar\":\"\",\"params\":{},\"userName\":\"3171905241\",\"userId\":161,\"createBy\":\"admin\",\"roleIds\":[101],\"createTime\":1623160175000,\"userType\":\"00\",\"status\":\"0\"}','{\"msg\":\"操作成功\",\"code\":200}',0,NULL,'2021-06-08 22:11:07'),(534,'用户管理',2,'com.ruoyi.web.controller.system.SysUserController.edit()','PUT',1,'admin',NULL,'/system/user','127.0.0.1','内网IP','{\"roles\":[{\"flag\":false,\"roleId\":101,\"admin\":false,\"dataScope\":\"1\",\"params\":{},\"roleSort\":\"4\",\"deptCheckStrictly\":false,\"menuCheckStrictly\":false,\"roleKey\":\"student\",\"roleName\":\"学生\",\"status\":\"0\"}],\"phonenumber\":\"18396301540\",\"admin\":false,\"delFlag\":\"0\",\"password\":\"$2a$10$cxO6HXD3qA/aF3s7Z8p83emW/ECn/iKaLtKJbKbFS4Cb2sloI1f4O\",\"updateBy\":\"admin\",\"postIds\":[],\"loginIp\":\"\",\"email\":\"1192650801@qq.com\",\"nickName\":\"蓝含\",\"sex\":\"1\",\"deptId\":103,\"avatar\":\"\",\"params\":{},\"userName\":\"3171905242\",\"userId\":162,\"createBy\":\"admin\",\"roleIds\":[101],\"createTime\":1623160176000,\"userType\":\"00\",\"status\":\"0\"}','{\"msg\":\"操作成功\",\"code\":200}',0,NULL,'2021-06-08 22:11:16'),(535,'用户管理',2,'com.ruoyi.web.controller.system.SysUserController.edit()','PUT',1,'admin',NULL,'/system/user','127.0.0.1','内网IP','{\"roles\":[{\"flag\":false,\"roleId\":101,\"admin\":false,\"dataScope\":\"1\",\"params\":{},\"roleSort\":\"4\",\"deptCheckStrictly\":false,\"menuCheckStrictly\":false,\"roleKey\":\"student\",\"roleName\":\"学生\",\"status\":\"0\"}],\"phonenumber\":\"18396301541\",\"admin\":false,\"delFlag\":\"0\",\"password\":\"$2a$10$/KqlrX4xrvf5iu0.XzfEGu1UB8SbZ/xZqqhP2KbxF.4A1XEqD0owy\",\"updateBy\":\"admin\",\"postIds\":[],\"loginIp\":\"\",\"email\":\"1192650802@qq.com\",\"nickName\":\"陈涵\",\"sex\":\"1\",\"deptId\":103,\"avatar\":\"\",\"params\":{},\"userName\":\"3171905243\",\"userId\":163,\"createBy\":\"admin\",\"roleIds\":[101],\"createTime\":1623160176000,\"userType\":\"00\",\"status\":\"0\"}','{\"msg\":\"操作成功\",\"code\":200}',0,NULL,'2021-06-08 22:11:24'),(536,'用户管理',2,'com.ruoyi.web.controller.system.SysUserController.edit()','PUT',1,'admin',NULL,'/system/user','127.0.0.1','内网IP','{\"roles\":[{\"flag\":false,\"roleId\":101,\"admin\":false,\"dataScope\":\"1\",\"params\":{},\"roleSort\":\"4\",\"deptCheckStrictly\":false,\"menuCheckStrictly\":false,\"roleKey\":\"student\",\"roleName\":\"学生\",\"status\":\"0\"}],\"phonenumber\":\"18396301542\",\"admin\":false,\"delFlag\":\"0\",\"password\":\"$2a$10$qz5PTp1fB72cURsQsRTlvuFGAZy9XK4xK43wEmctqqtvG37lLMGGm\",\"updateBy\":\"admin\",\"postIds\":[],\"loginIp\":\"\",\"email\":\"1192650803@qq.com\",\"nickName\":\"钟志斌\",\"sex\":\"0\",\"deptId\":103,\"avatar\":\"\",\"params\":{},\"userName\":\"3171905244\",\"userId\":164,\"createBy\":\"admin\",\"roleIds\":[101],\"createTime\":1623160176000,\"userType\":\"00\",\"status\":\"0\"}','{\"msg\":\"操作成功\",\"code\":200}',0,NULL,'2021-06-08 22:11:33'),(537,'用户管理',2,'com.ruoyi.web.controller.system.SysUserController.edit()','PUT',1,'admin',NULL,'/system/user','127.0.0.1','内网IP','{\"roles\":[{\"flag\":false,\"roleId\":101,\"admin\":false,\"dataScope\":\"1\",\"params\":{},\"roleSort\":\"4\",\"deptCheckStrictly\":false,\"menuCheckStrictly\":false,\"roleKey\":\"student\",\"roleName\":\"学生\",\"status\":\"0\"}],\"phonenumber\":\"18396301543\",\"admin\":false,\"delFlag\":\"0\",\"password\":\"$2a$10$ON96e4JAMHVu.ibXamXY.up6inXNzvl0FVqXlc29CHwUkr1E3xWqm\",\"updateBy\":\"admin\",\"postIds\":[],\"loginIp\":\"\",\"email\":\"1192650804@qq.com\",\"nickName\":\"李林南\",\"sex\":\"0\",\"deptId\":103,\"avatar\":\"\",\"params\":{},\"userName\":\"3171905245\",\"userId\":165,\"createBy\":\"admin\",\"roleIds\":[101],\"createTime\":1623160177000,\"userType\":\"00\",\"status\":\"0\"}','{\"msg\":\"操作成功\",\"code\":200}',0,NULL,'2021-06-08 22:11:43'),(538,'用户管理',2,'com.ruoyi.web.controller.system.SysUserController.edit()','PUT',1,'admin',NULL,'/system/user','127.0.0.1','内网IP','{\"roles\":[{\"flag\":false,\"roleId\":101,\"admin\":false,\"dataScope\":\"1\",\"params\":{},\"roleSort\":\"4\",\"deptCheckStrictly\":false,\"menuCheckStrictly\":false,\"roleKey\":\"student\",\"roleName\":\"学生\",\"status\":\"0\"}],\"phonenumber\":\"18396301544\",\"admin\":false,\"delFlag\":\"0\",\"password\":\"$2a$10$eGPidJx.92/pHP2u7hU2f.7z8YzybXMwE/Qz4ZCbLPKfwOcx13oTm\",\"updateBy\":\"admin\",\"postIds\":[],\"loginIp\":\"\",\"email\":\"1192650805@qq.com\",\"nickName\":\"吴华\",\"sex\":\"1\",\"deptId\":103,\"avatar\":\"\",\"params\":{},\"userName\":\"3171905246\",\"userId\":166,\"createBy\":\"admin\",\"roleIds\":[101],\"createTime\":1623160177000,\"userType\":\"00\",\"status\":\"0\"}','{\"msg\":\"操作成功\",\"code\":200}',0,NULL,'2021-06-08 22:11:52'),(539,'用户管理',2,'com.ruoyi.web.controller.system.SysUserController.edit()','PUT',1,'admin',NULL,'/system/user','127.0.0.1','内网IP','{\"roles\":[{\"flag\":false,\"roleId\":101,\"admin\":false,\"dataScope\":\"1\",\"params\":{},\"roleSort\":\"4\",\"deptCheckStrictly\":false,\"menuCheckStrictly\":false,\"roleKey\":\"student\",\"roleName\":\"学生\",\"status\":\"0\"}],\"phonenumber\":\"18396301545\",\"admin\":false,\"delFlag\":\"0\",\"password\":\"$2a$10$LKdKtPhOOEjzQfiLil2KR.cGDgW7CxJzgqJqD2eEMDcDcs.6h3Zk.\",\"updateBy\":\"admin\",\"postIds\":[],\"loginIp\":\"\",\"email\":\"1192650806@qq.com\",\"nickName\":\"刘华一\",\"sex\":\"0\",\"deptId\":103,\"avatar\":\"\",\"params\":{},\"userName\":\"3171905247\",\"userId\":167,\"createBy\":\"admin\",\"roleIds\":[101],\"createTime\":1623160177000,\"userType\":\"00\",\"status\":\"0\"}','{\"msg\":\"操作成功\",\"code\":200}',0,NULL,'2021-06-08 22:12:07'),(540,'用户管理',2,'com.ruoyi.web.controller.system.SysUserController.edit()','PUT',1,'admin',NULL,'/system/user','127.0.0.1','内网IP','{\"roles\":[{\"flag\":false,\"roleId\":101,\"admin\":false,\"dataScope\":\"1\",\"params\":{},\"roleSort\":\"4\",\"deptCheckStrictly\":false,\"menuCheckStrictly\":false,\"roleKey\":\"student\",\"roleName\":\"学生\",\"status\":\"0\"}],\"phonenumber\":\"18396301546\",\"admin\":false,\"delFlag\":\"0\",\"password\":\"$2a$10$ByNDIJTzOXFldmTBnh5.sOwzZriUhr90wdR6Em.lt4eWB.4ozqcOK\",\"updateBy\":\"admin\",\"postIds\":[],\"loginIp\":\"\",\"email\":\"1192650807@qq.com\",\"nickName\":\"王浩名\",\"sex\":\"0\",\"deptId\":103,\"avatar\":\"\",\"params\":{},\"userName\":\"3171905248\",\"userId\":168,\"createBy\":\"admin\",\"roleIds\":[101],\"createTime\":1623160178000,\"userType\":\"00\",\"status\":\"0\"}','{\"msg\":\"操作成功\",\"code\":200}',0,NULL,'2021-06-08 22:12:16'),(541,'用户管理',5,'com.ruoyi.web.controller.system.SysUserController.export()','GET',1,'admin',NULL,'/system/user/export','127.0.0.1','内网IP','{}','{\"msg\":\"24088f78-b922-4656-97de-3d25dc7158bf_用户数据.xlsx\",\"code\":200}',0,NULL,'2021-06-09 10:12:06'),(542,'企业信息',2,'com.ruoyi.recruit.controller.RecruitCompanyInfoController.edit()','PUT',1,'admin',NULL,'/recruit/info','127.0.0.1','内网IP','{\"params\":{},\"userId\":169,\"auditState\":3,\"id\":15}','{\"msg\":\"操作成功\",\"code\":200}',0,NULL,'2021-06-09 10:31:14'),(543,'企业信息',2,'com.ruoyi.recruit.controller.RecruitCompanyInfoController.edit()','PUT',1,'123421',NULL,'/recruit/info','127.0.0.1','内网IP','{\"params\":{},\"userId\":171,\"auditState\":1,\"logo\":\"http://localhost:8080/profile/upload/2021/06/09/eb35f89f-986b-495c-af06-cc8bce8b7051.jpg\",\"id\":16}','{\"msg\":\"操作成功\",\"code\":200}',0,NULL,'2021-06-09 12:07:19'),(544,'企业信息',2,'com.ruoyi.recruit.controller.RecruitCompanyInfoController.edit()','PUT',1,'123421',NULL,'/recruit/info','127.0.0.1','内网IP','{\"params\":{},\"userId\":171,\"auditState\":1,\"license\":\"http://localhost:8080/profile/upload/2021/06/09/6e1ebe10-426a-48c1-972b-804d18e28f95.jpg\",\"id\":16}','{\"msg\":\"操作成功\",\"code\":200}',0,NULL,'2021-06-09 12:07:28'),(545,'用户头像',2,'com.ruoyi.web.controller.system.SysProfileController.avatar()','POST',1,'123421',NULL,'/system/user/profile/avatar','127.0.0.1','内网IP','','{\"msg\":\"操作成功\",\"imgUrl\":\"/profile/avatar/2021/06/09/b0e5dd9d-5d21-4afe-a711-29d67eb3e63d.jpeg\",\"code\":200}',0,NULL,'2021-06-09 12:07:45'),(546,'企业信息',2,'com.ruoyi.recruit.controller.RecruitCompanyInfoController.edit()','PUT',1,'admin',NULL,'/recruit/info','127.0.0.1','内网IP','{\"params\":{},\"userId\":171,\"auditState\":2,\"id\":16}','{\"msg\":\"操作成功\",\"code\":200}',0,NULL,'2021-06-09 12:08:32'),(547,'招聘岗位',1,'com.ruoyi.recruit.controller.RecruitPositionController.add()','POST',1,'123421',NULL,'/recruit/position','127.0.0.1','内网IP','{\"validDate\":1623427200000,\"phonenumber\":\"15080238156\",\"workCity\":\"福州\",\"id\":1023,\"quantity\":5,\"releaseDate\":1623168000000,\"requirement\":\"计算机类专业，具有一定的开发经验\",\"params\":{},\"companyId\":16,\"salaryDown\":8000,\"name\":\"Java开发工程师\",\"salaryUp\":6000,\"status\":1}','{\"msg\":\"操作成功\",\"code\":200}',0,NULL,'2021-06-09 12:10:18'),(548,'招聘岗位',2,'com.ruoyi.recruit.controller.RecruitPositionController.edit()','PUT',1,'admin',NULL,'/recruit/position','127.0.0.1','内网IP','{\"validDate\":1623427200000,\"phonenumber\":\"15080238156\",\"auditState\":1,\"workCity\":\"福州\",\"company\":{\"address\":\"福建省福州市高新区\",\"nature\":0,\"phonenumber\":\"15080238167\",\"description\":\"博思是一家平台型软件及信息化服务提供商，应用自主研发的“灵动业务架构平台（LiveBOS）”，为包括证券、期货、银行、电子交易市场等在内的金融行业及其他行业提供以业务流程管理（BPM）为核心、以“互联网+”应用为重点方向的信息化解决方案。\",\"hot\":0,\"params\":{},\"auditState\":2,\"license\":\"http://localhost:8080/profile/upload/2021/06/09/6e1ebe10-426a-48c1-972b-804d18e28f95.jpg\",\"name\":\"福建博思有限公司\",\"logo\":\"http://localhost:8080/profile/upload/2021/06/09/eb35f89f-986b-495c-af06-cc8bce8b7051.jpg\",\"id\":1023},\"id\":1023,\"quantity\":5,\"releaseDate\":1623168000000,\"requirement\":\"计算机类专业，具有一定的开发经验\",\"params\":{},\"companyId\":16,\"salaryDown\":8000,\"name\":\"Java开发工程师\",\"category\":{\"params\":{},\"categoryName\":\"区块链\",\"parentId\":4,\"parentCategory\":{\"description\":\"大数据技术大分类\",\"params\":{},\"categoryName\":\"大数据\"},\"id\":17},\"categoryId\":17,\"salaryUp\":6000,\"status\":1}','{\"msg\":\"操作成功\",\"code\":200}',0,NULL,'2021-06-09 12:12:13'),(549,'招聘岗位',1,'com.ruoyi.recruit.controller.RecruitPositionController.add()','POST',1,'123421',NULL,'/recruit/position','127.0.0.1','内网IP','{\"validDate\":1623427200000,\"phonenumber\":\"15080238156\",\"workCity\":\"福州\",\"id\":1024,\"quantity\":5,\"releaseDate\":1623168000000,\"requirement\":\"计算机类专业，具有一定的软件测试能力\",\"params\":{},\"companyId\":16,\"salaryDown\":6000,\"name\":\"软件测试\",\"salaryUp\":4000,\"status\":1}','{\"msg\":\"操作成功\",\"code\":200}',0,NULL,'2021-06-09 12:23:27'),(550,'招聘岗位',2,'com.ruoyi.recruit.controller.RecruitPositionController.edit()','PUT',1,'admin',NULL,'/recruit/position','127.0.0.1','内网IP','{\"validDate\":1623427200000,\"phonenumber\":\"15080238156\",\"auditState\":1,\"workCity\":\"福州\",\"company\":{\"address\":\"福建省福州市高新区\",\"nature\":0,\"phonenumber\":\"15080238167\",\"description\":\"博思是一家平台型软件及信息化服务提供商，应用自主研发的“灵动业务架构平台（LiveBOS）”，为包括证券、期货、银行、电子交易市场等在内的金融行业及其他行业提供以业务流程管理（BPM）为核心、以“互联网+”应用为重点方向的信息化解决方案。\",\"hot\":0,\"params\":{},\"auditState\":2,\"license\":\"http://localhost:8080/profile/upload/2021/06/09/6e1ebe10-426a-48c1-972b-804d18e28f95.jpg\",\"name\":\"福建博思有限公司\",\"logo\":\"http://localhost:8080/profile/upload/2021/06/09/eb35f89f-986b-495c-af06-cc8bce8b7051.jpg\",\"id\":1024},\"id\":1024,\"quantity\":5,\"releaseDate\":1623168000000,\"requirement\":\"计算机类专业，具有一定的软件测试能力\",\"params\":{},\"companyId\":16,\"salaryDown\":6000,\"name\":\"软件测试\",\"category\":{\"params\":{},\"categoryName\":\"区块链\",\"parentId\":4,\"parentCategory\":{\"description\":\"大数据技术大分类\",\"params\":{},\"categoryName\":\"大数据\"},\"id\":17},\"categoryId\":17,\"salaryUp\":4000,\"status\":1}','{\"msg\":\"操作成功\",\"code\":200}',0,NULL,'2021-06-09 12:24:04'),(551,'简历投递信息',1,'com.ruoyi.recruit.controller.RecruitDeliveryController.add()','POST',1,'3171905213',NULL,'/recruit/delivery','127.0.0.1','内网IP','{\"companyName\":\"福建博思有限公司\",\"params\":{},\"userName\":\"3171905213\",\"userId\":120,\"positionName\":\"软件测试\",\"companyId\":16,\"positionId\":1024,\"id\":29}','{\"msg\":\"操作成功\",\"code\":200}',0,NULL,'2021-06-09 12:26:23'),(552,'简历投递信息',2,'com.ruoyi.recruit.controller.RecruitDeliveryController.edit()','PUT',1,'123421',NULL,'/recruit/delivery','127.0.0.1','内网IP','{\"params\":{},\"id\":29,\"status\":1}','{\"msg\":\"操作成功\",\"code\":200}',0,NULL,'2021-06-09 12:29:07'),(553,'招聘岗位',1,'com.ruoyi.recruit.controller.RecruitPositionController.add()','POST',1,'123421',NULL,'/recruit/position','127.0.0.1','内网IP','{\"validDate\":1623427200000,\"phonenumber\":\"15080238156\",\"workCity\":\"福州\",\"id\":1025,\"quantity\":2,\"releaseDate\":1623168000000,\"requirement\":\"计算机类专业\",\"params\":{},\"companyId\":16,\"salaryDown\":6000,\"name\":\"售前开发工程师\",\"salaryUp\":4000,\"status\":1}','{\"msg\":\"操作成功\",\"code\":200}',0,NULL,'2021-06-09 13:33:01'),(554,'招聘岗位',1,'com.ruoyi.recruit.controller.RecruitPositionController.add()','POST',1,'123421',NULL,'/recruit/position','127.0.0.1','内网IP','{\"validDate\":1623427200000,\"phonenumber\":\"15080238156\",\"workCity\":\"福州\",\"id\":1026,\"quantity\":2,\"releaseDate\":1623168000000,\"requirement\":\"计算机类专业\",\"params\":{},\"companyId\":16,\"salaryDown\":4000,\"name\":\"售前工程师\",\"salaryUp\":6000,\"status\":1}','{\"msg\":\"操作成功\",\"code\":200}',0,NULL,'2021-06-09 13:43:12'),(555,'招聘岗位',2,'com.ruoyi.recruit.controller.RecruitPositionController.edit()','PUT',1,'admin',NULL,'/recruit/position','127.0.0.1','内网IP','{\"validDate\":1623427200000,\"phonenumber\":\"15080238156\",\"auditState\":1,\"workCity\":\"福州\",\"company\":{\"address\":\"福建省福州市高新区\",\"nature\":0,\"phonenumber\":\"15080238167\",\"description\":\"博思是一家平台型软件及信息化服务提供商，应用自主研发的“灵动业务架构平台（LiveBOS）”，为包括证券、期货、银行、电子交易市场等在内的金融行业及其他行业提供以业务流程管理（BPM）为核心、以“互联网+”应用为重点方向的信息化解决方案。\",\"hot\":0,\"params\":{},\"auditState\":2,\"license\":\"http://localhost:8080/profile/upload/2021/06/09/6e1ebe10-426a-48c1-972b-804d18e28f95.jpg\",\"name\":\"福建博思有限公司\",\"logo\":\"http://localhost:8080/profile/upload/2021/06/09/eb35f89f-986b-495c-af06-cc8bce8b7051.jpg\",\"id\":1026},\"id\":1026,\"quantity\":2,\"releaseDate\":1623168000000,\"requirement\":\"计算机类专业\",\"params\":{},\"companyId\":16,\"salaryDown\":4000,\"name\":\"售前工程师\",\"category\":{\"params\":{},\"categoryName\":\"区块链\",\"parentId\":4,\"parentCategory\":{\"description\":\"大数据技术大分类\",\"params\":{},\"categoryName\":\"大数据\"},\"id\":17},\"categoryId\":17,\"salaryUp\":6000,\"status\":1}','{\"msg\":\"操作成功\",\"code\":200}',0,NULL,'2021-06-09 13:43:52'),(556,'学生简历信息',2,'com.ruoyi.recruit.controller.RecruitResumeController.edit()','PUT',1,'3171905213',NULL,'/recruit/resume','127.0.0.1','内网IP','{\"id\":7,\"params\":{},\"url\":\"http://localhost:8080/profile/upload/2021/06/09/61a857c7-3460-4c22-ba8e-e4627b1f79c3.pdf\"}','{\"msg\":\"操作成功\",\"code\":200}',0,NULL,'2021-06-09 14:11:40'),(557,'企业信息',3,'com.ruoyi.recruit.controller.RecruitCompanyInfoController.remove()','DELETE',1,'admin',NULL,'/recruit/info/13','127.0.0.1','内网IP','{ids=13}','null',1,'\r\n### Error updating database.  Cause: java.sql.SQLIntegrityConstraintViolationException: Cannot delete or update a parent row: a foreign key constraint fails (`recruit`.`recruit_position`, CONSTRAINT `recruit_position_ibfk_1` FOREIGN KEY (`company_id`) REFERENCES `recruit_company_info` (`id`))\r\n### The error may exist in file [E:\\校园招聘系统\\recruit-api\\root-recruit\\target\\classes\\mapper\\recruit\\RecruitCompanyInfoMapper.xml]\r\n### The error may involve com.ruoyi.recruit.mapper.RecruitCompanyInfoMapper.deleteRecruitCompanyInfoByIds-Inline\r\n### The error occurred while setting parameters\r\n### SQL: delete from recruit_company_info where id in          (               ?          )\r\n### Cause: java.sql.SQLIntegrityConstraintViolationException: Cannot delete or update a parent row: a foreign key constraint fails (`recruit`.`recruit_position`, CONSTRAINT `recruit_position_ibfk_1` FOREIGN KEY (`company_id`) REFERENCES `recruit_company_info` (`id`))\n; Cannot delete or update a parent row: a foreign key constraint fails (`recruit`.`recruit_position`, CONSTRAINT `recruit_position_ibfk_1` FOREIGN KEY (`company_id`) REFERENCES `recruit_company_info` (`id`)); nested exception is java.sql.SQLIntegrityConstraintViolationException: Cannot delete or update a parent row: a foreign key constraint fails (`recruit`.`recruit_position`, CONSTRAINT `recruit_position_ibfk_1` FOREIGN KEY (`company_id`) REFERENCES `recruit_company_info` (`id`))','2021-06-09 14:55:59'),(558,'企业信息',3,'com.ruoyi.recruit.controller.RecruitCompanyInfoController.remove()','DELETE',1,'admin',NULL,'/recruit/info/13','127.0.0.1','内网IP','{ids=13}','null',1,'\r\n### Error updating database.  Cause: java.sql.SQLIntegrityConstraintViolationException: Cannot delete or update a parent row: a foreign key constraint fails (`recruit`.`recruit_position`, CONSTRAINT `recruit_position_ibfk_1` FOREIGN KEY (`company_id`) REFERENCES `recruit_company_info` (`id`))\r\n### The error may exist in file [E:\\校园招聘系统\\recruit-api\\root-recruit\\target\\classes\\mapper\\recruit\\RecruitCompanyInfoMapper.xml]\r\n### The error may involve com.ruoyi.recruit.mapper.RecruitCompanyInfoMapper.deleteRecruitCompanyInfoByIds-Inline\r\n### The error occurred while setting parameters\r\n### SQL: delete from recruit_company_info where id in          (               ?          )\r\n### Cause: java.sql.SQLIntegrityConstraintViolationException: Cannot delete or update a parent row: a foreign key constraint fails (`recruit`.`recruit_position`, CONSTRAINT `recruit_position_ibfk_1` FOREIGN KEY (`company_id`) REFERENCES `recruit_company_info` (`id`))\n; Cannot delete or update a parent row: a foreign key constraint fails (`recruit`.`recruit_position`, CONSTRAINT `recruit_position_ibfk_1` FOREIGN KEY (`company_id`) REFERENCES `recruit_company_info` (`id`)); nested exception is java.sql.SQLIntegrityConstraintViolationException: Cannot delete or update a parent row: a foreign key constraint fails (`recruit`.`recruit_position`, CONSTRAINT `recruit_position_ibfk_1` FOREIGN KEY (`company_id`) REFERENCES `recruit_company_info` (`id`))','2021-06-09 14:56:09'),(559,'企业信息',3,'com.ruoyi.recruit.controller.RecruitCompanyInfoController.remove()','DELETE',1,'admin',NULL,'/recruit/info/12','127.0.0.1','内网IP','{ids=12}','null',1,'\r\n### Error updating database.  Cause: java.sql.SQLIntegrityConstraintViolationException: Cannot delete or update a parent row: a foreign key constraint fails (`recruit`.`recruit_position`, CONSTRAINT `recruit_position_ibfk_1` FOREIGN KEY (`company_id`) REFERENCES `recruit_company_info` (`id`))\r\n### The error may exist in file [E:\\校园招聘系统\\recruit-api\\root-recruit\\target\\classes\\mapper\\recruit\\RecruitCompanyInfoMapper.xml]\r\n### The error may involve com.ruoyi.recruit.mapper.RecruitCompanyInfoMapper.deleteRecruitCompanyInfoByIds-Inline\r\n### The error occurred while setting parameters\r\n### SQL: delete from recruit_company_info where id in          (               ?          )\r\n### Cause: java.sql.SQLIntegrityConstraintViolationException: Cannot delete or update a parent row: a foreign key constraint fails (`recruit`.`recruit_position`, CONSTRAINT `recruit_position_ibfk_1` FOREIGN KEY (`company_id`) REFERENCES `recruit_company_info` (`id`))\n; Cannot delete or update a parent row: a foreign key constraint fails (`recruit`.`recruit_position`, CONSTRAINT `recruit_position_ibfk_1` FOREIGN KEY (`company_id`) REFERENCES `recruit_company_info` (`id`)); nested exception is java.sql.SQLIntegrityConstraintViolationException: Cannot delete or update a parent row: a foreign key constraint fails (`recruit`.`recruit_position`, CONSTRAINT `recruit_position_ibfk_1` FOREIGN KEY (`company_id`) REFERENCES `recruit_company_info` (`id`))','2021-06-09 14:56:21'),(560,'企业信息',3,'com.ruoyi.recruit.controller.RecruitCompanyInfoController.remove()','DELETE',1,'admin',NULL,'/recruit/info/12','127.0.0.1','内网IP','{ids=12}','null',1,'\r\n### Error updating database.  Cause: java.sql.SQLIntegrityConstraintViolationException: Cannot delete or update a parent row: a foreign key constraint fails (`recruit`.`recruit_position`, CONSTRAINT `recruit_position_ibfk_1` FOREIGN KEY (`company_id`) REFERENCES `recruit_company_info` (`id`))\r\n### The error may exist in file [E:\\校园招聘系统\\recruit-api\\root-recruit\\target\\classes\\mapper\\recruit\\RecruitCompanyInfoMapper.xml]\r\n### The error may involve com.ruoyi.recruit.mapper.RecruitCompanyInfoMapper.deleteRecruitCompanyInfoByIds-Inline\r\n### The error occurred while setting parameters\r\n### SQL: delete from recruit_company_info where id in          (               ?          )\r\n### Cause: java.sql.SQLIntegrityConstraintViolationException: Cannot delete or update a parent row: a foreign key constraint fails (`recruit`.`recruit_position`, CONSTRAINT `recruit_position_ibfk_1` FOREIGN KEY (`company_id`) REFERENCES `recruit_company_info` (`id`))\n; Cannot delete or update a parent row: a foreign key constraint fails (`recruit`.`recruit_position`, CONSTRAINT `recruit_position_ibfk_1` FOREIGN KEY (`company_id`) REFERENCES `recruit_company_info` (`id`)); nested exception is java.sql.SQLIntegrityConstraintViolationException: Cannot delete or update a parent row: a foreign key constraint fails (`recruit`.`recruit_position`, CONSTRAINT `recruit_position_ibfk_1` FOREIGN KEY (`company_id`) REFERENCES `recruit_company_info` (`id`))','2021-06-09 14:56:28'),(561,'招聘岗位',3,'com.ruoyi.recruit.controller.RecruitPositionController.remove()','DELETE',1,'admin',NULL,'/recruit/position/1','127.0.0.1','内网IP','{ids=1}','{\"msg\":\"操作成功\",\"code\":200}',0,NULL,'2021-06-09 15:02:03'),(562,'讲座申请',3,'com.ruoyi.recruit.controller.RecruitLectureController.remove()','DELETE',1,'admin',NULL,'/recruit/lecture/1','127.0.0.1','内网IP','{ids=1}','{\"msg\":\"操作成功\",\"code\":200}',0,NULL,'2021-06-09 15:03:35'),(563,'用户头像',2,'com.ruoyi.web.controller.system.SysProfileController.avatar()','POST',1,'3171905213',NULL,'/system/user/profile/avatar','127.0.0.1','内网IP','','{\"msg\":\"操作成功\",\"imgUrl\":\"/profile/avatar/2021/06/09/6630d193-b3bc-4dc5-aee6-81e46ce40b06.jpeg\",\"code\":200}',0,NULL,'2021-06-09 18:46:53'),(564,'菜单管理',2,'com.ruoyi.web.controller.system.SysMenuController.edit()','PUT',1,'admin',NULL,'/system/menu','127.0.0.1','内网IP','{\"visible\":\"0\",\"icon\":\"guide\",\"orderNum\":\"4\",\"menuName\":\"学校官网\",\"params\":{},\"parentId\":0,\"isCache\":\"0\",\"path\":\"http://baidu.com\",\"children\":[],\"createTime\":1616577349000,\"updateBy\":\"admin\",\"isFrame\":\"0\",\"menuId\":4,\"menuType\":\"M\",\"perms\":\"\",\"status\":\"0\"}','{\"msg\":\"操作成功\",\"code\":200}',0,NULL,'2021-06-10 10:47:01'),(565,'菜单管理',2,'com.ruoyi.web.controller.system.SysMenuController.edit()','PUT',1,'admin',NULL,'/system/menu','127.0.0.1','内网IP','{\"visible\":\"0\",\"icon\":\"monitor\",\"orderNum\":\"2\",\"menuName\":\"系统监控\",\"params\":{},\"parentId\":0,\"isCache\":\"0\",\"path\":\"monitor\",\"children\":[],\"createTime\":1616577349000,\"updateBy\":\"admin\",\"isFrame\":\"1\",\"menuId\":2,\"menuType\":\"M\",\"perms\":\"\",\"status\":\"0\"}','{\"msg\":\"操作成功\",\"code\":200}',0,NULL,'2021-06-10 10:47:19'),(566,'菜单管理',2,'com.ruoyi.web.controller.system.SysMenuController.edit()','PUT',1,'admin',NULL,'/system/menu','127.0.0.1','内网IP','{\"visible\":\"1\",\"icon\":\"tool\",\"orderNum\":\"3\",\"menuName\":\"系统工具\",\"params\":{},\"parentId\":0,\"isCache\":\"0\",\"path\":\"tool\",\"children\":[],\"createTime\":1616577349000,\"updateBy\":\"admin\",\"isFrame\":\"1\",\"menuId\":3,\"menuType\":\"M\",\"perms\":\"\",\"status\":\"0\"}','{\"msg\":\"操作成功\",\"code\":200}',0,NULL,'2021-06-10 10:51:00'),(567,'菜单管理',2,'com.ruoyi.web.controller.system.SysMenuController.edit()','PUT',1,'admin',NULL,'/system/menu','127.0.0.1','内网IP','{\"visible\":\"1\",\"icon\":\"#\",\"orderNum\":\"1\",\"menuName\":\"消息\",\"params\":{},\"parentId\":2000,\"isCache\":\"0\",\"path\":\"message\",\"component\":\"system/recruit/message/index\",\"children\":[],\"createTime\":1617456587000,\"updateBy\":\"admin\",\"isFrame\":\"1\",\"menuId\":2043,\"menuType\":\"C\",\"perms\":\"recruit:message:list\",\"status\":\"0\"}','{\"msg\":\"操作成功\",\"code\":200}',0,NULL,'2021-06-10 10:53:53'),(568,'菜单管理',2,'com.ruoyi.web.controller.system.SysMenuController.edit()','PUT',1,'admin',NULL,'/system/menu','127.0.0.1','内网IP','{\"visible\":\"1\",\"icon\":\"#\",\"orderNum\":\"1\",\"menuName\":\"学生个人信息\",\"params\":{},\"parentId\":2000,\"isCache\":\"0\",\"path\":\"student\",\"component\":\"system/recruit/student/index\",\"children\":[],\"createTime\":1617456620000,\"updateBy\":\"admin\",\"isFrame\":\"1\",\"menuId\":2055,\"menuType\":\"C\",\"perms\":\"recruit:student:list\",\"status\":\"0\"}','{\"msg\":\"操作成功\",\"code\":200}',0,NULL,'2021-06-10 10:54:00'),(569,'简历投递信息',1,'com.ruoyi.recruit.controller.RecruitDeliveryController.add()','POST',1,'admin',NULL,'/recruit/delivery','127.0.0.1','内网IP','{\"companyName\":\"爱奇艺\",\"params\":{},\"userName\":\"admin\",\"userId\":1,\"positionName\":\"Java工程师\",\"companyId\":6,\"positionId\":2,\"id\":30}','{\"msg\":\"操作成功\",\"code\":200}',0,NULL,'2021-06-10 11:12:14'),(570,'简历投递信息',3,'com.ruoyi.recruit.controller.RecruitDeliveryController.remove()','DELETE',1,'admin',NULL,'/recruit/delivery/30','127.0.0.1','内网IP','{ids=30}','{\"msg\":\"操作成功\",\"code\":200}',0,NULL,'2021-06-10 11:12:21'),(571,'企业信息',2,'com.ruoyi.recruit.controller.RecruitCompanyInfoController.edit()','PUT',1,'admin',NULL,'/recruit/info','127.0.0.1','内网IP','{\"params\":{},\"userId\":3,\"auditState\":2,\"id\":3}','{\"msg\":\"操作成功\",\"code\":200}',0,NULL,'2021-06-10 11:14:00'),(572,'企业信息',2,'com.ruoyi.recruit.controller.RecruitCompanyInfoController.edit()','PUT',1,'admin',NULL,'/recruit/info','127.0.0.1','内网IP','{\"params\":{},\"userId\":3,\"auditState\":3,\"id\":3}','{\"msg\":\"操作成功\",\"code\":200}',0,NULL,'2021-06-10 11:14:03'),(573,'企业信息',2,'com.ruoyi.recruit.controller.RecruitCompanyInfoController.edit()','PUT',1,'123987',NULL,'/recruit/info','127.0.0.1','内网IP','{\"params\":{},\"userId\":172,\"auditState\":1,\"logo\":\"http://localhost:8080/profile/upload/2021/06/10/db4b844f-e8b6-44c8-8716-e8a86b06c097.jpg\",\"id\":17}','{\"msg\":\"操作成功\",\"code\":200}',0,NULL,'2021-06-10 11:14:04'),(574,'企业信息',2,'com.ruoyi.recruit.controller.RecruitCompanyInfoController.edit()','PUT',1,'123987',NULL,'/recruit/info','127.0.0.1','内网IP','{\"params\":{},\"userId\":172,\"auditState\":1,\"license\":\"http://localhost:8080/profile/upload/2021/06/10/fd37efa5-66e6-4b4b-8e96-a1efa842dd35.jpg\",\"id\":17}','{\"msg\":\"操作成功\",\"code\":200}',0,NULL,'2021-06-10 11:14:14'),(575,'企业信息',2,'com.ruoyi.recruit.controller.RecruitCompanyInfoController.edit()','PUT',1,'admin',NULL,'/recruit/info','127.0.0.1','内网IP','{\"params\":{},\"userId\":172,\"auditState\":2,\"id\":17}','{\"msg\":\"操作成功\",\"code\":200}',0,NULL,'2021-06-10 11:15:14'),(576,'招聘岗位',1,'com.ruoyi.recruit.controller.RecruitPositionController.add()','POST',1,'123987',NULL,'/recruit/position','127.0.0.1','内网IP','{\"validDate\":1623513600000,\"phonenumber\":\"15080239188\",\"workCity\":\"福州\",\"id\":1027,\"quantity\":5,\"releaseDate\":1623254400000,\"requirement\":\"计算机类专业\",\"params\":{},\"companyId\":17,\"salaryDown\":4000,\"name\":\"软件测试\",\"salaryUp\":6000,\"status\":1}','{\"msg\":\"操作成功\",\"code\":200}',0,NULL,'2021-06-10 11:16:28'),(577,'讲座申请',1,'com.ruoyi.recruit.controller.RecruitLectureController.add()','POST',1,'admin',NULL,'/recruit/lecture','127.0.0.1','内网IP','{\"companyName\":\"阿里巴巴\",\"description\":\"阿里巴巴网络技术有限公司（简称：阿里巴巴集团）是以曾担任英语教师的马云为首的18人于1999年在浙江杭州创立\",\"classroom\":\"博学楼204\",\"params\":{},\"phone\":\"13184523478\",\"companyAddress\":\"北京\",\"startTime\":1623081600000,\"id\":12}','{\"msg\":\"操作成功\",\"code\":200}',0,NULL,'2021-06-10 11:16:51'),(578,'招聘岗位',2,'com.ruoyi.recruit.controller.RecruitPositionController.edit()','PUT',1,'admin',NULL,'/recruit/position','127.0.0.1','内网IP','{\"validDate\":1623513600000,\"phonenumber\":\"15080239188\",\"auditState\":1,\"workCity\":\"福州\",\"company\":{\"address\":\"福建省福州市软件园\",\"nature\":0,\"phonenumber\":\"15080239188\",\"description\":\"顶点科技强调“客户、员工与股东”的共同发展与进步，\\n对外，追求为客户创造价值，与客户的共同发展；\\n对内，追求员工与公司的共同进步，努力实现员工个人发展与企业长远发展的和谐统一。未来，顶点软件将通过深入挖掘客户需求，结合创新的思维与技术，实现“软件科技超越客户梦想”的追求，使顶点软件成为国内一流的软件企业，成为让客户、员工、股东以及社会所信赖并敬重的企业。\\n\",\"hot\":0,\"params\":{},\"auditState\":2,\"license\":\"http://localhost:8080/profile/upload/2021/06/10/fd37efa5-66e6-4b4b-8e96-a1efa842dd35.jpg\",\"name\":\"福州顶点科技\",\"logo\":\"http://localhost:8080/profile/upload/2021/06/10/db4b844f-e8b6-44c8-8716-e8a86b06c097.jpg\",\"id\":1027},\"id\":1027,\"quantity\":5,\"releaseDate\":1623254400000,\"requirement\":\"计算机类专业\",\"params\":{},\"companyId\":17,\"salaryDown\":4000,\"name\":\"软件测试\",\"category\":{\"params\":{},\"categoryName\":\"区块链\",\"parentId\":4,\"parentCategory\":{\"description\":\"大数据技术大分类\",\"params\":{},\"categoryName\":\"大数据\"},\"id\":17},\"categoryId\":17,\"salaryUp\":6000,\"status\":1}','{\"msg\":\"操作成功\",\"code\":200}',0,NULL,'2021-06-10 11:17:18'),(579,'简历投递信息',1,'com.ruoyi.recruit.controller.RecruitDeliveryController.add()','POST',1,'3171905213',NULL,'/recruit/delivery','127.0.0.1','内网IP','{\"companyName\":\"福州顶点科技\",\"params\":{},\"userName\":\"3171905213\",\"userId\":120,\"positionName\":\"软件测试\",\"companyId\":17,\"positionId\":1027,\"id\":31}','{\"msg\":\"操作成功\",\"code\":200}',0,NULL,'2021-06-10 11:17:57'),(580,'简历投递信息',2,'com.ruoyi.recruit.controller.RecruitDeliveryController.edit()','PUT',1,'123987',NULL,'/recruit/delivery','127.0.0.1','内网IP','{\"params\":{},\"id\":31,\"status\":1}','{\"msg\":\"操作成功\",\"code\":200}',0,NULL,'2021-06-10 11:18:55'),(581,'企业信息',2,'com.ruoyi.recruit.controller.RecruitCompanyInfoController.edit()','PUT',1,'root',NULL,'/recruit/info','127.0.0.1','内网IP','{\"params\":{},\"userId\":103,\"auditState\":1,\"logo\":\"http://localhost:8080/profile/upload/2021/06/10/6eb18257-395e-4197-96ed-03048ec0246e.jpg\",\"id\":6}','{\"msg\":\"操作成功\",\"code\":200}',0,NULL,'2021-06-10 11:21:30'),(582,'企业信息',2,'com.ruoyi.recruit.controller.RecruitCompanyInfoController.edit()','PUT',1,'admin',NULL,'/recruit/info','127.0.0.1','内网IP','{\"params\":{},\"userId\":103,\"auditState\":2,\"id\":6}','{\"msg\":\"操作成功\",\"code\":200}',0,NULL,'2021-06-10 11:22:47');
/*!40000 ALTER TABLE `sys_oper_log` ENABLE KEYS */;

--
-- Table structure for table `sys_post`
--

DROP TABLE IF EXISTS `sys_post`;
/*!40101 SET @saved_cs_client     = @@character_set_client */;
/*!50503 SET character_set_client = utf8mb4 */;
CREATE TABLE `sys_post` (
  `post_id` bigint NOT NULL AUTO_INCREMENT COMMENT '岗位ID',
  `post_code` varchar(64) NOT NULL COMMENT '岗位编码',
  `post_name` varchar(50) NOT NULL COMMENT '岗位名称',
  `post_sort` int NOT NULL COMMENT '显示顺序',
  `status` char(1) NOT NULL COMMENT '状态（0正常 1停用）',
  `create_by` varchar(64) DEFAULT '' COMMENT '创建者',
  `create_time` datetime DEFAULT NULL COMMENT '创建时间',
  `update_by` varchar(64) DEFAULT '' COMMENT '更新者',
  `update_time` datetime DEFAULT NULL COMMENT '更新时间',
  `remark` varchar(500) DEFAULT NULL COMMENT '备注',
  PRIMARY KEY (`post_id`)
) ENGINE=InnoDB AUTO_INCREMENT=10 DEFAULT CHARSET=utf8 COMMENT='岗位信息表';
/*!40101 SET character_set_client = @saved_cs_client */;

--
-- Dumping data for table `sys_post`
--

/*!40000 ALTER TABLE `sys_post` DISABLE KEYS */;
INSERT INTO `sys_post` VALUES (2,'se','项目经理',2,'0','admin','2021-05-02 22:17:23','',NULL,''),(3,'hr','人力资源',3,'0','admin','2021-05-02 22:17:23','',NULL,''),(4,'user','普通员工',4,'0','admin','2021-05-02 22:17:23','',NULL,''),(5,'java','java开发工程师',6,'0','admin',NULL,'',NULL,NULL),(7,'rc','软件测试工程师',0,'0','admin','2021-06-08 20:09:07','',NULL,NULL),(8,'sq','售前工程师',0,'0','admin','2021-06-08 20:09:35','',NULL,NULL),(9,'php','php工程师',0,'0','admin','2021-06-08 20:11:08','',NULL,NULL);
/*!40000 ALTER TABLE `sys_post` ENABLE KEYS */;

--
-- Table structure for table `sys_role`
--

DROP TABLE IF EXISTS `sys_role`;
/*!40101 SET @saved_cs_client     = @@character_set_client */;
/*!50503 SET character_set_client = utf8mb4 */;
CREATE TABLE `sys_role` (
  `role_id` bigint NOT NULL AUTO_INCREMENT COMMENT '角色ID',
  `role_name` varchar(30) NOT NULL COMMENT '角色名称',
  `role_key` varchar(100) NOT NULL COMMENT '角色权限字符串',
  `role_sort` int NOT NULL COMMENT '显示顺序',
  `data_scope` char(1) DEFAULT '1' COMMENT '数据范围（1：全部数据权限 2：自定数据权限 3：本部门数据权限 4：本部门及以下数据权限）',
  `menu_check_strictly` tinyint(1) DEFAULT '1' COMMENT '菜单树选择项是否关联显示',
  `dept_check_strictly` tinyint(1) DEFAULT '1' COMMENT '部门树选择项是否关联显示',
  `status` char(1) NOT NULL COMMENT '角色状态（0正常 1停用）',
  `del_flag` char(1) DEFAULT '0' COMMENT '删除标志（0代表存在 2代表删除）',
  `create_by` varchar(64) DEFAULT '' COMMENT '创建者',
  `create_time` datetime DEFAULT NULL COMMENT '创建时间',
  `update_by` varchar(64) DEFAULT '' COMMENT '更新者',
  `update_time` datetime DEFAULT NULL COMMENT '更新时间',
  `remark` varchar(500) DEFAULT NULL COMMENT '备注',
  PRIMARY KEY (`role_id`)
) ENGINE=InnoDB AUTO_INCREMENT=103 DEFAULT CHARSET=utf8 COMMENT='角色信息表';
/*!40101 SET character_set_client = @saved_cs_client */;

--
-- Dumping data for table `sys_role`
--

/*!40000 ALTER TABLE `sys_role` DISABLE KEYS */;
INSERT INTO `sys_role` VALUES (1,'超级管理员','admin',1,'1',1,1,'0','0','admin','2021-03-24 17:15:48','',NULL,'超级管理员'),(2,'普通角色','common',2,'2',1,1,'0','0','admin','2021-03-24 17:15:48','',NULL,'普通角色'),(100,'已认证企业用户','auth_company',3,'1',1,1,'0','0','admin','2021-04-20 09:07:59','admin','2021-05-09 13:13:11',NULL),(101,'学生','student',4,'1',1,1,'0','0','admin','2021-04-20 09:08:23','admin','2021-05-04 22:56:14',NULL),(102,'未认证企业','no_auth_company',5,'1',1,1,'0','0','admin','2021-04-20 10:07:19','admin','2021-05-03 22:52:39',NULL);
/*!40000 ALTER TABLE `sys_role` ENABLE KEYS */;

--
-- Table structure for table `sys_role_dept`
--

DROP TABLE IF EXISTS `sys_role_dept`;
/*!40101 SET @saved_cs_client     = @@character_set_client */;
/*!50503 SET character_set_client = utf8mb4 */;
CREATE TABLE `sys_role_dept` (
  `role_id` bigint NOT NULL COMMENT '角色ID',
  `dept_id` bigint NOT NULL COMMENT '部门ID',
  PRIMARY KEY (`role_id`,`dept_id`)
) ENGINE=InnoDB DEFAULT CHARSET=utf8 COMMENT='角色和部门关联表';
/*!40101 SET character_set_client = @saved_cs_client */;

--
-- Dumping data for table `sys_role_dept`
--

/*!40000 ALTER TABLE `sys_role_dept` DISABLE KEYS */;
INSERT INTO `sys_role_dept` VALUES (2,100),(2,101),(2,105);
/*!40000 ALTER TABLE `sys_role_dept` ENABLE KEYS */;

--
-- Table structure for table `sys_role_menu`
--

DROP TABLE IF EXISTS `sys_role_menu`;
/*!40101 SET @saved_cs_client     = @@character_set_client */;
/*!50503 SET character_set_client = utf8mb4 */;
CREATE TABLE `sys_role_menu` (
  `role_id` bigint NOT NULL COMMENT '角色ID',
  `menu_id` bigint NOT NULL COMMENT '菜单ID',
  PRIMARY KEY (`role_id`,`menu_id`)
) ENGINE=InnoDB DEFAULT CHARSET=utf8 COMMENT='角色和菜单关联表';
/*!40101 SET character_set_client = @saved_cs_client */;

--
-- Dumping data for table `sys_role_menu`
--

/*!40000 ALTER TABLE `sys_role_menu` DISABLE KEYS */;
INSERT INTO `sys_role_menu` VALUES (2,1),(2,2),(2,3),(2,4),(2,100),(2,101),(2,102),(2,103),(2,104),(2,105),(2,106),(2,107),(2,108),(2,109),(2,110),(2,111),(2,112),(2,113),(2,114),(2,115),(2,116),(2,500),(2,501),(2,1000),(2,1001),(2,1002),(2,1003),(2,1004),(2,1005),(2,1006),(2,1007),(2,1008),(2,1009),(2,1010),(2,1011),(2,1012),(2,1013),(2,1014),(2,1015),(2,1016),(2,1017),(2,1018),(2,1019),(2,1020),(2,1021),(2,1022),(2,1023),(2,1024),(2,1025),(2,1026),(2,1027),(2,1028),(2,1029),(2,1030),(2,1031),(2,1032),(2,1033),(2,1034),(2,1035),(2,1036),(2,1037),(2,1038),(2,1039),(2,1040),(2,1041),(2,1042),(2,1043),(2,1044),(2,1045),(2,1046),(2,1047),(2,1048),(2,1049),(2,1050),(2,1051),(2,1052),(2,1053),(2,1054),(2,1055),(2,1056),(2,1057),(2,1058),(2,1059),(2,1060),(100,2000),(100,2001),(100,2004),(100,2005),(100,2006),(100,2024),(100,2020),(100,2021),(100,2022),(100,2023),(100,2024),(100,2025),(100,2026),(100,2031),(100,2032),(100,2034),(100,2035),(100,2036),(100,2037),(100,2038),(100,2039),(100,2041),(100,2042),(101,4),(101,2000),(101,2001),(101,2002),(101,2003),(101,2004),(101,2005),(101,2006),(101,2007),(101,2008),(101,2009),(101,2010),(101,2011),(101,2012),(101,2024),(101,2020),(101,2021),(101,2022),(101,2023),(101,2024),(101,2025),(101,2026),(101,2027),(101,2028),(101,2029),(101,2030),(101,2031),(101,2032),(101,2034),(101,2035),(101,2036),(101,2037),(101,2038),(101,2039),(101,2040),(101,2041),(101,2042),(101,2043),(101,2044),(101,2045),(101,2046),(101,2047),(101,2048),(101,2049),(101,2050),(101,2051),(101,2052),(101,2053),(101,2054),(101,2055),(101,2056),(101,2057),(101,2058),(101,2059),(101,2060),(101,2061),(101,2062),(102,2000),(102,2001),(102,2002),(102,2003),(102,2004),(102,2005),(102,2006);
/*!40000 ALTER TABLE `sys_role_menu` ENABLE KEYS */;

--
-- Table structure for table `sys_user`
--

DROP TABLE IF EXISTS `sys_user`;
/*!40101 SET @saved_cs_client     = @@character_set_client */;
/*!50503 SET character_set_client = utf8mb4 */;
CREATE TABLE `sys_user` (
  `user_id` bigint NOT NULL AUTO_INCREMENT COMMENT '用户ID',
  `dept_id` bigint DEFAULT NULL COMMENT '部门ID',
  `user_name` varchar(30) NOT NULL COMMENT '用户账号',
  `nick_name` varchar(30) NOT NULL COMMENT '用户昵称',
  `user_type` varchar(2) DEFAULT '00' COMMENT '用户类型（00系统用户）',
  `email` varchar(50) DEFAULT '' COMMENT '用户邮箱',
  `phonenumber` varchar(11) DEFAULT '' COMMENT '手机号码',
  `sex` char(1) DEFAULT '0' COMMENT '用户性别（0男 1女 2未知）',
  `avatar` varchar(100) DEFAULT '' COMMENT '头像地址',
  `password` varchar(100) DEFAULT '' COMMENT '密码',
  `status` char(1) DEFAULT '0' COMMENT '帐号状态（0正常 1停用）',
  `del_flag` char(1) DEFAULT '0' COMMENT '删除标志（0代表存在 2代表删除）',
  `login_ip` varchar(50) DEFAULT '' COMMENT '最后登录IP',
  `login_date` datetime DEFAULT NULL COMMENT '最后登录时间',
  `create_by` varchar(64) DEFAULT '' COMMENT '创建者',
  `create_time` datetime DEFAULT NULL COMMENT '创建时间',
  `update_by` varchar(64) DEFAULT '' COMMENT '更新者',
  `update_time` datetime DEFAULT NULL COMMENT '更新时间',
  `remark` varchar(500) DEFAULT NULL COMMENT '备注',
  PRIMARY KEY (`user_id`)
) ENGINE=InnoDB AUTO_INCREMENT=173 DEFAULT CHARSET=utf8 COMMENT='用户信息表';
/*!40101 SET character_set_client = @saved_cs_client */;

--
-- Dumping data for table `sys_user`
--

/*!40000 ALTER TABLE `sys_user` DISABLE KEYS */;
INSERT INTO `sys_user` VALUES (1,103,'admin','**大学','00','11966506@163.com','15432432431','1','','$2a$10$7JB720yubVSZvUI0rEqK/.VqGOZTH.ulu33dHOiBE8ByOhJIrdAu2','0','0','127.0.0.1','2021-05-17 22:23:04','admin','2021-05-17 22:23:04','','2021-05-31 20:18:32','管理员'),(2,105,'test','测试','00','ry@qq.com','15666666666','1','','$2a$10$7JB720yubVSZvUI0rEqK/.VqGOZTH.ulu33dHOiBE8ByOhJIrdAu2','0','0','127.0.0.1','2021-05-17 22:23:04','admin','2021-05-17 22:23:04','',NULL,'测试员'),(3,NULL,'123324','搜狐媒体','00','897233@qq.com','13184523477','0','','$2a$10$ByNDIJTzOXFldmTBnh5.sOwzZriUhr90wdR6Em.lt4eWB.4ozqcOK','0','0','',NULL,'admin',NULL,'admin',NULL,NULL),(4,NULL,'123325','京东','00','897234@qq.com','13184523476','0','','$2a$10$ByNDIJTzOXFldmTBnh5.sOwzZriUhr90wdR6Em.lt4eWB.4ozqcOK','0','0','',NULL,'admin',NULL,'admin',NULL,NULL),(5,NULL,'123326','网易','00','897235@qq.com','13184523475','0','','$2a$10$ByNDIJTzOXFldmTBnh5.sOwzZriUhr90wdR6Em.lt4eWB.4ozqcOK','0','0','',NULL,'admin',NULL,'admin',NULL,NULL),(101,NULL,'123327','福州科技有限公司','00','897236@qq.com','18250014239','0','','$2a$10$ByNDIJTzOXFldmTBnh5.sOwzZriUhr90wdR6Em.lt4eWB.4ozqcOK','0','0','',NULL,'admin',NULL,'admin',NULL,NULL),(103,NULL,'root','123123123','00','4@qq.com','13181351311','0','','$2a$10$MPgGiFGrW.J69fs3o/3Pb.04PxX.5jwCOqGQVm82FXg.P3L16uOVS','0','0','',NULL,'','2021-05-03 22:43:14','',NULL,NULL),(105,NULL,'123329','厦门有限公司','00','897238@qq.com','17777777777','0','','$2a$10$ByNDIJTzOXFldmTBnh5.sOwzZriUhr90wdR6Em.lt4eWB.4ozqcOK','0','0','',NULL,'admin',NULL,'admin',NULL,NULL),(106,NULL,'123320','漳州科技','00','897239@qq.com','15082301111','0','','$2a$10$ByNDIJTzOXFldmTBnh5.sOwzZriUhr90wdR6Em.lt4eWB.4ozqcOK','0','0','',NULL,'admin',NULL,'admin',NULL,NULL),(111,NULL,'123328','shandong','00','897237@qq.com','13181351311','0','','$2a$10$ByNDIJTzOXFldmTBnh5.sOwzZriUhr90wdR6Em.lt4eWB.4ozqcOK','0','0','',NULL,'admin',NULL,'admin',NULL,NULL),(114,NULL,'123310','龙岩科技','00','897202@qq.com','15090329188','0','','$2a$10$ByNDIJTzOXFldmTBnh5.sOwzZriUhr90wdR6Em.lt4eWB.4ozqcOK','0','0','',NULL,'admin',NULL,'admin',NULL,NULL),(118,NULL,'123321','福建金科有限公司','00','897234@qq.com','18514293987','0','','$2a$10$wZNckLiqOB8GQ/ZgSrFQ5u0Gq/HAv.uyOvIhvR9SiZQ.YG3z64Ls.','0','0','',NULL,'','2021-05-31 20:36:53','',NULL,NULL),(120,103,'3171905213','王山','00','1192650769@qq.com','18396301501','0','/profile/avatar/2021/06/09/6630d193-b3bc-4dc5-aee6-81e46ce40b06.jpeg','$2a$10$LULerr0cAvEZCTPb3hMUEeKY2Vczvu5l.BCyVY5Gybd5npggux8eq','0','0','',NULL,'admin','2021-05-31 21:00:59','',NULL,'无'),(121,103,'3171905201','李易峰','00','1192650760@qq.com','18396301500','0','','$2a$10$aNutzrXUPC2Em0bLFK87z./6EocKSbzbuhqfPRchyD24QHWC/1J3e','0','0','',NULL,'admin','2021-06-08 20:33:15','',NULL,NULL),(122,103,'3171905202','刘亦菲','00','1192650761@qq.com','18396301502','1','','$2a$10$Nsfo5J73R7iYcS1GeNa9rur90xfrMUu1BspjZsNg0/cIkrYDKnQjK','0','0','',NULL,'admin','2021-06-08 20:34:46','',NULL,NULL),(123,103,'3171905203','蓝阿花','00','1192650762@qq.com','18396301503','1','','$2a$10$xnhpajUjzRPyBCdkbP15zuw1vXO9ruPnyYZvWJepC2pcflbpQQRF2','0','0','',NULL,'admin','2021-06-08 20:37:16','',NULL,NULL),(124,103,'3171905204','蓝花','00','1192650763@qq.com\n','18396301504','1','','$2a$10$xnhpajUjzRPyBCdkbP15zuw1vXO9ruPnyYZvWJepC2pcflbpQQRF2','0','0','',NULL,'admin\n',NULL,'',NULL,NULL),(125,103,'3171905205','蓝一华','00','1192650764@qq.com','18396301505','0','','$2a$10$zLL1s/wlwqNgikcAwK5HVOzqua67gRiayKKz.VIBpZWRY6S9e5HQK','0','0','',NULL,'admin','2021-06-08 21:49:22','admin','2021-06-08 22:00:51',NULL),(126,103,'3171905206','张三','00','1192650765@qq.com','18396301590','0','','$2a$10$DF380xfB.ChZidZIU4Db1eN3bAq2c9VOhiJ4lKSw0EimMTowWCfTa','0','0','',NULL,'admin','2021-06-08 21:49:23','admin','2021-06-08 22:01:35',NULL),(127,103,'3171905207','李四','00','1192650766@qq.com','18396301571','0','','$2a$10$VHxSKuGelpTaxRGaEsktVOM.9v8NcTyZt5SGmXar7De0gAKTxmq.m','0','0','',NULL,'admin','2021-06-08 21:49:23','admin','2021-06-08 22:02:27',NULL),(128,103,'3171905208','王五','00','1192650767@qq.com','18396301572','0','','$2a$10$eehHZTbWr4yrYytC7uY6heVSt69QnTbQvD8GIPQeXwhOts9dEvTG6','0','0','',NULL,'admin','2021-06-08 21:49:23','admin','2021-06-08 22:02:47',NULL),(129,103,'3171905209','赵六','00','1192650768@qq.com','18396301573','0','','$2a$10$eCrv1EOTE0TzvFMZvFR6ku0k7HrR0nTbdNmgNkb0F/ZO9ZDorBpbO','0','0','',NULL,'admin','2021-06-08 21:49:24','admin','2021-06-08 22:03:09',NULL),(130,103,'3171905210','谢娜','00','1192650710@qq.com','18396301508','1','','$2a$10$kcN8YfaTWS8FT8aW.bV86uie9I5jTbbxnnLGBAw0CecMUYE8P5Fqi','0','0','',NULL,'admin','2021-06-08 21:49:24','admin','2021-06-08 22:04:52',NULL),(131,103,'3171905211','苏渝琪','00','1192650770@qq.com','18396301509','1','','$2a$10$xx63CMQ5MifA9PB.Scf4X.xPPRDLYh8Byyf3RiSEmKl33ecLYNZfC','0','0','',NULL,'admin','2021-06-08 21:49:24','admin','2021-06-08 22:05:14',NULL),(132,103,'3171905212','邓超','00','1192650771@qq.com','18396301510','0','','$2a$10$QGIjigPpYqKdMpvNeutZIO6q3P9Qdy2oajHeiOpYcyA6pO.Bxsvc6','0','0','',NULL,'admin','2021-06-08 21:49:25','admin','2021-06-08 22:05:32',NULL),(134,103,'3171905214','周杰伦','00','1192650773@qq.com','18396301512','0','','$2a$10$PaGvoX.iLvQE8i0TyED2QuA5KLQWZsnpTfFi9lcWzU21qKfIk4fOq','0','0','',NULL,'admin','2021-06-08 21:49:25','admin','2021-06-08 22:05:43',NULL),(135,103,'3171905215','周杰','00','1192650774@qq.com','18396301513','0','','$2a$10$nGwOfLYgP/XpAPjbSsoEyeZO.a4PahSgCjeIXY9IhJQBCzIpSokA6','0','0','',NULL,'admin','2021-06-08 21:49:26','admin','2021-06-08 22:05:58',NULL),(136,103,'3171905216','邱月','00','1192650775@qq.com','18396301514','0','','$2a$10$XC5tVx6h2hnZctVmV1pPdOgZNh2/rTXUGkLfTknHFvheGHwZVkeG2','0','0','',NULL,'admin','2021-06-08 21:49:26','admin','2021-06-08 22:06:11',NULL),(137,103,'3171905217','蓝树琴','00','1192650776@qq.com','18396301515','1','','$2a$10$0fsUihvlhZHYIKgxVoJS7.U4Nwz8M535KJOlcwczPaSxcmww78w1K','0','0','',NULL,'admin','2021-06-08 21:49:26','admin','2021-06-08 22:06:20',NULL),(138,103,'3171905218','刘美琪','00','1192650777@qq.com','18396301516','1','','$2a$10$WIiWdX3hjD8HKkrYrIxBvebRGOsATggG94uBYHDiPo.eHUfjw7xUy','0','0','',NULL,'admin','2021-06-08 21:49:27','admin','2021-06-08 22:06:30',NULL),(139,103,'3171905219','刘凤英','00','1192650778@qq.com','18396301517','1','','$2a$10$64YKlgijD47J1l9wyfVsteRVVfYZh7OEmU519MtHbrIzxD5MTXB9y','0','0','',NULL,'admin','2021-06-08 21:49:27','admin','2021-06-08 22:06:39',NULL),(140,103,'3171905220','蓝凤英','00','1192650779@qq.com','18396301518','1','','$2a$10$ojTe2Xqd7G3ZdvdlpxTe6u0wVLkLqtwyqW8QNPFFruzlxK4zOm/TK','0','0','',NULL,'admin','2021-06-08 21:49:27','admin','2021-06-08 22:06:49',NULL),(141,103,'3171905221','蓝开远','00','1192650780@qq.com','18396301519','0','','$2a$10$cuF9NhMH2CqFLi2oEhmkiubKw5e8S34PdUJeFXx1AKizJW0L2XAdu','0','0','',NULL,'admin','2021-06-08 21:49:28','admin','2021-06-08 22:07:01',NULL),(142,103,'3171905222','张理学','00','1192650781@qq.com','18396301520','0','','$2a$10$gio47NKI.8Bq29Ce5p8.Duw8Z0zolCrMjOL4y2eoSbpN4Xyyd1OPW','0','0','',NULL,'admin','2021-06-08 21:49:28','admin','2021-06-08 22:07:13',NULL),(143,103,'3171905223','蓝耀斌','00','1192650782@qq.com','18396301521','0','','$2a$10$AmDKGRyN0IQoasS.Vx7G/OJF01MZh.jV1iUKjnNoShxGB4HISfplq','0','0','',NULL,'admin','2021-06-08 21:49:29','admin','2021-06-08 22:07:42',NULL),(144,103,'3171905224','刘松联','00','1192650783@qq.com','18396301522','0','','$2a$10$mUPRR2QYnsuomounAadgneIEbPokSOdQwhV7nWJA7hK82M6SGX/Ne','0','0','',NULL,'admin','2021-06-08 21:49:29','admin','2021-06-08 22:08:03',NULL),(145,103,'3171905225','刘长胜','00','1192650784@qq.com','18396301523','0','','$2a$10$zZOaZIsJjVIljE/sw8f.xuyl8D8F2fceHtTdB83PdR4B/yeUESLlO','0','0','',NULL,'admin','2021-06-08 21:49:29','admin','2021-06-08 22:07:51',NULL),(146,103,'3171905226','兰花龙','00','1192650785@qq.com','18396301524','0','','$2a$10$I56VHNq2AKUMIi2PxgQVQOTwC6XY82mCYNy9FbQYxeUuimsDQGara','0','0','',NULL,'admin','2021-06-08 21:49:30','admin','2021-06-08 22:08:12',NULL),(147,103,'3171905227','雷先梅','00','1192650786@qq.com','18396301525','1','','$2a$10$JRhe/2AMATHbTgmn5ZAfGeosV/cAJksifXT4kdDBXtTxurSOYxgia','0','0','',NULL,'admin','2021-06-08 21:49:30','admin','2021-06-08 22:08:21',NULL),(148,103,'3171905228','陈欣','00','1192650787@qq.com','18396301526','1','','$2a$10$ZXCJKYPy0uHnlW0dsCmMX.N7Y7gX0GO3zL/N0y.JbuWl7emsJ2nnG','0','0','',NULL,'admin','2021-06-08 21:49:31','admin','2021-06-08 22:08:29',NULL),(149,103,'3171905229','陈涛','00','1192650788@qq.com','18396301527','0','','$2a$10$hrllrJSh40kyBabx8VulfOhwYFSAfdg1zKefusAxF/FIDkVsI9NGu','0','0','',NULL,'admin','2021-06-08 21:49:31','admin','2021-06-08 22:08:39',NULL),(150,103,'3171905230','高翔','00','1192650789@qq.com','18396301528','1','','$2a$10$9nvu93kWauSl9izkP3m1heWbbVwkAkMqooXlWNcXGUv7bZRtOZNV.','0','0','',NULL,'admin','2021-06-08 21:49:31','admin','2021-06-08 22:08:47',NULL),(151,103,'3171905231','蓝学伟','00','1192650790@qq.com','18396301529','0','','$2a$10$ajaxyM/pmG63w4xXWl3qFOXWaHlziSSGKxUO2ASJVS9TsZnpLs9Ni','0','0','',NULL,'admin','2021-06-08 21:49:32','admin','2021-06-08 22:08:59',NULL),(152,103,'3171905232','李晓莲','00','1192650791@qq.com','18396301530','1','','$2a$10$K.ya4CBON.fcrEOEgrBTDeUhZ0vpVM7z95RFNB.iQvyMt8ZvATtNG','0','0','',NULL,'admin','2021-06-08 21:49:32','admin','2021-06-08 22:09:11',NULL),(153,103,'3171905233','蓝杭琴','00','1192650792@qq.com','18396301531','1','','$2a$10$7.INE0DuTyx/imVYn1XXiOMVQ7mzfy2zqcHwAlGrkCE/b6g3vkNom','0','0','',NULL,'admin','2021-06-08 21:49:32','admin','2021-06-08 22:09:23',NULL),(154,103,'3171905234','黄杭琴','00','1192650793@qq.com','18396301532','1','','$2a$10$I1q5ynIg5.f8o0bi/se5yeavy8fCMB4RGwX8HqVdZw0qpbJdLKDmi','0','0','',NULL,'admin','2021-06-08 21:49:33','admin','2021-06-08 22:09:34',NULL),(155,103,'3171905235','郭海标','00','1192650794@qq.com','18396301533','0','','$2a$10$2ZEhO/xWGaC8CwgBy0rlwOS.Mq4msT5lp.uvsljEMCJTnQ5rw4KQS','0','0','',NULL,'admin','2021-06-08 21:49:33','admin','2021-06-08 22:09:48',NULL),(156,103,'3171905236','郭锅','00','1192650795@qq.com','18396301534','0','','$2a$10$BbgOAhhYFb5ZotPIwz8pEee/kQFk4jfCekwwsgU8YPOBqQWRkiRUe','0','0','',NULL,'admin','2021-06-08 21:49:34','admin','2021-06-08 22:10:03',NULL),(157,103,'3171905237','林小志','00','1192650796@qq.com','18396301535','1','','$2a$10$1tmIaMuB/zdc3/S5bS1fPubMmcValShbwwFo9YwKQ3Twi9zX3DCZ2','0','0','',NULL,'admin','2021-06-08 21:49:34','admin','2021-06-08 22:10:22',NULL),(158,103,'3171905238','林志颖','00','1192650797@qq.com','18396301536','0','','$2a$10$1IPmEpV75fTZHjrTl2BN/eZboRqLKLFrg6wAUnw7KTB95ZK1S70hG','0','0','',NULL,'admin','2021-06-08 21:49:34','admin','2021-06-08 22:10:32',NULL),(159,103,'3171905239','林子','00','1192650798@qq.com','18396301537','0','','$2a$10$LlQd3BKgxZSqaNDsFUp8Tee/AFEhdWWelTsED9AjXg1X7JgCtgGJW','0','0','',NULL,'admin','2021-06-08 21:49:35','admin','2021-06-08 22:10:44',NULL),(160,103,'3171905240','蓝晶','00','1192650799@qq.com','18396301538','1','','$2a$10$.YPj/.3ZHO1KaknovtJwtOJNWSlmwA0UA7cshe4LyLjxp1m0J6S6W','0','0','',NULL,'admin','2021-06-08 21:49:35','admin','2021-06-08 22:10:52',NULL),(161,103,'3171905241','蓝蓝','00','1192650800@qq.com','18396301539','1','','$2a$10$EYgu35l4Ad6El9B704i1F.nJzQ3oFfOz9vAZhFevxs6Ch2KA/EbXm','0','0','',NULL,'admin','2021-06-08 21:49:35','admin','2021-06-08 22:11:06',NULL),(162,103,'3171905242','蓝含','00','1192650801@qq.com','18396301540','1','','$2a$10$cxO6HXD3qA/aF3s7Z8p83emW/ECn/iKaLtKJbKbFS4Cb2sloI1f4O','0','0','',NULL,'admin','2021-06-08 21:49:36','admin','2021-06-08 22:11:16',NULL),(163,103,'3171905243','陈涵','00','1192650802@qq.com','18396301541','1','','$2a$10$/KqlrX4xrvf5iu0.XzfEGu1UB8SbZ/xZqqhP2KbxF.4A1XEqD0owy','0','0','',NULL,'admin','2021-06-08 21:49:36','admin','2021-06-08 22:11:24',NULL),(164,103,'3171905244','钟志斌','00','1192650803@qq.com','18396301542','0','','$2a$10$qz5PTp1fB72cURsQsRTlvuFGAZy9XK4xK43wEmctqqtvG37lLMGGm','0','0','',NULL,'admin','2021-06-08 21:49:36','admin','2021-06-08 22:11:33',NULL),(165,103,'3171905245','李林南','00','1192650804@qq.com','18396301543','0','','$2a$10$ON96e4JAMHVu.ibXamXY.up6inXNzvl0FVqXlc29CHwUkr1E3xWqm','0','0','',NULL,'admin','2021-06-08 21:49:37','admin','2021-06-08 22:11:43',NULL),(166,103,'3171905246','吴华','00','1192650805@qq.com','18396301544','1','','$2a$10$eGPidJx.92/pHP2u7hU2f.7z8YzybXMwE/Qz4ZCbLPKfwOcx13oTm','0','0','',NULL,'admin','2021-06-08 21:49:37','admin','2021-06-08 22:11:51',NULL),(167,103,'3171905247','刘华一','00','1192650806@qq.com','18396301545','0','','$2a$10$LKdKtPhOOEjzQfiLil2KR.cGDgW7CxJzgqJqD2eEMDcDcs.6h3Zk.','0','0','',NULL,'admin','2021-06-08 21:49:37','admin','2021-06-08 22:12:07',NULL),(168,103,'3171905248','王浩名','00','1192650807@qq.com','18396301546','0','','$2a$10$ByNDIJTzOXFldmTBnh5.sOwzZriUhr90wdR6Em.lt4eWB.4ozqcOK','0','0','',NULL,'admin','2021-06-08 21:49:38','admin','2021-06-08 22:12:16',NULL),(169,NULL,'123322','福建龙州有限公司','00','897231@qq.com','18514293980','1','','$2a$10$ByNDIJTzOXFldmTBnh5.sOwzZriUhr90wdR6Em.lt4eWB.4ozqcOK','0','0','',NULL,'admin',NULL,'admin\n',NULL,NULL),(170,NULL,'123323','厦门金华有限公司','00','897232@qq.com','18514293981','1','','$2a$10$ByNDIJTzOXFldmTBnh5.sOwzZriUhr90wdR6Em.lt4eWB.4ozqcOK','0','0','',NULL,'admin',NULL,'admin',NULL,NULL),(171,NULL,'123421','福州博思','00','45321451@qq.com','15080238167','0','/profile/avatar/2021/06/09/b0e5dd9d-5d21-4afe-a711-29d67eb3e63d.jpeg','$2a$10$EYOg6EZOYMJtRY98wEgyruaFhR7D4gvxPcMfvd5tX5zInCJo66K1e','0','0','',NULL,'','2021-06-09 12:06:39','',NULL,NULL),(172,NULL,'123987','福州顶点科技','00','1192650821@qq.com','15080239188','0','','$2a$10$kq0nr/GdTLL1.8R/yh7zRe7T/JYiHFuUDAgbDJ80WNlkW5vcDGVQy','0','0','',NULL,'','2021-06-10 11:13:26','',NULL,NULL);
/*!40000 ALTER TABLE `sys_user` ENABLE KEYS */;

--
-- Table structure for table `sys_user_post`
--

DROP TABLE IF EXISTS `sys_user_post`;
/*!40101 SET @saved_cs_client     = @@character_set_client */;
/*!50503 SET character_set_client = utf8mb4 */;
CREATE TABLE `sys_user_post` (
  `user_id` bigint NOT NULL COMMENT '用户ID',
  `post_id` bigint NOT NULL COMMENT '岗位ID',
  PRIMARY KEY (`user_id`,`post_id`)
) ENGINE=InnoDB DEFAULT CHARSET=utf8 COMMENT='用户与岗位关联表';
/*!40101 SET character_set_client = @saved_cs_client */;

--
-- Dumping data for table `sys_user_post`
--

/*!40000 ALTER TABLE `sys_user_post` DISABLE KEYS */;
INSERT INTO `sys_user_post` VALUES (1,1),(2,2),(100,1),(103,1),(114,1),(116,1),(118,1),(119,1),(171,1),(172,1);
/*!40000 ALTER TABLE `sys_user_post` ENABLE KEYS */;

--
-- Table structure for table `sys_user_role`
--

DROP TABLE IF EXISTS `sys_user_role`;
/*!40101 SET @saved_cs_client     = @@character_set_client */;
/*!50503 SET character_set_client = utf8mb4 */;
CREATE TABLE `sys_user_role` (
  `user_id` bigint NOT NULL COMMENT '用户ID',
  `role_id` bigint NOT NULL COMMENT '角色ID',
  PRIMARY KEY (`user_id`,`role_id`)
) ENGINE=InnoDB DEFAULT CHARSET=utf8 COMMENT='用户和角色关联表';
/*!40101 SET character_set_client = @saved_cs_client */;

--
-- Dumping data for table `sys_user_role`
--

/*!40000 ALTER TABLE `sys_user_role` DISABLE KEYS */;
INSERT INTO `sys_user_role` VALUES (1,1),(2,102),(3,102),(100,100),(101,100),(103,100),(105,102),(106,100),(107,101),(112,101),(114,100),(115,101),(116,100),(117,101),(118,100),(119,102),(120,101),(121,101),(122,101),(123,101),(124,101),(125,101),(126,101),(127,101),(128,101),(129,101),(130,101),(131,101),(132,101),(133,101),(134,101),(135,101),(136,101),(137,101),(138,101),(139,101),(140,101),(141,101),(142,101),(143,101),(144,101),(145,101),(146,101),(147,101),(148,101),(149,101),(150,101),(151,101),(152,101),(153,101),(154,101),(155,101),(156,101),(157,101),(158,101),(159,101),(160,101),(161,101),(162,101),(163,101),(164,101),(165,101),(166,101),(167,101),(168,101),(169,102),(171,100),(172,100);
/*!40000 ALTER TABLE `sys_user_role` ENABLE KEYS */;
/*!40103 SET TIME_ZONE=@OLD_TIME_ZONE */;

/*!40101 SET SQL_MODE=@OLD_SQL_MODE */;
/*!40014 SET FOREIGN_KEY_CHECKS=@OLD_FOREIGN_KEY_CHECKS */;
/*!40014 SET UNIQUE_CHECKS=@OLD_UNIQUE_CHECKS */;
/*!40101 SET CHARACTER_SET_CLIENT=@OLD_CHARACTER_SET_CLIENT */;
/*!40101 SET CHARACTER_SET_RESULTS=@OLD_CHARACTER_SET_RESULTS */;
/*!40101 SET COLLATION_CONNECTION=@OLD_COLLATION_CONNECTION */;
/*!40111 SET SQL_NOTES=@OLD_SQL_NOTES */;

-- Dump completed on 2021-07-18 17:46:39
